ISO-10303-21;
HEADER;
/* Generated by software containing ST-Developer
 * from STEP Tools, Inc. (www.steptools.com) 
 */

FILE_DESCRIPTION(
/* description */ (''),
/* implementation_level */ '2;1');

FILE_NAME(
/* name */ 'Waist_t3_CAM.stp',
/* time_stamp */ '2025-07-17T23:38:56+09:00',
/* author */ ('rei_r'),
/* organization */ (''),
/* preprocessor_version */ 'ST-DEVELOPER v20.1',
/* originating_system */ 'Autodesk Inventor 2026',
/* authorisation */ '');

FILE_SCHEMA (('AUTOMOTIVE_DESIGN { 1 0 10303 214 3 1 1 }'));
ENDSEC;

DATA;
#10=MECHANICAL_DESIGN_GEOMETRIC_PRESENTATION_REPRESENTATION('',(#29,#30,
#31),#3156);
#11=ITEM_DEFINED_TRANSFORMATION($,$,#1880,#2088);
#12=ITEM_DEFINED_TRANSFORMATION($,$,#1935,#2089);
#13=ITEM_DEFINED_TRANSFORMATION($,$,#2067,#2090);
#14=(
REPRESENTATION_RELATIONSHIP($,$,#3173,#3172)
REPRESENTATION_RELATIONSHIP_WITH_TRANSFORMATION(#11)
SHAPE_REPRESENTATION_RELATIONSHIP()
);
#15=(
REPRESENTATION_RELATIONSHIP($,$,#3174,#3172)
REPRESENTATION_RELATIONSHIP_WITH_TRANSFORMATION(#12)
SHAPE_REPRESENTATION_RELATIONSHIP()
);
#16=(
REPRESENTATION_RELATIONSHIP($,$,#3175,#3172)
REPRESENTATION_RELATIONSHIP_WITH_TRANSFORMATION(#13)
SHAPE_REPRESENTATION_RELATIONSHIP()
);
#17=CONTEXT_DEPENDENT_SHAPE_REPRESENTATION(#14,#3169);
#18=CONTEXT_DEPENDENT_SHAPE_REPRESENTATION(#15,#3170);
#19=CONTEXT_DEPENDENT_SHAPE_REPRESENTATION(#16,#3171);
#20=NEXT_ASSEMBLY_USAGE_OCCURRENCE('waist_2:1','waist_2:1','waist_2:1',
#3177,#3178,'waist_2:1');
#21=NEXT_ASSEMBLY_USAGE_OCCURRENCE('waist:1','waist:1','waist:1',#3177,
#3179,'waist:1');
#22=NEXT_ASSEMBLY_USAGE_OCCURRENCE('servo_horn_spacer:1',
'servo_horn_spacer:1','servo_horn_spacer:1',#3177,#3180,
'servo_horn_spacer:1');
#23=SHAPE_REPRESENTATION_RELATIONSHIP('SRR','None',#3173,#26);
#24=SHAPE_REPRESENTATION_RELATIONSHIP('SRR','None',#3174,#27);
#25=SHAPE_REPRESENTATION_RELATIONSHIP('SRR','None',#3175,#28);
#26=ADVANCED_BREP_SHAPE_REPRESENTATION('',(#32),#3153);
#27=ADVANCED_BREP_SHAPE_REPRESENTATION('',(#33),#3154);
#28=ADVANCED_BREP_SHAPE_REPRESENTATION('',(#34),#3155);
#29=STYLED_ITEM('',(#1846),#32);
#30=STYLED_ITEM('',(#1846),#33);
#31=STYLED_ITEM('',(#1846),#34);
#32=MANIFOLD_SOLID_BREP('\X2\30BD30EA30C330C9\X0\1',#1806);
#33=MANIFOLD_SOLID_BREP('\X2\30BD30EA30C330C9\X0\1',#1807);
#34=MANIFOLD_SOLID_BREP('\X2\30BD30EA30C330C9\X0\1',#1808);
#35=FACE_BOUND('',#239,.T.);
#36=FACE_BOUND('',#243,.T.);
#37=FACE_BOUND('',#247,.T.);
#38=FACE_BOUND('',#251,.T.);
#39=FACE_BOUND('',#260,.T.);
#40=FACE_BOUND('',#261,.T.);
#41=FACE_BOUND('',#262,.T.);
#42=FACE_BOUND('',#263,.T.);
#43=FACE_BOUND('',#264,.T.);
#44=FACE_BOUND('',#265,.T.);
#45=FACE_BOUND('',#266,.T.);
#46=FACE_BOUND('',#267,.T.);
#47=FACE_BOUND('',#268,.T.);
#48=FACE_BOUND('',#269,.T.);
#49=FACE_BOUND('',#271,.T.);
#50=FACE_BOUND('',#272,.T.);
#51=FACE_BOUND('',#273,.T.);
#52=FACE_BOUND('',#274,.T.);
#53=FACE_BOUND('',#275,.T.);
#54=FACE_BOUND('',#276,.T.);
#55=FACE_BOUND('',#277,.T.);
#56=FACE_BOUND('',#278,.T.);
#57=FACE_BOUND('',#279,.T.);
#58=FACE_BOUND('',#280,.T.);
#59=FACE_BOUND('',#292,.T.);
#60=FACE_BOUND('',#293,.T.);
#61=FACE_BOUND('',#294,.T.);
#62=FACE_BOUND('',#295,.T.);
#63=FACE_BOUND('',#296,.T.);
#64=FACE_BOUND('',#297,.T.);
#65=FACE_BOUND('',#298,.T.);
#66=FACE_BOUND('',#299,.T.);
#67=FACE_BOUND('',#300,.T.);
#68=FACE_BOUND('',#301,.T.);
#69=FACE_BOUND('',#302,.T.);
#70=FACE_BOUND('',#303,.T.);
#71=FACE_BOUND('',#304,.T.);
#72=FACE_BOUND('',#305,.T.);
#73=FACE_BOUND('',#306,.T.);
#74=FACE_BOUND('',#310,.T.);
#75=FACE_BOUND('',#311,.T.);
#76=FACE_BOUND('',#312,.T.);
#77=FACE_BOUND('',#313,.T.);
#78=FACE_BOUND('',#314,.T.);
#79=FACE_BOUND('',#315,.T.);
#80=FACE_BOUND('',#316,.T.);
#81=FACE_BOUND('',#317,.T.);
#82=FACE_BOUND('',#318,.T.);
#83=FACE_BOUND('',#319,.T.);
#84=FACE_BOUND('',#320,.T.);
#85=FACE_BOUND('',#321,.T.);
#86=FACE_BOUND('',#322,.T.);
#87=FACE_BOUND('',#323,.T.);
#88=FACE_BOUND('',#324,.T.);
#89=FACE_BOUND('',#325,.T.);
#90=FACE_BOUND('',#326,.T.);
#91=FACE_BOUND('',#327,.T.);
#92=FACE_BOUND('',#328,.T.);
#93=FACE_BOUND('',#355,.T.);
#94=FACE_BOUND('',#356,.T.);
#95=FACE_BOUND('',#358,.T.);
#96=FACE_BOUND('',#359,.T.);
#97=FACE_BOUND('',#385,.T.);
#98=FACE_BOUND('',#386,.T.);
#99=FACE_BOUND('',#387,.T.);
#100=FACE_BOUND('',#388,.T.);
#101=FACE_BOUND('',#389,.T.);
#102=FACE_BOUND('',#391,.T.);
#103=FACE_BOUND('',#392,.T.);
#104=FACE_BOUND('',#393,.T.);
#105=FACE_BOUND('',#394,.T.);
#106=FACE_BOUND('',#395,.T.);
#107=PLANE('',#1896);
#108=PLANE('',#1903);
#109=PLANE('',#1910);
#110=PLANE('',#1917);
#111=PLANE('',#1927);
#112=PLANE('',#1931);
#113=PLANE('',#1932);
#114=PLANE('',#1933);
#115=PLANE('',#1934);
#116=PLANE('',#1957);
#117=PLANE('',#1961);
#118=PLANE('',#1962);
#119=PLANE('',#1988);
#120=PLANE('',#1989);
#121=PLANE('',#2017);
#122=PLANE('',#2023);
#123=PLANE('',#2025);
#124=PLANE('',#2027);
#125=PLANE('',#2029);
#126=PLANE('',#2031);
#127=PLANE('',#2033);
#128=PLANE('',#2035);
#129=PLANE('',#2037);
#130=PLANE('',#2038);
#131=PLANE('',#2039);
#132=PLANE('',#2040);
#133=PLANE('',#2041);
#134=PLANE('',#2045);
#135=PLANE('',#2049);
#136=PLANE('',#2050);
#137=PLANE('',#2056);
#138=PLANE('',#2065);
#139=PLANE('',#2066);
#140=PLANE('',#2086);
#141=PLANE('',#2087);
#142=FACE_OUTER_BOUND('',#233,.T.);
#143=FACE_OUTER_BOUND('',#234,.T.);
#144=FACE_OUTER_BOUND('',#235,.T.);
#145=FACE_OUTER_BOUND('',#236,.T.);
#146=FACE_OUTER_BOUND('',#237,.T.);
#147=FACE_OUTER_BOUND('',#238,.T.);
#148=FACE_OUTER_BOUND('',#240,.T.);
#149=FACE_OUTER_BOUND('',#241,.T.);
#150=FACE_OUTER_BOUND('',#242,.T.);
#151=FACE_OUTER_BOUND('',#244,.T.);
#152=FACE_OUTER_BOUND('',#245,.T.);
#153=FACE_OUTER_BOUND('',#246,.T.);
#154=FACE_OUTER_BOUND('',#248,.T.);
#155=FACE_OUTER_BOUND('',#249,.T.);
#156=FACE_OUTER_BOUND('',#250,.T.);
#157=FACE_OUTER_BOUND('',#252,.T.);
#158=FACE_OUTER_BOUND('',#253,.T.);
#159=FACE_OUTER_BOUND('',#254,.T.);
#160=FACE_OUTER_BOUND('',#255,.T.);
#161=FACE_OUTER_BOUND('',#256,.T.);
#162=FACE_OUTER_BOUND('',#257,.T.);
#163=FACE_OUTER_BOUND('',#258,.T.);
#164=FACE_OUTER_BOUND('',#259,.T.);
#165=FACE_OUTER_BOUND('',#270,.T.);
#166=FACE_OUTER_BOUND('',#281,.T.);
#167=FACE_OUTER_BOUND('',#282,.T.);
#168=FACE_OUTER_BOUND('',#283,.T.);
#169=FACE_OUTER_BOUND('',#284,.T.);
#170=FACE_OUTER_BOUND('',#285,.T.);
#171=FACE_OUTER_BOUND('',#286,.T.);
#172=FACE_OUTER_BOUND('',#287,.T.);
#173=FACE_OUTER_BOUND('',#288,.T.);
#174=FACE_OUTER_BOUND('',#289,.T.);
#175=FACE_OUTER_BOUND('',#290,.T.);
#176=FACE_OUTER_BOUND('',#291,.T.);
#177=FACE_OUTER_BOUND('',#307,.T.);
#178=FACE_OUTER_BOUND('',#308,.T.);
#179=FACE_OUTER_BOUND('',#309,.T.);
#180=FACE_OUTER_BOUND('',#329,.T.);
#181=FACE_OUTER_BOUND('',#330,.T.);
#182=FACE_OUTER_BOUND('',#331,.T.);
#183=FACE_OUTER_BOUND('',#332,.T.);
#184=FACE_OUTER_BOUND('',#333,.T.);
#185=FACE_OUTER_BOUND('',#334,.T.);
#186=FACE_OUTER_BOUND('',#335,.T.);
#187=FACE_OUTER_BOUND('',#336,.T.);
#188=FACE_OUTER_BOUND('',#337,.T.);
#189=FACE_OUTER_BOUND('',#338,.T.);
#190=FACE_OUTER_BOUND('',#339,.T.);
#191=FACE_OUTER_BOUND('',#340,.T.);
#192=FACE_OUTER_BOUND('',#341,.T.);
#193=FACE_OUTER_BOUND('',#342,.T.);
#194=FACE_OUTER_BOUND('',#343,.T.);
#195=FACE_OUTER_BOUND('',#344,.T.);
#196=FACE_OUTER_BOUND('',#345,.T.);
#197=FACE_OUTER_BOUND('',#346,.T.);
#198=FACE_OUTER_BOUND('',#347,.T.);
#199=FACE_OUTER_BOUND('',#348,.T.);
#200=FACE_OUTER_BOUND('',#349,.T.);
#201=FACE_OUTER_BOUND('',#350,.T.);
#202=FACE_OUTER_BOUND('',#351,.T.);
#203=FACE_OUTER_BOUND('',#352,.T.);
#204=FACE_OUTER_BOUND('',#353,.T.);
#205=FACE_OUTER_BOUND('',#354,.T.);
#206=FACE_OUTER_BOUND('',#357,.T.);
#207=FACE_OUTER_BOUND('',#360,.T.);
#208=FACE_OUTER_BOUND('',#361,.T.);
#209=FACE_OUTER_BOUND('',#362,.T.);
#210=FACE_OUTER_BOUND('',#363,.T.);
#211=FACE_OUTER_BOUND('',#364,.T.);
#212=FACE_OUTER_BOUND('',#365,.T.);
#213=FACE_OUTER_BOUND('',#366,.T.);
#214=FACE_OUTER_BOUND('',#367,.T.);
#215=FACE_OUTER_BOUND('',#368,.T.);
#216=FACE_OUTER_BOUND('',#369,.T.);
#217=FACE_OUTER_BOUND('',#370,.T.);
#218=FACE_OUTER_BOUND('',#371,.T.);
#219=FACE_OUTER_BOUND('',#372,.T.);
#220=FACE_OUTER_BOUND('',#373,.T.);
#221=FACE_OUTER_BOUND('',#374,.T.);
#222=FACE_OUTER_BOUND('',#375,.T.);
#223=FACE_OUTER_BOUND('',#376,.T.);
#224=FACE_OUTER_BOUND('',#377,.T.);
#225=FACE_OUTER_BOUND('',#378,.T.);
#226=FACE_OUTER_BOUND('',#379,.T.);
#227=FACE_OUTER_BOUND('',#380,.T.);
#228=FACE_OUTER_BOUND('',#381,.T.);
#229=FACE_OUTER_BOUND('',#382,.T.);
#230=FACE_OUTER_BOUND('',#383,.T.);
#231=FACE_OUTER_BOUND('',#384,.T.);
#232=FACE_OUTER_BOUND('',#390,.T.);
#233=EDGE_LOOP('',(#1173,#1174,#1175,#1176));
#234=EDGE_LOOP('',(#1177,#1178,#1179,#1180));
#235=EDGE_LOOP('',(#1181,#1182,#1183,#1184));
#236=EDGE_LOOP('',(#1185,#1186,#1187,#1188));
#237=EDGE_LOOP('',(#1189,#1190,#1191,#1192));
#238=EDGE_LOOP('',(#1193));
#239=EDGE_LOOP('',(#1194));
#240=EDGE_LOOP('',(#1195,#1196,#1197,#1198));
#241=EDGE_LOOP('',(#1199,#1200,#1201,#1202));
#242=EDGE_LOOP('',(#1203));
#243=EDGE_LOOP('',(#1204));
#244=EDGE_LOOP('',(#1205,#1206,#1207,#1208));
#245=EDGE_LOOP('',(#1209,#1210,#1211,#1212));
#246=EDGE_LOOP('',(#1213));
#247=EDGE_LOOP('',(#1214));
#248=EDGE_LOOP('',(#1215,#1216,#1217,#1218));
#249=EDGE_LOOP('',(#1219,#1220,#1221,#1222));
#250=EDGE_LOOP('',(#1223));
#251=EDGE_LOOP('',(#1224));
#252=EDGE_LOOP('',(#1225,#1226,#1227,#1228));
#253=EDGE_LOOP('',(#1229,#1230,#1231,#1232));
#254=EDGE_LOOP('',(#1233,#1234,#1235,#1236));
#255=EDGE_LOOP('',(#1237,#1238,#1239,#1240));
#256=EDGE_LOOP('',(#1241,#1242,#1243,#1244));
#257=EDGE_LOOP('',(#1245,#1246,#1247,#1248));
#258=EDGE_LOOP('',(#1249,#1250,#1251,#1252));
#259=EDGE_LOOP('',(#1253,#1254,#1255,#1256));
#260=EDGE_LOOP('',(#1257));
#261=EDGE_LOOP('',(#1258));
#262=EDGE_LOOP('',(#1259));
#263=EDGE_LOOP('',(#1260));
#264=EDGE_LOOP('',(#1261));
#265=EDGE_LOOP('',(#1262));
#266=EDGE_LOOP('',(#1263));
#267=EDGE_LOOP('',(#1264));
#268=EDGE_LOOP('',(#1265));
#269=EDGE_LOOP('',(#1266));
#270=EDGE_LOOP('',(#1267,#1268,#1269,#1270));
#271=EDGE_LOOP('',(#1271));
#272=EDGE_LOOP('',(#1272));
#273=EDGE_LOOP('',(#1273));
#274=EDGE_LOOP('',(#1274));
#275=EDGE_LOOP('',(#1275));
#276=EDGE_LOOP('',(#1276));
#277=EDGE_LOOP('',(#1277));
#278=EDGE_LOOP('',(#1278));
#279=EDGE_LOOP('',(#1279));
#280=EDGE_LOOP('',(#1280));
#281=EDGE_LOOP('',(#1281,#1282,#1283,#1284));
#282=EDGE_LOOP('',(#1285,#1286,#1287,#1288));
#283=EDGE_LOOP('',(#1289,#1290,#1291,#1292));
#284=EDGE_LOOP('',(#1293,#1294,#1295,#1296));
#285=EDGE_LOOP('',(#1297,#1298,#1299,#1300));
#286=EDGE_LOOP('',(#1301,#1302,#1303,#1304));
#287=EDGE_LOOP('',(#1305,#1306,#1307,#1308));
#288=EDGE_LOOP('',(#1309,#1310,#1311,#1312));
#289=EDGE_LOOP('',(#1313,#1314,#1315,#1316));
#290=EDGE_LOOP('',(#1317,#1318,#1319,#1320,#1321,#1322));
#291=EDGE_LOOP('',(#1323,#1324,#1325,#1326,#1327,#1328,#1329,#1330,#1331,
#1332,#1333,#1334,#1335,#1336,#1337,#1338,#1339,#1340,#1341,#1342));
#292=EDGE_LOOP('',(#1343));
#293=EDGE_LOOP('',(#1344));
#294=EDGE_LOOP('',(#1345));
#295=EDGE_LOOP('',(#1346));
#296=EDGE_LOOP('',(#1347));
#297=EDGE_LOOP('',(#1348));
#298=EDGE_LOOP('',(#1349));
#299=EDGE_LOOP('',(#1350));
#300=EDGE_LOOP('',(#1351));
#301=EDGE_LOOP('',(#1352));
#302=EDGE_LOOP('',(#1353));
#303=EDGE_LOOP('',(#1354));
#304=EDGE_LOOP('',(#1355));
#305=EDGE_LOOP('',(#1356,#1357,#1358,#1359,#1360,#1361,#1362,#1363));
#306=EDGE_LOOP('',(#1364,#1365,#1366,#1367,#1368,#1369,#1370,#1371));
#307=EDGE_LOOP('',(#1372,#1373,#1374,#1375));
#308=EDGE_LOOP('',(#1376,#1377,#1378,#1379));
#309=EDGE_LOOP('',(#1380,#1381,#1382,#1383,#1384,#1385,#1386,#1387,#1388,
#1389,#1390,#1391,#1392,#1393,#1394,#1395));
#310=EDGE_LOOP('',(#1396));
#311=EDGE_LOOP('',(#1397));
#312=EDGE_LOOP('',(#1398));
#313=EDGE_LOOP('',(#1399));
#314=EDGE_LOOP('',(#1400));
#315=EDGE_LOOP('',(#1401));
#316=EDGE_LOOP('',(#1402));
#317=EDGE_LOOP('',(#1403));
#318=EDGE_LOOP('',(#1404));
#319=EDGE_LOOP('',(#1405));
#320=EDGE_LOOP('',(#1406));
#321=EDGE_LOOP('',(#1407));
#322=EDGE_LOOP('',(#1408));
#323=EDGE_LOOP('',(#1409,#1410,#1411,#1412,#1413,#1414,#1415,#1416));
#324=EDGE_LOOP('',(#1417));
#325=EDGE_LOOP('',(#1418));
#326=EDGE_LOOP('',(#1419,#1420,#1421,#1422,#1423,#1424,#1425,#1426));
#327=EDGE_LOOP('',(#1427));
#328=EDGE_LOOP('',(#1428));
#329=EDGE_LOOP('',(#1429,#1430,#1431,#1432));
#330=EDGE_LOOP('',(#1433,#1434,#1435,#1436));
#331=EDGE_LOOP('',(#1437,#1438,#1439,#1440));
#332=EDGE_LOOP('',(#1441,#1442,#1443,#1444));
#333=EDGE_LOOP('',(#1445,#1446,#1447,#1448));
#334=EDGE_LOOP('',(#1449,#1450,#1451,#1452));
#335=EDGE_LOOP('',(#1453,#1454,#1455,#1456));
#336=EDGE_LOOP('',(#1457,#1458,#1459,#1460));
#337=EDGE_LOOP('',(#1461,#1462,#1463,#1464));
#338=EDGE_LOOP('',(#1465,#1466,#1467,#1468));
#339=EDGE_LOOP('',(#1469,#1470,#1471,#1472));
#340=EDGE_LOOP('',(#1473,#1474,#1475,#1476));
#341=EDGE_LOOP('',(#1477,#1478,#1479,#1480));
#342=EDGE_LOOP('',(#1481,#1482,#1483,#1484));
#343=EDGE_LOOP('',(#1485,#1486,#1487,#1488));
#344=EDGE_LOOP('',(#1489,#1490,#1491,#1492));
#345=EDGE_LOOP('',(#1493,#1494,#1495,#1496));
#346=EDGE_LOOP('',(#1497,#1498,#1499,#1500));
#347=EDGE_LOOP('',(#1501,#1502,#1503,#1504));
#348=EDGE_LOOP('',(#1505,#1506,#1507,#1508));
#349=EDGE_LOOP('',(#1509,#1510,#1511,#1512));
#350=EDGE_LOOP('',(#1513,#1514,#1515,#1516));
#351=EDGE_LOOP('',(#1517,#1518,#1519,#1520));
#352=EDGE_LOOP('',(#1521,#1522,#1523,#1524));
#353=EDGE_LOOP('',(#1525,#1526,#1527,#1528));
#354=EDGE_LOOP('',(#1529,#1530,#1531,#1532,#1533,#1534));
#355=EDGE_LOOP('',(#1535));
#356=EDGE_LOOP('',(#1536));
#357=EDGE_LOOP('',(#1537,#1538,#1539,#1540,#1541,#1542));
#358=EDGE_LOOP('',(#1543));
#359=EDGE_LOOP('',(#1544));
#360=EDGE_LOOP('',(#1545,#1546,#1547,#1548));
#361=EDGE_LOOP('',(#1549,#1550,#1551,#1552));
#362=EDGE_LOOP('',(#1553,#1554,#1555,#1556,#1557,#1558,#1559,#1560));
#363=EDGE_LOOP('',(#1561,#1562,#1563,#1564));
#364=EDGE_LOOP('',(#1565,#1566,#1567,#1568));
#365=EDGE_LOOP('',(#1569,#1570,#1571,#1572));
#366=EDGE_LOOP('',(#1573,#1574,#1575,#1576));
#367=EDGE_LOOP('',(#1577,#1578,#1579,#1580,#1581,#1582));
#368=EDGE_LOOP('',(#1583,#1584,#1585,#1586));
#369=EDGE_LOOP('',(#1587,#1588,#1589,#1590));
#370=EDGE_LOOP('',(#1591,#1592,#1593,#1594));
#371=EDGE_LOOP('',(#1595,#1596,#1597,#1598));
#372=EDGE_LOOP('',(#1599,#1600,#1601,#1602));
#373=EDGE_LOOP('',(#1603,#1604,#1605,#1606));
#374=EDGE_LOOP('',(#1607,#1608,#1609,#1610));
#375=EDGE_LOOP('',(#1611,#1612,#1613,#1614));
#376=EDGE_LOOP('',(#1615,#1616,#1617,#1618));
#377=EDGE_LOOP('',(#1619,#1620,#1621,#1622));
#378=EDGE_LOOP('',(#1623,#1624,#1625,#1626));
#379=EDGE_LOOP('',(#1627,#1628,#1629,#1630));
#380=EDGE_LOOP('',(#1631,#1632,#1633,#1634));
#381=EDGE_LOOP('',(#1635,#1636,#1637,#1638));
#382=EDGE_LOOP('',(#1639,#1640,#1641,#1642));
#383=EDGE_LOOP('',(#1643,#1644,#1645,#1646));
#384=EDGE_LOOP('',(#1647));
#385=EDGE_LOOP('',(#1648));
#386=EDGE_LOOP('',(#1649));
#387=EDGE_LOOP('',(#1650));
#388=EDGE_LOOP('',(#1651));
#389=EDGE_LOOP('',(#1652));
#390=EDGE_LOOP('',(#1653));
#391=EDGE_LOOP('',(#1654));
#392=EDGE_LOOP('',(#1655));
#393=EDGE_LOOP('',(#1656));
#394=EDGE_LOOP('',(#1657));
#395=EDGE_LOOP('',(#1658));
#396=LINE('',#2650,#525);
#397=LINE('',#2656,#526);
#398=LINE('',#2662,#527);
#399=LINE('',#2668,#528);
#400=LINE('',#2674,#529);
#401=LINE('',#2684,#530);
#402=LINE('',#2687,#531);
#403=LINE('',#2697,#532);
#404=LINE('',#2700,#533);
#405=LINE('',#2710,#534);
#406=LINE('',#2713,#535);
#407=LINE('',#2723,#536);
#408=LINE('',#2726,#537);
#409=LINE('',#2732,#538);
#410=LINE('',#2737,#539);
#411=LINE('',#2739,#540);
#412=LINE('',#2741,#541);
#413=LINE('',#2742,#542);
#414=LINE('',#2748,#543);
#415=LINE('',#2751,#544);
#416=LINE('',#2753,#545);
#417=LINE('',#2754,#546);
#418=LINE('',#2756,#547);
#419=LINE('',#2757,#548);
#420=LINE('',#2765,#549);
#421=LINE('',#2771,#550);
#422=LINE('',#2777,#551);
#423=LINE('',#2783,#552);
#424=LINE('',#2789,#553);
#425=LINE('',#2796,#554);
#426=LINE('',#2799,#555);
#427=LINE('',#2803,#556);
#428=LINE('',#2807,#557);
#429=LINE('',#2811,#558);
#430=LINE('',#2813,#559);
#431=LINE('',#2814,#560);
#432=LINE('',#2820,#561);
#433=LINE('',#2823,#562);
#434=LINE('',#2826,#563);
#435=LINE('',#2828,#564);
#436=LINE('',#2830,#565);
#437=LINE('',#2832,#566);
#438=LINE('',#2833,#567);
#439=LINE('',#2836,#568);
#440=LINE('',#2839,#569);
#441=LINE('',#2840,#570);
#442=LINE('',#2842,#571);
#443=LINE('',#2846,#572);
#444=LINE('',#2854,#573);
#445=LINE('',#2858,#574);
#446=LINE('',#2861,#575);
#447=LINE('',#2880,#576);
#448=LINE('',#2884,#577);
#449=LINE('',#2888,#578);
#450=LINE('',#2892,#579);
#451=LINE('',#2896,#580);
#452=LINE('',#2900,#581);
#453=LINE('',#2904,#582);
#454=LINE('',#2908,#583);
#455=LINE('',#2914,#584);
#456=LINE('',#2915,#585);
#457=LINE('',#2918,#586);
#458=LINE('',#2919,#587);
#459=LINE('',#2922,#588);
#460=LINE('',#2926,#589);
#461=LINE('',#2928,#590);
#462=LINE('',#2932,#591);
#463=LINE('',#2936,#592);
#464=LINE('',#2942,#593);
#465=LINE('',#2961,#594);
#466=LINE('',#2965,#595);
#467=LINE('',#2969,#596);
#468=LINE('',#2973,#597);
#469=LINE('',#2981,#598);
#470=LINE('',#2985,#599);
#471=LINE('',#2989,#600);
#472=LINE('',#2993,#601);
#473=LINE('',#3000,#602);
#474=LINE('',#3001,#603);
#475=LINE('',#3003,#604);
#476=LINE('',#3005,#605);
#477=LINE('',#3007,#606);
#478=LINE('',#3009,#607);
#479=LINE('',#3011,#608);
#480=LINE('',#3013,#609);
#481=LINE('',#3014,#610);
#482=LINE('',#3016,#611);
#483=LINE('',#3018,#612);
#484=LINE('',#3019,#613);
#485=LINE('',#3022,#614);
#486=LINE('',#3023,#615);
#487=LINE('',#3026,#616);
#488=LINE('',#3029,#617);
#489=LINE('',#3030,#618);
#490=LINE('',#3032,#619);
#491=LINE('',#3034,#620);
#492=LINE('',#3035,#621);
#493=LINE('',#3038,#622);
#494=LINE('',#3039,#623);
#495=LINE('',#3042,#624);
#496=LINE('',#3046,#625);
#497=LINE('',#3047,#626);
#498=LINE('',#3050,#627);
#499=LINE('',#3051,#628);
#500=LINE('',#3053,#629);
#501=LINE('',#3057,#630);
#502=LINE('',#3064,#631);
#503=LINE('',#3066,#632);
#504=LINE('',#3073,#633);
#505=LINE('',#3075,#634);
#506=LINE('',#3076,#635);
#507=LINE('',#3079,#636);
#508=LINE('',#3081,#637);
#509=LINE('',#3083,#638);
#510=LINE('',#3085,#639);
#511=LINE('',#3088,#640);
#512=LINE('',#3090,#641);
#513=LINE('',#3092,#642);
#514=LINE('',#3094,#643);
#515=LINE('',#3096,#644);
#516=LINE('',#3098,#645);
#517=LINE('',#3100,#646);
#518=LINE('',#3102,#647);
#519=LINE('',#3110,#648);
#520=LINE('',#3116,#649);
#521=LINE('',#3122,#650);
#522=LINE('',#3128,#651);
#523=LINE('',#3134,#652);
#524=LINE('',#3140,#653);
#525=VECTOR('',#2099,1.55);
#526=VECTOR('',#2106,1.55);
#527=VECTOR('',#2113,1.55);
#528=VECTOR('',#2120,1.55);
#529=VECTOR('',#2127,1.55);
#530=VECTOR('',#2140,2.25);
#531=VECTOR('',#2143,1.05);
#532=VECTOR('',#2156,2.25);
#533=VECTOR('',#2159,1.05);
#534=VECTOR('',#2172,2.25);
#535=VECTOR('',#2175,1.05);
#536=VECTOR('',#2188,2.25);
#537=VECTOR('',#2191,1.05);
#538=VECTOR('',#2198,10.5);
#539=VECTOR('',#2203,10.);
#540=VECTOR('',#2204,10.);
#541=VECTOR('',#2205,10.);
#542=VECTOR('',#2206,10.);
#543=VECTOR('',#2213,10.);
#544=VECTOR('',#2216,10.);
#545=VECTOR('',#2217,10.);
#546=VECTOR('',#2218,10.);
#547=VECTOR('',#2221,10.);
#548=VECTOR('',#2222,10.);
#549=VECTOR('',#2233,1.2295);
#550=VECTOR('',#2240,1.2295);
#551=VECTOR('',#2247,1.2295);
#552=VECTOR('',#2254,1.2295);
#553=VECTOR('',#2261,1.2295);
#554=VECTOR('',#2268,10.);
#555=VECTOR('',#2271,10.);
#556=VECTOR('',#2274,10.);
#557=VECTOR('',#2277,10.);
#558=VECTOR('',#2282,10.);
#559=VECTOR('',#2283,10.);
#560=VECTOR('',#2284,10.);
#561=VECTOR('',#2289,10.);
#562=VECTOR('',#2292,10.);
#563=VECTOR('',#2295,10.);
#564=VECTOR('',#2296,10.);
#565=VECTOR('',#2297,10.);
#566=VECTOR('',#2298,10.);
#567=VECTOR('',#2299,10.);
#568=VECTOR('',#2302,10.);
#569=VECTOR('',#2305,10.);
#570=VECTOR('',#2306,10.);
#571=VECTOR('',#2307,10.);
#572=VECTOR('',#2310,10.);
#573=VECTOR('',#2317,10.);
#574=VECTOR('',#2320,10.);
#575=VECTOR('',#2323,10.);
#576=VECTOR('',#2340,10.);
#577=VECTOR('',#2343,10.);
#578=VECTOR('',#2346,10.);
#579=VECTOR('',#2349,10.);
#580=VECTOR('',#2352,10.);
#581=VECTOR('',#2355,10.);
#582=VECTOR('',#2358,10.);
#583=VECTOR('',#2361,10.);
#584=VECTOR('',#2368,10.);
#585=VECTOR('',#2369,10.);
#586=VECTOR('',#2372,10.);
#587=VECTOR('',#2373,10.);
#588=VECTOR('',#2376,10.);
#589=VECTOR('',#2379,10.);
#590=VECTOR('',#2380,10.);
#591=VECTOR('',#2383,10.);
#592=VECTOR('',#2386,10.);
#593=VECTOR('',#2393,10.);
#594=VECTOR('',#2410,10.);
#595=VECTOR('',#2413,10.);
#596=VECTOR('',#2416,10.);
#597=VECTOR('',#2419,10.);
#598=VECTOR('',#2426,10.);
#599=VECTOR('',#2429,10.);
#600=VECTOR('',#2432,10.);
#601=VECTOR('',#2435,10.);
#602=VECTOR('',#2444,10.);
#603=VECTOR('',#2445,10.);
#604=VECTOR('',#2448,10.);
#605=VECTOR('',#2451,10.);
#606=VECTOR('',#2454,10.);
#607=VECTOR('',#2457,10.);
#608=VECTOR('',#2460,10.);
#609=VECTOR('',#2463,10.);
#610=VECTOR('',#2464,10.);
#611=VECTOR('',#2467,10.);
#612=VECTOR('',#2470,10.);
#613=VECTOR('',#2471,10.);
#614=VECTOR('',#2476,10.);
#615=VECTOR('',#2477,10.);
#616=VECTOR('',#2482,10.);
#617=VECTOR('',#2487,10.);
#618=VECTOR('',#2488,10.);
#619=VECTOR('',#2491,10.);
#620=VECTOR('',#2494,10.);
#621=VECTOR('',#2495,10.);
#622=VECTOR('',#2500,10.);
#623=VECTOR('',#2501,10.);
#624=VECTOR('',#2506,10.);
#625=VECTOR('',#2511,10.);
#626=VECTOR('',#2512,10.);
#627=VECTOR('',#2515,10.);
#628=VECTOR('',#2516,10.);
#629=VECTOR('',#2519,10.);
#630=VECTOR('',#2524,10.);
#631=VECTOR('',#2531,10.);
#632=VECTOR('',#2532,10.);
#633=VECTOR('',#2541,10.);
#634=VECTOR('',#2544,10.);
#635=VECTOR('',#2545,10.);
#636=VECTOR('',#2550,1.05);
#637=VECTOR('',#2553,1.05);
#638=VECTOR('',#2556,1.05);
#639=VECTOR('',#2559,1.05);
#640=VECTOR('',#2564,1.55);
#641=VECTOR('',#2567,1.55);
#642=VECTOR('',#2570,1.55);
#643=VECTOR('',#2573,1.55);
#644=VECTOR('',#2576,1.55);
#645=VECTOR('',#2579,1.55);
#646=VECTOR('',#2582,1.55);
#647=VECTOR('',#2585,1.55);
#648=VECTOR('',#2596,3.25);
#649=VECTOR('',#2603,1.55);
#650=VECTOR('',#2610,1.55);
#651=VECTOR('',#2617,1.55);
#652=VECTOR('',#2624,1.55);
#653=VECTOR('',#2631,10.);
#654=CIRCLE('',#1882,1.55);
#655=CIRCLE('',#1883,1.55);
#656=CIRCLE('',#1885,1.55);
#657=CIRCLE('',#1886,1.55);
#658=CIRCLE('',#1888,1.55);
#659=CIRCLE('',#1889,1.55);
#660=CIRCLE('',#1891,1.55);
#661=CIRCLE('',#1892,1.55);
#662=CIRCLE('',#1894,1.55);
#663=CIRCLE('',#1895,1.55);
#664=CIRCLE('',#1897,2.25);
#665=CIRCLE('',#1898,1.05);
#666=CIRCLE('',#1900,2.25);
#667=CIRCLE('',#1902,1.05);
#668=CIRCLE('',#1904,2.25);
#669=CIRCLE('',#1905,1.05);
#670=CIRCLE('',#1907,2.25);
#671=CIRCLE('',#1909,1.05);
#672=CIRCLE('',#1911,2.25);
#673=CIRCLE('',#1912,1.05);
#674=CIRCLE('',#1914,2.25);
#675=CIRCLE('',#1916,1.05);
#676=CIRCLE('',#1918,2.25);
#677=CIRCLE('',#1919,1.05);
#678=CIRCLE('',#1921,2.25);
#679=CIRCLE('',#1923,1.05);
#680=CIRCLE('',#1925,10.5);
#681=CIRCLE('',#1926,10.5);
#682=CIRCLE('',#1929,25.);
#683=CIRCLE('',#1930,25.);
#684=CIRCLE('',#1937,1.2295);
#685=CIRCLE('',#1938,1.2295);
#686=CIRCLE('',#1940,1.2295);
#687=CIRCLE('',#1941,1.2295);
#688=CIRCLE('',#1943,1.2295);
#689=CIRCLE('',#1944,1.2295);
#690=CIRCLE('',#1946,1.2295);
#691=CIRCLE('',#1947,1.2295);
#692=CIRCLE('',#1949,1.2295);
#693=CIRCLE('',#1950,1.2295);
#694=CIRCLE('',#1952,1.05);
#695=CIRCLE('',#1953,1.05);
#696=CIRCLE('',#1955,1.05);
#697=CIRCLE('',#1956,1.05);
#698=CIRCLE('',#1959,2.);
#699=CIRCLE('',#1960,2.);
#700=CIRCLE('',#1963,11.6845367901342);
#701=CIRCLE('',#1964,2.);
#702=CIRCLE('',#1965,2.);
#703=CIRCLE('',#1966,25.);
#704=CIRCLE('',#1967,2.);
#705=CIRCLE('',#1968,2.);
#706=CIRCLE('',#1969,2.);
#707=CIRCLE('',#1970,1.55);
#708=CIRCLE('',#1971,1.55);
#709=CIRCLE('',#1972,1.55);
#710=CIRCLE('',#1973,1.55);
#711=CIRCLE('',#1974,1.55);
#712=CIRCLE('',#1975,1.55);
#713=CIRCLE('',#1976,1.55);
#714=CIRCLE('',#1977,1.55);
#715=CIRCLE('',#1978,2.);
#716=CIRCLE('',#1979,2.);
#717=CIRCLE('',#1980,2.);
#718=CIRCLE('',#1981,2.);
#719=CIRCLE('',#1982,2.);
#720=CIRCLE('',#1983,2.);
#721=CIRCLE('',#1984,2.);
#722=CIRCLE('',#1985,2.);
#723=CIRCLE('',#1987,2.);
#724=CIRCLE('',#1990,11.6845367901342);
#725=CIRCLE('',#1991,2.);
#726=CIRCLE('',#1992,2.);
#727=CIRCLE('',#1993,2.);
#728=CIRCLE('',#1994,25.);
#729=CIRCLE('',#1995,2.);
#730=CIRCLE('',#1996,1.55);
#731=CIRCLE('',#1997,1.55);
#732=CIRCLE('',#1998,1.55);
#733=CIRCLE('',#1999,1.55);
#734=CIRCLE('',#2000,1.55);
#735=CIRCLE('',#2001,1.55);
#736=CIRCLE('',#2002,1.55);
#737=CIRCLE('',#2003,1.55);
#738=CIRCLE('',#2004,2.);
#739=CIRCLE('',#2005,2.);
#740=CIRCLE('',#2006,2.);
#741=CIRCLE('',#2007,2.);
#742=CIRCLE('',#2008,1.05);
#743=CIRCLE('',#2009,1.05);
#744=CIRCLE('',#2010,2.);
#745=CIRCLE('',#2011,2.);
#746=CIRCLE('',#2012,2.);
#747=CIRCLE('',#2013,2.);
#748=CIRCLE('',#2014,1.05);
#749=CIRCLE('',#2015,1.05);
#750=CIRCLE('',#2042,11.6845367901342);
#751=CIRCLE('',#2043,1.05);
#752=CIRCLE('',#2044,1.05);
#753=CIRCLE('',#2046,11.6845367901342);
#754=CIRCLE('',#2047,1.05);
#755=CIRCLE('',#2048,1.05);
#756=CIRCLE('',#2069,3.25);
#757=CIRCLE('',#2070,3.25);
#758=CIRCLE('',#2072,1.55);
#759=CIRCLE('',#2073,1.55);
#760=CIRCLE('',#2075,1.55);
#761=CIRCLE('',#2076,1.55);
#762=CIRCLE('',#2078,1.55);
#763=CIRCLE('',#2079,1.55);
#764=CIRCLE('',#2081,1.55);
#765=CIRCLE('',#2082,1.55);
#766=CIRCLE('',#2084,10.);
#767=CIRCLE('',#2085,10.);
#768=VERTEX_POINT('',#2647);
#769=VERTEX_POINT('',#2649);
#770=VERTEX_POINT('',#2653);
#771=VERTEX_POINT('',#2655);
#772=VERTEX_POINT('',#2659);
#773=VERTEX_POINT('',#2661);
#774=VERTEX_POINT('',#2665);
#775=VERTEX_POINT('',#2667);
#776=VERTEX_POINT('',#2671);
#777=VERTEX_POINT('',#2673);
#778=VERTEX_POINT('',#2677);
#779=VERTEX_POINT('',#2679);
#780=VERTEX_POINT('',#2682);
#781=VERTEX_POINT('',#2686);
#782=VERTEX_POINT('',#2690);
#783=VERTEX_POINT('',#2692);
#784=VERTEX_POINT('',#2695);
#785=VERTEX_POINT('',#2699);
#786=VERTEX_POINT('',#2703);
#787=VERTEX_POINT('',#2705);
#788=VERTEX_POINT('',#2708);
#789=VERTEX_POINT('',#2712);
#790=VERTEX_POINT('',#2716);
#791=VERTEX_POINT('',#2718);
#792=VERTEX_POINT('',#2721);
#793=VERTEX_POINT('',#2725);
#794=VERTEX_POINT('',#2729);
#795=VERTEX_POINT('',#2731);
#796=VERTEX_POINT('',#2735);
#797=VERTEX_POINT('',#2736);
#798=VERTEX_POINT('',#2738);
#799=VERTEX_POINT('',#2740);
#800=VERTEX_POINT('',#2744);
#801=VERTEX_POINT('',#2746);
#802=VERTEX_POINT('',#2750);
#803=VERTEX_POINT('',#2752);
#804=VERTEX_POINT('',#2762);
#805=VERTEX_POINT('',#2764);
#806=VERTEX_POINT('',#2768);
#807=VERTEX_POINT('',#2770);
#808=VERTEX_POINT('',#2774);
#809=VERTEX_POINT('',#2776);
#810=VERTEX_POINT('',#2780);
#811=VERTEX_POINT('',#2782);
#812=VERTEX_POINT('',#2786);
#813=VERTEX_POINT('',#2788);
#814=VERTEX_POINT('',#2792);
#815=VERTEX_POINT('',#2793);
#816=VERTEX_POINT('',#2795);
#817=VERTEX_POINT('',#2797);
#818=VERTEX_POINT('',#2801);
#819=VERTEX_POINT('',#2802);
#820=VERTEX_POINT('',#2804);
#821=VERTEX_POINT('',#2806);
#822=VERTEX_POINT('',#2810);
#823=VERTEX_POINT('',#2812);
#824=VERTEX_POINT('',#2816);
#825=VERTEX_POINT('',#2817);
#826=VERTEX_POINT('',#2819);
#827=VERTEX_POINT('',#2821);
#828=VERTEX_POINT('',#2825);
#829=VERTEX_POINT('',#2827);
#830=VERTEX_POINT('',#2829);
#831=VERTEX_POINT('',#2831);
#832=VERTEX_POINT('',#2835);
#833=VERTEX_POINT('',#2837);
#834=VERTEX_POINT('',#2841);
#835=VERTEX_POINT('',#2843);
#836=VERTEX_POINT('',#2845);
#837=VERTEX_POINT('',#2847);
#838=VERTEX_POINT('',#2849);
#839=VERTEX_POINT('',#2851);
#840=VERTEX_POINT('',#2853);
#841=VERTEX_POINT('',#2855);
#842=VERTEX_POINT('',#2857);
#843=VERTEX_POINT('',#2859);
#844=VERTEX_POINT('',#2862);
#845=VERTEX_POINT('',#2864);
#846=VERTEX_POINT('',#2866);
#847=VERTEX_POINT('',#2868);
#848=VERTEX_POINT('',#2870);
#849=VERTEX_POINT('',#2872);
#850=VERTEX_POINT('',#2874);
#851=VERTEX_POINT('',#2876);
#852=VERTEX_POINT('',#2878);
#853=VERTEX_POINT('',#2879);
#854=VERTEX_POINT('',#2881);
#855=VERTEX_POINT('',#2883);
#856=VERTEX_POINT('',#2885);
#857=VERTEX_POINT('',#2887);
#858=VERTEX_POINT('',#2889);
#859=VERTEX_POINT('',#2891);
#860=VERTEX_POINT('',#2894);
#861=VERTEX_POINT('',#2895);
#862=VERTEX_POINT('',#2897);
#863=VERTEX_POINT('',#2899);
#864=VERTEX_POINT('',#2901);
#865=VERTEX_POINT('',#2903);
#866=VERTEX_POINT('',#2905);
#867=VERTEX_POINT('',#2907);
#868=VERTEX_POINT('',#2911);
#869=VERTEX_POINT('',#2912);
#870=VERTEX_POINT('',#2917);
#871=VERTEX_POINT('',#2921);
#872=VERTEX_POINT('',#2923);
#873=VERTEX_POINT('',#2925);
#874=VERTEX_POINT('',#2927);
#875=VERTEX_POINT('',#2929);
#876=VERTEX_POINT('',#2931);
#877=VERTEX_POINT('',#2933);
#878=VERTEX_POINT('',#2935);
#879=VERTEX_POINT('',#2937);
#880=VERTEX_POINT('',#2939);
#881=VERTEX_POINT('',#2943);
#882=VERTEX_POINT('',#2945);
#883=VERTEX_POINT('',#2947);
#884=VERTEX_POINT('',#2949);
#885=VERTEX_POINT('',#2951);
#886=VERTEX_POINT('',#2953);
#887=VERTEX_POINT('',#2955);
#888=VERTEX_POINT('',#2957);
#889=VERTEX_POINT('',#2959);
#890=VERTEX_POINT('',#2960);
#891=VERTEX_POINT('',#2962);
#892=VERTEX_POINT('',#2964);
#893=VERTEX_POINT('',#2966);
#894=VERTEX_POINT('',#2968);
#895=VERTEX_POINT('',#2970);
#896=VERTEX_POINT('',#2972);
#897=VERTEX_POINT('',#2975);
#898=VERTEX_POINT('',#2977);
#899=VERTEX_POINT('',#2979);
#900=VERTEX_POINT('',#2980);
#901=VERTEX_POINT('',#2982);
#902=VERTEX_POINT('',#2984);
#903=VERTEX_POINT('',#2986);
#904=VERTEX_POINT('',#2988);
#905=VERTEX_POINT('',#2990);
#906=VERTEX_POINT('',#2992);
#907=VERTEX_POINT('',#2995);
#908=VERTEX_POINT('',#2997);
#909=VERTEX_POINT('',#3045);
#910=VERTEX_POINT('',#3049);
#911=VERTEX_POINT('',#3055);
#912=VERTEX_POINT('',#3058);
#913=VERTEX_POINT('',#3060);
#914=VERTEX_POINT('',#3063);
#915=VERTEX_POINT('',#3065);
#916=VERTEX_POINT('',#3068);
#917=VERTEX_POINT('',#3070);
#918=VERTEX_POINT('',#3107);
#919=VERTEX_POINT('',#3109);
#920=VERTEX_POINT('',#3113);
#921=VERTEX_POINT('',#3115);
#922=VERTEX_POINT('',#3119);
#923=VERTEX_POINT('',#3121);
#924=VERTEX_POINT('',#3125);
#925=VERTEX_POINT('',#3127);
#926=VERTEX_POINT('',#3131);
#927=VERTEX_POINT('',#3133);
#928=VERTEX_POINT('',#3137);
#929=VERTEX_POINT('',#3139);
#930=EDGE_CURVE('',#768,#768,#654,.T.);
#931=EDGE_CURVE('',#768,#769,#396,.T.);
#932=EDGE_CURVE('',#769,#769,#655,.T.);
#933=EDGE_CURVE('',#770,#770,#656,.T.);
#934=EDGE_CURVE('',#770,#771,#397,.T.);
#935=EDGE_CURVE('',#771,#771,#657,.T.);
#936=EDGE_CURVE('',#772,#772,#658,.T.);
#937=EDGE_CURVE('',#772,#773,#398,.T.);
#938=EDGE_CURVE('',#773,#773,#659,.T.);
#939=EDGE_CURVE('',#774,#774,#660,.T.);
#940=EDGE_CURVE('',#774,#775,#399,.T.);
#941=EDGE_CURVE('',#775,#775,#661,.T.);
#942=EDGE_CURVE('',#776,#776,#662,.T.);
#943=EDGE_CURVE('',#776,#777,#400,.T.);
#944=EDGE_CURVE('',#777,#777,#663,.T.);
#945=EDGE_CURVE('',#778,#778,#664,.T.);
#946=EDGE_CURVE('',#779,#779,#665,.T.);
#947=EDGE_CURVE('',#780,#780,#666,.T.);
#948=EDGE_CURVE('',#780,#778,#401,.T.);
#949=EDGE_CURVE('',#779,#781,#402,.T.);
#950=EDGE_CURVE('',#781,#781,#667,.T.);
#951=EDGE_CURVE('',#782,#782,#668,.T.);
#952=EDGE_CURVE('',#783,#783,#669,.T.);
#953=EDGE_CURVE('',#784,#784,#670,.T.);
#954=EDGE_CURVE('',#784,#782,#403,.T.);
#955=EDGE_CURVE('',#783,#785,#404,.T.);
#956=EDGE_CURVE('',#785,#785,#671,.T.);
#957=EDGE_CURVE('',#786,#786,#672,.T.);
#958=EDGE_CURVE('',#787,#787,#673,.T.);
#959=EDGE_CURVE('',#788,#788,#674,.T.);
#960=EDGE_CURVE('',#788,#786,#405,.T.);
#961=EDGE_CURVE('',#787,#789,#406,.T.);
#962=EDGE_CURVE('',#789,#789,#675,.T.);
#963=EDGE_CURVE('',#790,#790,#676,.T.);
#964=EDGE_CURVE('',#791,#791,#677,.T.);
#965=EDGE_CURVE('',#792,#792,#678,.T.);
#966=EDGE_CURVE('',#792,#790,#407,.T.);
#967=EDGE_CURVE('',#791,#793,#408,.T.);
#968=EDGE_CURVE('',#793,#793,#679,.T.);
#969=EDGE_CURVE('',#794,#794,#680,.T.);
#970=EDGE_CURVE('',#794,#795,#409,.T.);
#971=EDGE_CURVE('',#795,#795,#681,.T.);
#972=EDGE_CURVE('',#796,#797,#410,.T.);
#973=EDGE_CURVE('',#797,#798,#411,.T.);
#974=EDGE_CURVE('',#799,#798,#412,.T.);
#975=EDGE_CURVE('',#796,#799,#413,.T.);
#976=EDGE_CURVE('',#800,#796,#682,.T.);
#977=EDGE_CURVE('',#801,#799,#683,.T.);
#978=EDGE_CURVE('',#800,#801,#414,.T.);
#979=EDGE_CURVE('',#802,#800,#415,.T.);
#980=EDGE_CURVE('',#803,#801,#416,.T.);
#981=EDGE_CURVE('',#802,#803,#417,.T.);
#982=EDGE_CURVE('',#797,#802,#418,.T.);
#983=EDGE_CURVE('',#798,#803,#419,.T.);
#984=EDGE_CURVE('',#804,#804,#684,.T.);
#985=EDGE_CURVE('',#804,#805,#420,.T.);
#986=EDGE_CURVE('',#805,#805,#685,.T.);
#987=EDGE_CURVE('',#806,#806,#686,.T.);
#988=EDGE_CURVE('',#806,#807,#421,.T.);
#989=EDGE_CURVE('',#807,#807,#687,.T.);
#990=EDGE_CURVE('',#808,#808,#688,.T.);
#991=EDGE_CURVE('',#808,#809,#422,.T.);
#992=EDGE_CURVE('',#809,#809,#689,.T.);
#993=EDGE_CURVE('',#810,#810,#690,.T.);
#994=EDGE_CURVE('',#810,#811,#423,.T.);
#995=EDGE_CURVE('',#811,#811,#691,.T.);
#996=EDGE_CURVE('',#812,#812,#692,.T.);
#997=EDGE_CURVE('',#812,#813,#424,.T.);
#998=EDGE_CURVE('',#813,#813,#693,.T.);
#999=EDGE_CURVE('',#814,#815,#694,.T.);
#1000=EDGE_CURVE('',#815,#816,#425,.T.);
#1001=EDGE_CURVE('',#817,#816,#695,.T.);
#1002=EDGE_CURVE('',#814,#817,#426,.T.);
#1003=EDGE_CURVE('',#818,#819,#427,.T.);
#1004=EDGE_CURVE('',#819,#820,#696,.T.);
#1005=EDGE_CURVE('',#821,#820,#428,.T.);
#1006=EDGE_CURVE('',#818,#821,#697,.T.);
#1007=EDGE_CURVE('',#822,#817,#429,.T.);
#1008=EDGE_CURVE('',#823,#822,#430,.T.);
#1009=EDGE_CURVE('',#823,#814,#431,.T.);
#1010=EDGE_CURVE('',#824,#825,#698,.T.);
#1011=EDGE_CURVE('',#825,#826,#432,.T.);
#1012=EDGE_CURVE('',#826,#827,#699,.T.);
#1013=EDGE_CURVE('',#827,#824,#433,.T.);
#1014=EDGE_CURVE('',#827,#828,#434,.T.);
#1015=EDGE_CURVE('',#828,#829,#435,.T.);
#1016=EDGE_CURVE('',#829,#830,#436,.T.);
#1017=EDGE_CURVE('',#830,#831,#437,.T.);
#1018=EDGE_CURVE('',#824,#831,#438,.T.);
#1019=EDGE_CURVE('',#816,#832,#439,.T.);
#1020=EDGE_CURVE('',#832,#833,#700,.T.);
#1021=EDGE_CURVE('',#833,#818,#440,.T.);
#1022=EDGE_CURVE('',#821,#828,#441,.T.);
#1023=EDGE_CURVE('',#834,#826,#442,.T.);
#1024=EDGE_CURVE('',#835,#834,#701,.T.);
#1025=EDGE_CURVE('',#836,#835,#443,.T.);
#1026=EDGE_CURVE('',#837,#836,#702,.T.);
#1027=EDGE_CURVE('',#837,#838,#703,.T.);
#1028=EDGE_CURVE('',#839,#838,#704,.T.);
#1029=EDGE_CURVE('',#840,#839,#444,.T.);
#1030=EDGE_CURVE('',#841,#840,#705,.T.);
#1031=EDGE_CURVE('',#842,#841,#445,.T.);
#1032=EDGE_CURVE('',#843,#842,#706,.T.);
#1033=EDGE_CURVE('',#822,#843,#446,.T.);
#1034=EDGE_CURVE('',#844,#844,#707,.T.);
#1035=EDGE_CURVE('',#845,#845,#708,.T.);
#1036=EDGE_CURVE('',#846,#846,#709,.T.);
#1037=EDGE_CURVE('',#847,#847,#710,.T.);
#1038=EDGE_CURVE('',#848,#848,#711,.T.);
#1039=EDGE_CURVE('',#849,#849,#712,.T.);
#1040=EDGE_CURVE('',#850,#850,#713,.T.);
#1041=EDGE_CURVE('',#851,#851,#714,.T.);
#1042=EDGE_CURVE('',#852,#853,#447,.T.);
#1043=EDGE_CURVE('',#854,#853,#715,.T.);
#1044=EDGE_CURVE('',#854,#855,#448,.T.);
#1045=EDGE_CURVE('',#856,#855,#716,.T.);
#1046=EDGE_CURVE('',#856,#857,#449,.T.);
#1047=EDGE_CURVE('',#858,#857,#717,.T.);
#1048=EDGE_CURVE('',#858,#859,#450,.T.);
#1049=EDGE_CURVE('',#852,#859,#718,.T.);
#1050=EDGE_CURVE('',#860,#861,#451,.T.);
#1051=EDGE_CURVE('',#862,#861,#719,.T.);
#1052=EDGE_CURVE('',#862,#863,#452,.T.);
#1053=EDGE_CURVE('',#864,#863,#720,.T.);
#1054=EDGE_CURVE('',#864,#865,#453,.T.);
#1055=EDGE_CURVE('',#866,#865,#721,.T.);
#1056=EDGE_CURVE('',#866,#867,#454,.T.);
#1057=EDGE_CURVE('',#860,#867,#722,.T.);
#1058=EDGE_CURVE('',#868,#869,#723,.T.);
#1059=EDGE_CURVE('',#869,#835,#455,.T.);
#1060=EDGE_CURVE('',#834,#868,#456,.T.);
#1061=EDGE_CURVE('',#870,#869,#457,.T.);
#1062=EDGE_CURVE('',#836,#870,#458,.T.);
#1063=EDGE_CURVE('',#831,#871,#459,.T.);
#1064=EDGE_CURVE('',#871,#872,#724,.T.);
#1065=EDGE_CURVE('',#872,#873,#460,.T.);
#1066=EDGE_CURVE('',#873,#874,#461,.T.);
#1067=EDGE_CURVE('',#875,#874,#725,.T.);
#1068=EDGE_CURVE('',#875,#876,#462,.T.);
#1069=EDGE_CURVE('',#877,#876,#726,.T.);
#1070=EDGE_CURVE('',#877,#878,#463,.T.);
#1071=EDGE_CURVE('',#879,#878,#727,.T.);
#1072=EDGE_CURVE('',#879,#880,#728,.T.);
#1073=EDGE_CURVE('',#870,#880,#729,.T.);
#1074=EDGE_CURVE('',#868,#825,#464,.T.);
#1075=EDGE_CURVE('',#881,#881,#730,.T.);
#1076=EDGE_CURVE('',#882,#882,#731,.T.);
#1077=EDGE_CURVE('',#883,#883,#732,.T.);
#1078=EDGE_CURVE('',#884,#884,#733,.T.);
#1079=EDGE_CURVE('',#885,#885,#734,.T.);
#1080=EDGE_CURVE('',#886,#886,#735,.T.);
#1081=EDGE_CURVE('',#887,#887,#736,.T.);
#1082=EDGE_CURVE('',#888,#888,#737,.T.);
#1083=EDGE_CURVE('',#889,#890,#465,.T.);
#1084=EDGE_CURVE('',#891,#890,#738,.T.);
#1085=EDGE_CURVE('',#891,#892,#466,.T.);
#1086=EDGE_CURVE('',#893,#892,#739,.T.);
#1087=EDGE_CURVE('',#893,#894,#467,.T.);
#1088=EDGE_CURVE('',#895,#894,#740,.T.);
#1089=EDGE_CURVE('',#895,#896,#468,.T.);
#1090=EDGE_CURVE('',#889,#896,#741,.T.);
#1091=EDGE_CURVE('',#897,#897,#742,.T.);
#1092=EDGE_CURVE('',#898,#898,#743,.T.);
#1093=EDGE_CURVE('',#899,#900,#469,.T.);
#1094=EDGE_CURVE('',#901,#900,#744,.T.);
#1095=EDGE_CURVE('',#901,#902,#470,.T.);
#1096=EDGE_CURVE('',#903,#902,#745,.T.);
#1097=EDGE_CURVE('',#903,#904,#471,.T.);
#1098=EDGE_CURVE('',#905,#904,#746,.T.);
#1099=EDGE_CURVE('',#905,#906,#472,.T.);
#1100=EDGE_CURVE('',#899,#906,#747,.T.);
#1101=EDGE_CURVE('',#907,#907,#748,.T.);
#1102=EDGE_CURVE('',#908,#908,#749,.T.);
#1103=EDGE_CURVE('',#876,#841,#473,.T.);
#1104=EDGE_CURVE('',#840,#877,#474,.T.);
#1105=EDGE_CURVE('',#842,#875,#475,.T.);
#1106=EDGE_CURVE('',#874,#843,#476,.T.);
#1107=EDGE_CURVE('',#880,#837,#477,.T.);
#1108=EDGE_CURVE('',#838,#879,#478,.T.);
#1109=EDGE_CURVE('',#878,#839,#479,.T.);
#1110=EDGE_CURVE('',#892,#858,#480,.T.);
#1111=EDGE_CURVE('',#857,#893,#481,.T.);
#1112=EDGE_CURVE('',#859,#891,#482,.T.);
#1113=EDGE_CURVE('',#894,#856,#483,.T.);
#1114=EDGE_CURVE('',#855,#895,#484,.T.);
#1115=EDGE_CURVE('',#896,#854,#485,.T.);
#1116=EDGE_CURVE('',#853,#889,#486,.T.);
#1117=EDGE_CURVE('',#890,#852,#487,.T.);
#1118=EDGE_CURVE('',#902,#866,#488,.T.);
#1119=EDGE_CURVE('',#865,#903,#489,.T.);
#1120=EDGE_CURVE('',#867,#901,#490,.T.);
#1121=EDGE_CURVE('',#904,#864,#491,.T.);
#1122=EDGE_CURVE('',#863,#905,#492,.T.);
#1123=EDGE_CURVE('',#906,#862,#493,.T.);
#1124=EDGE_CURVE('',#861,#899,#494,.T.);
#1125=EDGE_CURVE('',#900,#860,#495,.T.);
#1126=EDGE_CURVE('',#909,#819,#496,.T.);
#1127=EDGE_CURVE('',#909,#833,#497,.T.);
#1128=EDGE_CURVE('',#815,#910,#498,.T.);
#1129=EDGE_CURVE('',#910,#832,#499,.T.);
#1130=EDGE_CURVE('',#820,#829,#500,.T.);
#1131=EDGE_CURVE('',#911,#909,#750,.T.);
#1132=EDGE_CURVE('',#830,#911,#501,.T.);
#1133=EDGE_CURVE('',#912,#912,#751,.T.);
#1134=EDGE_CURVE('',#913,#913,#752,.T.);
#1135=EDGE_CURVE('',#914,#823,#502,.T.);
#1136=EDGE_CURVE('',#915,#914,#503,.T.);
#1137=EDGE_CURVE('',#910,#915,#753,.T.);
#1138=EDGE_CURVE('',#916,#916,#754,.T.);
#1139=EDGE_CURVE('',#917,#917,#755,.T.);
#1140=EDGE_CURVE('',#871,#911,#504,.T.);
#1141=EDGE_CURVE('',#873,#914,#505,.T.);
#1142=EDGE_CURVE('',#872,#915,#506,.T.);
#1143=EDGE_CURVE('',#908,#917,#507,.T.);
#1144=EDGE_CURVE('',#907,#912,#508,.T.);
#1145=EDGE_CURVE('',#898,#916,#509,.T.);
#1146=EDGE_CURVE('',#897,#913,#510,.T.);
#1147=EDGE_CURVE('',#881,#851,#511,.T.);
#1148=EDGE_CURVE('',#882,#850,#512,.T.);
#1149=EDGE_CURVE('',#883,#849,#513,.T.);
#1150=EDGE_CURVE('',#884,#848,#514,.T.);
#1151=EDGE_CURVE('',#885,#847,#515,.T.);
#1152=EDGE_CURVE('',#886,#846,#516,.T.);
#1153=EDGE_CURVE('',#887,#845,#517,.T.);
#1154=EDGE_CURVE('',#888,#844,#518,.T.);
#1155=EDGE_CURVE('',#918,#918,#756,.T.);
#1156=EDGE_CURVE('',#918,#919,#519,.T.);
#1157=EDGE_CURVE('',#919,#919,#757,.T.);
#1158=EDGE_CURVE('',#920,#920,#758,.T.);
#1159=EDGE_CURVE('',#920,#921,#520,.T.);
#1160=EDGE_CURVE('',#921,#921,#759,.T.);
#1161=EDGE_CURVE('',#922,#922,#760,.T.);
#1162=EDGE_CURVE('',#922,#923,#521,.T.);
#1163=EDGE_CURVE('',#923,#923,#761,.T.);
#1164=EDGE_CURVE('',#924,#924,#762,.T.);
#1165=EDGE_CURVE('',#924,#925,#522,.T.);
#1166=EDGE_CURVE('',#925,#925,#763,.T.);
#1167=EDGE_CURVE('',#926,#926,#764,.T.);
#1168=EDGE_CURVE('',#926,#927,#523,.T.);
#1169=EDGE_CURVE('',#927,#927,#765,.T.);
#1170=EDGE_CURVE('',#928,#928,#766,.T.);
#1171=EDGE_CURVE('',#928,#929,#524,.T.);
#1172=EDGE_CURVE('',#929,#929,#767,.T.);
#1173=ORIENTED_EDGE('',*,*,#930,.F.);
#1174=ORIENTED_EDGE('',*,*,#931,.T.);
#1175=ORIENTED_EDGE('',*,*,#932,.F.);
#1176=ORIENTED_EDGE('',*,*,#931,.F.);
#1177=ORIENTED_EDGE('',*,*,#933,.F.);
#1178=ORIENTED_EDGE('',*,*,#934,.T.);
#1179=ORIENTED_EDGE('',*,*,#935,.F.);
#1180=ORIENTED_EDGE('',*,*,#934,.F.);
#1181=ORIENTED_EDGE('',*,*,#936,.F.);
#1182=ORIENTED_EDGE('',*,*,#937,.T.);
#1183=ORIENTED_EDGE('',*,*,#938,.F.);
#1184=ORIENTED_EDGE('',*,*,#937,.F.);
#1185=ORIENTED_EDGE('',*,*,#939,.F.);
#1186=ORIENTED_EDGE('',*,*,#940,.T.);
#1187=ORIENTED_EDGE('',*,*,#941,.F.);
#1188=ORIENTED_EDGE('',*,*,#940,.F.);
#1189=ORIENTED_EDGE('',*,*,#942,.F.);
#1190=ORIENTED_EDGE('',*,*,#943,.T.);
#1191=ORIENTED_EDGE('',*,*,#944,.F.);
#1192=ORIENTED_EDGE('',*,*,#943,.F.);
#1193=ORIENTED_EDGE('',*,*,#945,.T.);
#1194=ORIENTED_EDGE('',*,*,#946,.F.);
#1195=ORIENTED_EDGE('',*,*,#947,.F.);
#1196=ORIENTED_EDGE('',*,*,#948,.T.);
#1197=ORIENTED_EDGE('',*,*,#945,.F.);
#1198=ORIENTED_EDGE('',*,*,#948,.F.);
#1199=ORIENTED_EDGE('',*,*,#946,.T.);
#1200=ORIENTED_EDGE('',*,*,#949,.T.);
#1201=ORIENTED_EDGE('',*,*,#950,.F.);
#1202=ORIENTED_EDGE('',*,*,#949,.F.);
#1203=ORIENTED_EDGE('',*,*,#951,.T.);
#1204=ORIENTED_EDGE('',*,*,#952,.F.);
#1205=ORIENTED_EDGE('',*,*,#953,.F.);
#1206=ORIENTED_EDGE('',*,*,#954,.T.);
#1207=ORIENTED_EDGE('',*,*,#951,.F.);
#1208=ORIENTED_EDGE('',*,*,#954,.F.);
#1209=ORIENTED_EDGE('',*,*,#952,.T.);
#1210=ORIENTED_EDGE('',*,*,#955,.T.);
#1211=ORIENTED_EDGE('',*,*,#956,.F.);
#1212=ORIENTED_EDGE('',*,*,#955,.F.);
#1213=ORIENTED_EDGE('',*,*,#957,.T.);
#1214=ORIENTED_EDGE('',*,*,#958,.F.);
#1215=ORIENTED_EDGE('',*,*,#959,.F.);
#1216=ORIENTED_EDGE('',*,*,#960,.T.);
#1217=ORIENTED_EDGE('',*,*,#957,.F.);
#1218=ORIENTED_EDGE('',*,*,#960,.F.);
#1219=ORIENTED_EDGE('',*,*,#958,.T.);
#1220=ORIENTED_EDGE('',*,*,#961,.T.);
#1221=ORIENTED_EDGE('',*,*,#962,.F.);
#1222=ORIENTED_EDGE('',*,*,#961,.F.);
#1223=ORIENTED_EDGE('',*,*,#963,.T.);
#1224=ORIENTED_EDGE('',*,*,#964,.F.);
#1225=ORIENTED_EDGE('',*,*,#965,.F.);
#1226=ORIENTED_EDGE('',*,*,#966,.T.);
#1227=ORIENTED_EDGE('',*,*,#963,.F.);
#1228=ORIENTED_EDGE('',*,*,#966,.F.);
#1229=ORIENTED_EDGE('',*,*,#964,.T.);
#1230=ORIENTED_EDGE('',*,*,#967,.T.);
#1231=ORIENTED_EDGE('',*,*,#968,.F.);
#1232=ORIENTED_EDGE('',*,*,#967,.F.);
#1233=ORIENTED_EDGE('',*,*,#969,.F.);
#1234=ORIENTED_EDGE('',*,*,#970,.T.);
#1235=ORIENTED_EDGE('',*,*,#971,.F.);
#1236=ORIENTED_EDGE('',*,*,#970,.F.);
#1237=ORIENTED_EDGE('',*,*,#972,.T.);
#1238=ORIENTED_EDGE('',*,*,#973,.T.);
#1239=ORIENTED_EDGE('',*,*,#974,.F.);
#1240=ORIENTED_EDGE('',*,*,#975,.F.);
#1241=ORIENTED_EDGE('',*,*,#976,.T.);
#1242=ORIENTED_EDGE('',*,*,#975,.T.);
#1243=ORIENTED_EDGE('',*,*,#977,.F.);
#1244=ORIENTED_EDGE('',*,*,#978,.F.);
#1245=ORIENTED_EDGE('',*,*,#979,.T.);
#1246=ORIENTED_EDGE('',*,*,#978,.T.);
#1247=ORIENTED_EDGE('',*,*,#980,.F.);
#1248=ORIENTED_EDGE('',*,*,#981,.F.);
#1249=ORIENTED_EDGE('',*,*,#982,.T.);
#1250=ORIENTED_EDGE('',*,*,#981,.T.);
#1251=ORIENTED_EDGE('',*,*,#983,.F.);
#1252=ORIENTED_EDGE('',*,*,#973,.F.);
#1253=ORIENTED_EDGE('',*,*,#983,.T.);
#1254=ORIENTED_EDGE('',*,*,#980,.T.);
#1255=ORIENTED_EDGE('',*,*,#977,.T.);
#1256=ORIENTED_EDGE('',*,*,#974,.T.);
#1257=ORIENTED_EDGE('',*,*,#930,.T.);
#1258=ORIENTED_EDGE('',*,*,#933,.T.);
#1259=ORIENTED_EDGE('',*,*,#936,.T.);
#1260=ORIENTED_EDGE('',*,*,#939,.T.);
#1261=ORIENTED_EDGE('',*,*,#942,.T.);
#1262=ORIENTED_EDGE('',*,*,#947,.T.);
#1263=ORIENTED_EDGE('',*,*,#953,.T.);
#1264=ORIENTED_EDGE('',*,*,#959,.T.);
#1265=ORIENTED_EDGE('',*,*,#965,.T.);
#1266=ORIENTED_EDGE('',*,*,#969,.T.);
#1267=ORIENTED_EDGE('',*,*,#982,.F.);
#1268=ORIENTED_EDGE('',*,*,#972,.F.);
#1269=ORIENTED_EDGE('',*,*,#976,.F.);
#1270=ORIENTED_EDGE('',*,*,#979,.F.);
#1271=ORIENTED_EDGE('',*,*,#932,.T.);
#1272=ORIENTED_EDGE('',*,*,#935,.T.);
#1273=ORIENTED_EDGE('',*,*,#938,.T.);
#1274=ORIENTED_EDGE('',*,*,#941,.T.);
#1275=ORIENTED_EDGE('',*,*,#944,.T.);
#1276=ORIENTED_EDGE('',*,*,#950,.T.);
#1277=ORIENTED_EDGE('',*,*,#956,.T.);
#1278=ORIENTED_EDGE('',*,*,#962,.T.);
#1279=ORIENTED_EDGE('',*,*,#968,.T.);
#1280=ORIENTED_EDGE('',*,*,#971,.T.);
#1281=ORIENTED_EDGE('',*,*,#984,.F.);
#1282=ORIENTED_EDGE('',*,*,#985,.T.);
#1283=ORIENTED_EDGE('',*,*,#986,.F.);
#1284=ORIENTED_EDGE('',*,*,#985,.F.);
#1285=ORIENTED_EDGE('',*,*,#987,.F.);
#1286=ORIENTED_EDGE('',*,*,#988,.T.);
#1287=ORIENTED_EDGE('',*,*,#989,.F.);
#1288=ORIENTED_EDGE('',*,*,#988,.F.);
#1289=ORIENTED_EDGE('',*,*,#990,.F.);
#1290=ORIENTED_EDGE('',*,*,#991,.T.);
#1291=ORIENTED_EDGE('',*,*,#992,.F.);
#1292=ORIENTED_EDGE('',*,*,#991,.F.);
#1293=ORIENTED_EDGE('',*,*,#993,.F.);
#1294=ORIENTED_EDGE('',*,*,#994,.T.);
#1295=ORIENTED_EDGE('',*,*,#995,.F.);
#1296=ORIENTED_EDGE('',*,*,#994,.F.);
#1297=ORIENTED_EDGE('',*,*,#996,.F.);
#1298=ORIENTED_EDGE('',*,*,#997,.T.);
#1299=ORIENTED_EDGE('',*,*,#998,.F.);
#1300=ORIENTED_EDGE('',*,*,#997,.F.);
#1301=ORIENTED_EDGE('',*,*,#999,.T.);
#1302=ORIENTED_EDGE('',*,*,#1000,.T.);
#1303=ORIENTED_EDGE('',*,*,#1001,.F.);
#1304=ORIENTED_EDGE('',*,*,#1002,.F.);
#1305=ORIENTED_EDGE('',*,*,#1003,.T.);
#1306=ORIENTED_EDGE('',*,*,#1004,.T.);
#1307=ORIENTED_EDGE('',*,*,#1005,.F.);
#1308=ORIENTED_EDGE('',*,*,#1006,.F.);
#1309=ORIENTED_EDGE('',*,*,#1002,.T.);
#1310=ORIENTED_EDGE('',*,*,#1007,.F.);
#1311=ORIENTED_EDGE('',*,*,#1008,.F.);
#1312=ORIENTED_EDGE('',*,*,#1009,.T.);
#1313=ORIENTED_EDGE('',*,*,#1010,.T.);
#1314=ORIENTED_EDGE('',*,*,#1011,.T.);
#1315=ORIENTED_EDGE('',*,*,#1012,.T.);
#1316=ORIENTED_EDGE('',*,*,#1013,.T.);
#1317=ORIENTED_EDGE('',*,*,#1013,.F.);
#1318=ORIENTED_EDGE('',*,*,#1014,.T.);
#1319=ORIENTED_EDGE('',*,*,#1015,.T.);
#1320=ORIENTED_EDGE('',*,*,#1016,.T.);
#1321=ORIENTED_EDGE('',*,*,#1017,.T.);
#1322=ORIENTED_EDGE('',*,*,#1018,.F.);
#1323=ORIENTED_EDGE('',*,*,#1001,.T.);
#1324=ORIENTED_EDGE('',*,*,#1019,.T.);
#1325=ORIENTED_EDGE('',*,*,#1020,.T.);
#1326=ORIENTED_EDGE('',*,*,#1021,.T.);
#1327=ORIENTED_EDGE('',*,*,#1006,.T.);
#1328=ORIENTED_EDGE('',*,*,#1022,.T.);
#1329=ORIENTED_EDGE('',*,*,#1014,.F.);
#1330=ORIENTED_EDGE('',*,*,#1012,.F.);
#1331=ORIENTED_EDGE('',*,*,#1023,.F.);
#1332=ORIENTED_EDGE('',*,*,#1024,.F.);
#1333=ORIENTED_EDGE('',*,*,#1025,.F.);
#1334=ORIENTED_EDGE('',*,*,#1026,.F.);
#1335=ORIENTED_EDGE('',*,*,#1027,.T.);
#1336=ORIENTED_EDGE('',*,*,#1028,.F.);
#1337=ORIENTED_EDGE('',*,*,#1029,.F.);
#1338=ORIENTED_EDGE('',*,*,#1030,.F.);
#1339=ORIENTED_EDGE('',*,*,#1031,.F.);
#1340=ORIENTED_EDGE('',*,*,#1032,.F.);
#1341=ORIENTED_EDGE('',*,*,#1033,.F.);
#1342=ORIENTED_EDGE('',*,*,#1007,.T.);
#1343=ORIENTED_EDGE('',*,*,#986,.T.);
#1344=ORIENTED_EDGE('',*,*,#989,.T.);
#1345=ORIENTED_EDGE('',*,*,#992,.T.);
#1346=ORIENTED_EDGE('',*,*,#995,.T.);
#1347=ORIENTED_EDGE('',*,*,#998,.T.);
#1348=ORIENTED_EDGE('',*,*,#1034,.T.);
#1349=ORIENTED_EDGE('',*,*,#1035,.T.);
#1350=ORIENTED_EDGE('',*,*,#1036,.T.);
#1351=ORIENTED_EDGE('',*,*,#1037,.T.);
#1352=ORIENTED_EDGE('',*,*,#1038,.T.);
#1353=ORIENTED_EDGE('',*,*,#1039,.T.);
#1354=ORIENTED_EDGE('',*,*,#1040,.T.);
#1355=ORIENTED_EDGE('',*,*,#1041,.T.);
#1356=ORIENTED_EDGE('',*,*,#1042,.T.);
#1357=ORIENTED_EDGE('',*,*,#1043,.F.);
#1358=ORIENTED_EDGE('',*,*,#1044,.T.);
#1359=ORIENTED_EDGE('',*,*,#1045,.F.);
#1360=ORIENTED_EDGE('',*,*,#1046,.T.);
#1361=ORIENTED_EDGE('',*,*,#1047,.F.);
#1362=ORIENTED_EDGE('',*,*,#1048,.T.);
#1363=ORIENTED_EDGE('',*,*,#1049,.F.);
#1364=ORIENTED_EDGE('',*,*,#1050,.T.);
#1365=ORIENTED_EDGE('',*,*,#1051,.F.);
#1366=ORIENTED_EDGE('',*,*,#1052,.T.);
#1367=ORIENTED_EDGE('',*,*,#1053,.F.);
#1368=ORIENTED_EDGE('',*,*,#1054,.T.);
#1369=ORIENTED_EDGE('',*,*,#1055,.F.);
#1370=ORIENTED_EDGE('',*,*,#1056,.T.);
#1371=ORIENTED_EDGE('',*,*,#1057,.F.);
#1372=ORIENTED_EDGE('',*,*,#1058,.T.);
#1373=ORIENTED_EDGE('',*,*,#1059,.T.);
#1374=ORIENTED_EDGE('',*,*,#1024,.T.);
#1375=ORIENTED_EDGE('',*,*,#1060,.T.);
#1376=ORIENTED_EDGE('',*,*,#1059,.F.);
#1377=ORIENTED_EDGE('',*,*,#1061,.F.);
#1378=ORIENTED_EDGE('',*,*,#1062,.F.);
#1379=ORIENTED_EDGE('',*,*,#1025,.T.);
#1380=ORIENTED_EDGE('',*,*,#1010,.F.);
#1381=ORIENTED_EDGE('',*,*,#1018,.T.);
#1382=ORIENTED_EDGE('',*,*,#1063,.T.);
#1383=ORIENTED_EDGE('',*,*,#1064,.T.);
#1384=ORIENTED_EDGE('',*,*,#1065,.T.);
#1385=ORIENTED_EDGE('',*,*,#1066,.T.);
#1386=ORIENTED_EDGE('',*,*,#1067,.F.);
#1387=ORIENTED_EDGE('',*,*,#1068,.T.);
#1388=ORIENTED_EDGE('',*,*,#1069,.F.);
#1389=ORIENTED_EDGE('',*,*,#1070,.T.);
#1390=ORIENTED_EDGE('',*,*,#1071,.F.);
#1391=ORIENTED_EDGE('',*,*,#1072,.T.);
#1392=ORIENTED_EDGE('',*,*,#1073,.F.);
#1393=ORIENTED_EDGE('',*,*,#1061,.T.);
#1394=ORIENTED_EDGE('',*,*,#1058,.F.);
#1395=ORIENTED_EDGE('',*,*,#1074,.T.);
#1396=ORIENTED_EDGE('',*,*,#984,.T.);
#1397=ORIENTED_EDGE('',*,*,#987,.T.);
#1398=ORIENTED_EDGE('',*,*,#990,.T.);
#1399=ORIENTED_EDGE('',*,*,#993,.T.);
#1400=ORIENTED_EDGE('',*,*,#996,.T.);
#1401=ORIENTED_EDGE('',*,*,#1075,.T.);
#1402=ORIENTED_EDGE('',*,*,#1076,.T.);
#1403=ORIENTED_EDGE('',*,*,#1077,.T.);
#1404=ORIENTED_EDGE('',*,*,#1078,.T.);
#1405=ORIENTED_EDGE('',*,*,#1079,.T.);
#1406=ORIENTED_EDGE('',*,*,#1080,.T.);
#1407=ORIENTED_EDGE('',*,*,#1081,.T.);
#1408=ORIENTED_EDGE('',*,*,#1082,.T.);
#1409=ORIENTED_EDGE('',*,*,#1083,.T.);
#1410=ORIENTED_EDGE('',*,*,#1084,.F.);
#1411=ORIENTED_EDGE('',*,*,#1085,.T.);
#1412=ORIENTED_EDGE('',*,*,#1086,.F.);
#1413=ORIENTED_EDGE('',*,*,#1087,.T.);
#1414=ORIENTED_EDGE('',*,*,#1088,.F.);
#1415=ORIENTED_EDGE('',*,*,#1089,.T.);
#1416=ORIENTED_EDGE('',*,*,#1090,.F.);
#1417=ORIENTED_EDGE('',*,*,#1091,.T.);
#1418=ORIENTED_EDGE('',*,*,#1092,.T.);
#1419=ORIENTED_EDGE('',*,*,#1093,.T.);
#1420=ORIENTED_EDGE('',*,*,#1094,.F.);
#1421=ORIENTED_EDGE('',*,*,#1095,.T.);
#1422=ORIENTED_EDGE('',*,*,#1096,.F.);
#1423=ORIENTED_EDGE('',*,*,#1097,.T.);
#1424=ORIENTED_EDGE('',*,*,#1098,.F.);
#1425=ORIENTED_EDGE('',*,*,#1099,.T.);
#1426=ORIENTED_EDGE('',*,*,#1100,.F.);
#1427=ORIENTED_EDGE('',*,*,#1101,.T.);
#1428=ORIENTED_EDGE('',*,*,#1102,.T.);
#1429=ORIENTED_EDGE('',*,*,#1069,.T.);
#1430=ORIENTED_EDGE('',*,*,#1103,.T.);
#1431=ORIENTED_EDGE('',*,*,#1030,.T.);
#1432=ORIENTED_EDGE('',*,*,#1104,.T.);
#1433=ORIENTED_EDGE('',*,*,#1103,.F.);
#1434=ORIENTED_EDGE('',*,*,#1068,.F.);
#1435=ORIENTED_EDGE('',*,*,#1105,.F.);
#1436=ORIENTED_EDGE('',*,*,#1031,.T.);
#1437=ORIENTED_EDGE('',*,*,#1067,.T.);
#1438=ORIENTED_EDGE('',*,*,#1106,.T.);
#1439=ORIENTED_EDGE('',*,*,#1032,.T.);
#1440=ORIENTED_EDGE('',*,*,#1105,.T.);
#1441=ORIENTED_EDGE('',*,*,#1073,.T.);
#1442=ORIENTED_EDGE('',*,*,#1107,.T.);
#1443=ORIENTED_EDGE('',*,*,#1026,.T.);
#1444=ORIENTED_EDGE('',*,*,#1062,.T.);
#1445=ORIENTED_EDGE('',*,*,#1107,.F.);
#1446=ORIENTED_EDGE('',*,*,#1072,.F.);
#1447=ORIENTED_EDGE('',*,*,#1108,.F.);
#1448=ORIENTED_EDGE('',*,*,#1027,.F.);
#1449=ORIENTED_EDGE('',*,*,#1028,.T.);
#1450=ORIENTED_EDGE('',*,*,#1108,.T.);
#1451=ORIENTED_EDGE('',*,*,#1071,.T.);
#1452=ORIENTED_EDGE('',*,*,#1109,.T.);
#1453=ORIENTED_EDGE('',*,*,#1086,.T.);
#1454=ORIENTED_EDGE('',*,*,#1110,.T.);
#1455=ORIENTED_EDGE('',*,*,#1047,.T.);
#1456=ORIENTED_EDGE('',*,*,#1111,.T.);
#1457=ORIENTED_EDGE('',*,*,#1110,.F.);
#1458=ORIENTED_EDGE('',*,*,#1085,.F.);
#1459=ORIENTED_EDGE('',*,*,#1112,.F.);
#1460=ORIENTED_EDGE('',*,*,#1048,.F.);
#1461=ORIENTED_EDGE('',*,*,#1088,.T.);
#1462=ORIENTED_EDGE('',*,*,#1113,.T.);
#1463=ORIENTED_EDGE('',*,*,#1045,.T.);
#1464=ORIENTED_EDGE('',*,*,#1114,.T.);
#1465=ORIENTED_EDGE('',*,*,#1111,.F.);
#1466=ORIENTED_EDGE('',*,*,#1046,.F.);
#1467=ORIENTED_EDGE('',*,*,#1113,.F.);
#1468=ORIENTED_EDGE('',*,*,#1087,.F.);
#1469=ORIENTED_EDGE('',*,*,#1090,.T.);
#1470=ORIENTED_EDGE('',*,*,#1115,.T.);
#1471=ORIENTED_EDGE('',*,*,#1043,.T.);
#1472=ORIENTED_EDGE('',*,*,#1116,.T.);
#1473=ORIENTED_EDGE('',*,*,#1114,.F.);
#1474=ORIENTED_EDGE('',*,*,#1044,.F.);
#1475=ORIENTED_EDGE('',*,*,#1115,.F.);
#1476=ORIENTED_EDGE('',*,*,#1089,.F.);
#1477=ORIENTED_EDGE('',*,*,#1084,.T.);
#1478=ORIENTED_EDGE('',*,*,#1117,.T.);
#1479=ORIENTED_EDGE('',*,*,#1049,.T.);
#1480=ORIENTED_EDGE('',*,*,#1112,.T.);
#1481=ORIENTED_EDGE('',*,*,#1116,.F.);
#1482=ORIENTED_EDGE('',*,*,#1042,.F.);
#1483=ORIENTED_EDGE('',*,*,#1117,.F.);
#1484=ORIENTED_EDGE('',*,*,#1083,.F.);
#1485=ORIENTED_EDGE('',*,*,#1096,.T.);
#1486=ORIENTED_EDGE('',*,*,#1118,.T.);
#1487=ORIENTED_EDGE('',*,*,#1055,.T.);
#1488=ORIENTED_EDGE('',*,*,#1119,.T.);
#1489=ORIENTED_EDGE('',*,*,#1118,.F.);
#1490=ORIENTED_EDGE('',*,*,#1095,.F.);
#1491=ORIENTED_EDGE('',*,*,#1120,.F.);
#1492=ORIENTED_EDGE('',*,*,#1056,.F.);
#1493=ORIENTED_EDGE('',*,*,#1098,.T.);
#1494=ORIENTED_EDGE('',*,*,#1121,.T.);
#1495=ORIENTED_EDGE('',*,*,#1053,.T.);
#1496=ORIENTED_EDGE('',*,*,#1122,.T.);
#1497=ORIENTED_EDGE('',*,*,#1119,.F.);
#1498=ORIENTED_EDGE('',*,*,#1054,.F.);
#1499=ORIENTED_EDGE('',*,*,#1121,.F.);
#1500=ORIENTED_EDGE('',*,*,#1097,.F.);
#1501=ORIENTED_EDGE('',*,*,#1100,.T.);
#1502=ORIENTED_EDGE('',*,*,#1123,.T.);
#1503=ORIENTED_EDGE('',*,*,#1051,.T.);
#1504=ORIENTED_EDGE('',*,*,#1124,.T.);
#1505=ORIENTED_EDGE('',*,*,#1122,.F.);
#1506=ORIENTED_EDGE('',*,*,#1052,.F.);
#1507=ORIENTED_EDGE('',*,*,#1123,.F.);
#1508=ORIENTED_EDGE('',*,*,#1099,.F.);
#1509=ORIENTED_EDGE('',*,*,#1094,.T.);
#1510=ORIENTED_EDGE('',*,*,#1125,.T.);
#1511=ORIENTED_EDGE('',*,*,#1057,.T.);
#1512=ORIENTED_EDGE('',*,*,#1120,.T.);
#1513=ORIENTED_EDGE('',*,*,#1124,.F.);
#1514=ORIENTED_EDGE('',*,*,#1050,.F.);
#1515=ORIENTED_EDGE('',*,*,#1125,.F.);
#1516=ORIENTED_EDGE('',*,*,#1093,.F.);
#1517=ORIENTED_EDGE('',*,*,#1126,.T.);
#1518=ORIENTED_EDGE('',*,*,#1003,.F.);
#1519=ORIENTED_EDGE('',*,*,#1021,.F.);
#1520=ORIENTED_EDGE('',*,*,#1127,.F.);
#1521=ORIENTED_EDGE('',*,*,#1128,.T.);
#1522=ORIENTED_EDGE('',*,*,#1129,.T.);
#1523=ORIENTED_EDGE('',*,*,#1019,.F.);
#1524=ORIENTED_EDGE('',*,*,#1000,.F.);
#1525=ORIENTED_EDGE('',*,*,#1005,.T.);
#1526=ORIENTED_EDGE('',*,*,#1130,.T.);
#1527=ORIENTED_EDGE('',*,*,#1015,.F.);
#1528=ORIENTED_EDGE('',*,*,#1022,.F.);
#1529=ORIENTED_EDGE('',*,*,#1126,.F.);
#1530=ORIENTED_EDGE('',*,*,#1131,.F.);
#1531=ORIENTED_EDGE('',*,*,#1132,.F.);
#1532=ORIENTED_EDGE('',*,*,#1016,.F.);
#1533=ORIENTED_EDGE('',*,*,#1130,.F.);
#1534=ORIENTED_EDGE('',*,*,#1004,.F.);
#1535=ORIENTED_EDGE('',*,*,#1133,.F.);
#1536=ORIENTED_EDGE('',*,*,#1134,.F.);
#1537=ORIENTED_EDGE('',*,*,#1128,.F.);
#1538=ORIENTED_EDGE('',*,*,#999,.F.);
#1539=ORIENTED_EDGE('',*,*,#1009,.F.);
#1540=ORIENTED_EDGE('',*,*,#1135,.F.);
#1541=ORIENTED_EDGE('',*,*,#1136,.F.);
#1542=ORIENTED_EDGE('',*,*,#1137,.F.);
#1543=ORIENTED_EDGE('',*,*,#1138,.F.);
#1544=ORIENTED_EDGE('',*,*,#1139,.F.);
#1545=ORIENTED_EDGE('',*,*,#1132,.T.);
#1546=ORIENTED_EDGE('',*,*,#1140,.F.);
#1547=ORIENTED_EDGE('',*,*,#1063,.F.);
#1548=ORIENTED_EDGE('',*,*,#1017,.F.);
#1549=ORIENTED_EDGE('',*,*,#1136,.T.);
#1550=ORIENTED_EDGE('',*,*,#1141,.F.);
#1551=ORIENTED_EDGE('',*,*,#1065,.F.);
#1552=ORIENTED_EDGE('',*,*,#1142,.T.);
#1553=ORIENTED_EDGE('',*,*,#1137,.T.);
#1554=ORIENTED_EDGE('',*,*,#1142,.F.);
#1555=ORIENTED_EDGE('',*,*,#1064,.F.);
#1556=ORIENTED_EDGE('',*,*,#1140,.T.);
#1557=ORIENTED_EDGE('',*,*,#1131,.T.);
#1558=ORIENTED_EDGE('',*,*,#1127,.T.);
#1559=ORIENTED_EDGE('',*,*,#1020,.F.);
#1560=ORIENTED_EDGE('',*,*,#1129,.F.);
#1561=ORIENTED_EDGE('',*,*,#1102,.F.);
#1562=ORIENTED_EDGE('',*,*,#1143,.T.);
#1563=ORIENTED_EDGE('',*,*,#1139,.T.);
#1564=ORIENTED_EDGE('',*,*,#1143,.F.);
#1565=ORIENTED_EDGE('',*,*,#1101,.F.);
#1566=ORIENTED_EDGE('',*,*,#1144,.T.);
#1567=ORIENTED_EDGE('',*,*,#1133,.T.);
#1568=ORIENTED_EDGE('',*,*,#1144,.F.);
#1569=ORIENTED_EDGE('',*,*,#1092,.F.);
#1570=ORIENTED_EDGE('',*,*,#1145,.T.);
#1571=ORIENTED_EDGE('',*,*,#1138,.T.);
#1572=ORIENTED_EDGE('',*,*,#1145,.F.);
#1573=ORIENTED_EDGE('',*,*,#1091,.F.);
#1574=ORIENTED_EDGE('',*,*,#1146,.T.);
#1575=ORIENTED_EDGE('',*,*,#1134,.T.);
#1576=ORIENTED_EDGE('',*,*,#1146,.F.);
#1577=ORIENTED_EDGE('',*,*,#1106,.F.);
#1578=ORIENTED_EDGE('',*,*,#1066,.F.);
#1579=ORIENTED_EDGE('',*,*,#1141,.T.);
#1580=ORIENTED_EDGE('',*,*,#1135,.T.);
#1581=ORIENTED_EDGE('',*,*,#1008,.T.);
#1582=ORIENTED_EDGE('',*,*,#1033,.T.);
#1583=ORIENTED_EDGE('',*,*,#1075,.F.);
#1584=ORIENTED_EDGE('',*,*,#1147,.T.);
#1585=ORIENTED_EDGE('',*,*,#1041,.F.);
#1586=ORIENTED_EDGE('',*,*,#1147,.F.);
#1587=ORIENTED_EDGE('',*,*,#1076,.F.);
#1588=ORIENTED_EDGE('',*,*,#1148,.T.);
#1589=ORIENTED_EDGE('',*,*,#1040,.F.);
#1590=ORIENTED_EDGE('',*,*,#1148,.F.);
#1591=ORIENTED_EDGE('',*,*,#1077,.F.);
#1592=ORIENTED_EDGE('',*,*,#1149,.T.);
#1593=ORIENTED_EDGE('',*,*,#1039,.F.);
#1594=ORIENTED_EDGE('',*,*,#1149,.F.);
#1595=ORIENTED_EDGE('',*,*,#1078,.F.);
#1596=ORIENTED_EDGE('',*,*,#1150,.T.);
#1597=ORIENTED_EDGE('',*,*,#1038,.F.);
#1598=ORIENTED_EDGE('',*,*,#1150,.F.);
#1599=ORIENTED_EDGE('',*,*,#1079,.F.);
#1600=ORIENTED_EDGE('',*,*,#1151,.T.);
#1601=ORIENTED_EDGE('',*,*,#1037,.F.);
#1602=ORIENTED_EDGE('',*,*,#1151,.F.);
#1603=ORIENTED_EDGE('',*,*,#1080,.F.);
#1604=ORIENTED_EDGE('',*,*,#1152,.T.);
#1605=ORIENTED_EDGE('',*,*,#1036,.F.);
#1606=ORIENTED_EDGE('',*,*,#1152,.F.);
#1607=ORIENTED_EDGE('',*,*,#1081,.F.);
#1608=ORIENTED_EDGE('',*,*,#1153,.T.);
#1609=ORIENTED_EDGE('',*,*,#1035,.F.);
#1610=ORIENTED_EDGE('',*,*,#1153,.F.);
#1611=ORIENTED_EDGE('',*,*,#1082,.F.);
#1612=ORIENTED_EDGE('',*,*,#1154,.T.);
#1613=ORIENTED_EDGE('',*,*,#1034,.F.);
#1614=ORIENTED_EDGE('',*,*,#1154,.F.);
#1615=ORIENTED_EDGE('',*,*,#1011,.F.);
#1616=ORIENTED_EDGE('',*,*,#1074,.F.);
#1617=ORIENTED_EDGE('',*,*,#1060,.F.);
#1618=ORIENTED_EDGE('',*,*,#1023,.T.);
#1619=ORIENTED_EDGE('',*,*,#1104,.F.);
#1620=ORIENTED_EDGE('',*,*,#1029,.T.);
#1621=ORIENTED_EDGE('',*,*,#1109,.F.);
#1622=ORIENTED_EDGE('',*,*,#1070,.F.);
#1623=ORIENTED_EDGE('',*,*,#1155,.F.);
#1624=ORIENTED_EDGE('',*,*,#1156,.T.);
#1625=ORIENTED_EDGE('',*,*,#1157,.F.);
#1626=ORIENTED_EDGE('',*,*,#1156,.F.);
#1627=ORIENTED_EDGE('',*,*,#1158,.F.);
#1628=ORIENTED_EDGE('',*,*,#1159,.T.);
#1629=ORIENTED_EDGE('',*,*,#1160,.F.);
#1630=ORIENTED_EDGE('',*,*,#1159,.F.);
#1631=ORIENTED_EDGE('',*,*,#1161,.F.);
#1632=ORIENTED_EDGE('',*,*,#1162,.T.);
#1633=ORIENTED_EDGE('',*,*,#1163,.F.);
#1634=ORIENTED_EDGE('',*,*,#1162,.F.);
#1635=ORIENTED_EDGE('',*,*,#1164,.F.);
#1636=ORIENTED_EDGE('',*,*,#1165,.T.);
#1637=ORIENTED_EDGE('',*,*,#1166,.F.);
#1638=ORIENTED_EDGE('',*,*,#1165,.F.);
#1639=ORIENTED_EDGE('',*,*,#1167,.F.);
#1640=ORIENTED_EDGE('',*,*,#1168,.T.);
#1641=ORIENTED_EDGE('',*,*,#1169,.F.);
#1642=ORIENTED_EDGE('',*,*,#1168,.F.);
#1643=ORIENTED_EDGE('',*,*,#1170,.F.);
#1644=ORIENTED_EDGE('',*,*,#1171,.T.);
#1645=ORIENTED_EDGE('',*,*,#1172,.T.);
#1646=ORIENTED_EDGE('',*,*,#1171,.F.);
#1647=ORIENTED_EDGE('',*,*,#1170,.T.);
#1648=ORIENTED_EDGE('',*,*,#1155,.T.);
#1649=ORIENTED_EDGE('',*,*,#1158,.T.);
#1650=ORIENTED_EDGE('',*,*,#1161,.T.);
#1651=ORIENTED_EDGE('',*,*,#1164,.T.);
#1652=ORIENTED_EDGE('',*,*,#1167,.T.);
#1653=ORIENTED_EDGE('',*,*,#1172,.F.);
#1654=ORIENTED_EDGE('',*,*,#1157,.T.);
#1655=ORIENTED_EDGE('',*,*,#1160,.T.);
#1656=ORIENTED_EDGE('',*,*,#1163,.T.);
#1657=ORIENTED_EDGE('',*,*,#1166,.T.);
#1658=ORIENTED_EDGE('',*,*,#1169,.T.);
#1659=CYLINDRICAL_SURFACE('',#1881,1.55);
#1660=CYLINDRICAL_SURFACE('',#1884,1.55);
#1661=CYLINDRICAL_SURFACE('',#1887,1.55);
#1662=CYLINDRICAL_SURFACE('',#1890,1.55);
#1663=CYLINDRICAL_SURFACE('',#1893,1.55);
#1664=CYLINDRICAL_SURFACE('',#1899,2.25);
#1665=CYLINDRICAL_SURFACE('',#1901,1.05);
#1666=CYLINDRICAL_SURFACE('',#1906,2.25);
#1667=CYLINDRICAL_SURFACE('',#1908,1.05);
#1668=CYLINDRICAL_SURFACE('',#1913,2.25);
#1669=CYLINDRICAL_SURFACE('',#1915,1.05);
#1670=CYLINDRICAL_SURFACE('',#1920,2.25);
#1671=CYLINDRICAL_SURFACE('',#1922,1.05);
#1672=CYLINDRICAL_SURFACE('',#1924,10.5);
#1673=CYLINDRICAL_SURFACE('',#1928,25.);
#1674=CYLINDRICAL_SURFACE('',#1936,1.2295);
#1675=CYLINDRICAL_SURFACE('',#1939,1.2295);
#1676=CYLINDRICAL_SURFACE('',#1942,1.2295);
#1677=CYLINDRICAL_SURFACE('',#1945,1.2295);
#1678=CYLINDRICAL_SURFACE('',#1948,1.2295);
#1679=CYLINDRICAL_SURFACE('',#1951,1.05);
#1680=CYLINDRICAL_SURFACE('',#1954,1.05);
#1681=CYLINDRICAL_SURFACE('',#1958,2.);
#1682=CYLINDRICAL_SURFACE('',#1986,2.);
#1683=CYLINDRICAL_SURFACE('',#2016,2.);
#1684=CYLINDRICAL_SURFACE('',#2018,2.);
#1685=CYLINDRICAL_SURFACE('',#2019,2.);
#1686=CYLINDRICAL_SURFACE('',#2020,25.);
#1687=CYLINDRICAL_SURFACE('',#2021,2.);
#1688=CYLINDRICAL_SURFACE('',#2022,2.);
#1689=CYLINDRICAL_SURFACE('',#2024,2.);
#1690=CYLINDRICAL_SURFACE('',#2026,2.);
#1691=CYLINDRICAL_SURFACE('',#2028,2.);
#1692=CYLINDRICAL_SURFACE('',#2030,2.);
#1693=CYLINDRICAL_SURFACE('',#2032,2.);
#1694=CYLINDRICAL_SURFACE('',#2034,2.);
#1695=CYLINDRICAL_SURFACE('',#2036,2.);
#1696=CYLINDRICAL_SURFACE('',#2051,11.6845367901342);
#1697=CYLINDRICAL_SURFACE('',#2052,1.05);
#1698=CYLINDRICAL_SURFACE('',#2053,1.05);
#1699=CYLINDRICAL_SURFACE('',#2054,1.05);
#1700=CYLINDRICAL_SURFACE('',#2055,1.05);
#1701=CYLINDRICAL_SURFACE('',#2057,1.55);
#1702=CYLINDRICAL_SURFACE('',#2058,1.55);
#1703=CYLINDRICAL_SURFACE('',#2059,1.55);
#1704=CYLINDRICAL_SURFACE('',#2060,1.55);
#1705=CYLINDRICAL_SURFACE('',#2061,1.55);
#1706=CYLINDRICAL_SURFACE('',#2062,1.55);
#1707=CYLINDRICAL_SURFACE('',#2063,1.55);
#1708=CYLINDRICAL_SURFACE('',#2064,1.55);
#1709=CYLINDRICAL_SURFACE('',#2068,3.25);
#1710=CYLINDRICAL_SURFACE('',#2071,1.55);
#1711=CYLINDRICAL_SURFACE('',#2074,1.55);
#1712=CYLINDRICAL_SURFACE('',#2077,1.55);
#1713=CYLINDRICAL_SURFACE('',#2080,1.55);
#1714=CYLINDRICAL_SURFACE('',#2083,10.);
#1715=ADVANCED_FACE('',(#142),#1659,.F.);
#1716=ADVANCED_FACE('',(#143),#1660,.F.);
#1717=ADVANCED_FACE('',(#144),#1661,.F.);
#1718=ADVANCED_FACE('',(#145),#1662,.F.);
#1719=ADVANCED_FACE('',(#146),#1663,.F.);
#1720=ADVANCED_FACE('',(#147,#35),#107,.T.);
#1721=ADVANCED_FACE('',(#148),#1664,.F.);
#1722=ADVANCED_FACE('',(#149),#1665,.F.);
#1723=ADVANCED_FACE('',(#150,#36),#108,.T.);
#1724=ADVANCED_FACE('',(#151),#1666,.F.);
#1725=ADVANCED_FACE('',(#152),#1667,.F.);
#1726=ADVANCED_FACE('',(#153,#37),#109,.T.);
#1727=ADVANCED_FACE('',(#154),#1668,.F.);
#1728=ADVANCED_FACE('',(#155),#1669,.F.);
#1729=ADVANCED_FACE('',(#156,#38),#110,.T.);
#1730=ADVANCED_FACE('',(#157),#1670,.F.);
#1731=ADVANCED_FACE('',(#158),#1671,.F.);
#1732=ADVANCED_FACE('',(#159),#1672,.F.);
#1733=ADVANCED_FACE('',(#160),#111,.T.);
#1734=ADVANCED_FACE('',(#161),#1673,.T.);
#1735=ADVANCED_FACE('',(#162),#112,.T.);
#1736=ADVANCED_FACE('',(#163),#113,.T.);
#1737=ADVANCED_FACE('',(#164,#39,#40,#41,#42,#43,#44,#45,#46,#47,#48),#114,
 .T.);
#1738=ADVANCED_FACE('',(#165,#49,#50,#51,#52,#53,#54,#55,#56,#57,#58),#115,
 .F.);
#1739=ADVANCED_FACE('',(#166),#1674,.F.);
#1740=ADVANCED_FACE('',(#167),#1675,.F.);
#1741=ADVANCED_FACE('',(#168),#1676,.F.);
#1742=ADVANCED_FACE('',(#169),#1677,.F.);
#1743=ADVANCED_FACE('',(#170),#1678,.F.);
#1744=ADVANCED_FACE('',(#171),#1679,.F.);
#1745=ADVANCED_FACE('',(#172),#1680,.F.);
#1746=ADVANCED_FACE('',(#173),#116,.F.);
#1747=ADVANCED_FACE('',(#174),#1681,.T.);
#1748=ADVANCED_FACE('',(#175),#117,.T.);
#1749=ADVANCED_FACE('',(#176,#59,#60,#61,#62,#63,#64,#65,#66,#67,#68,#69,
#70,#71,#72,#73),#118,.F.);
#1750=ADVANCED_FACE('',(#177),#1682,.T.);
#1751=ADVANCED_FACE('',(#178),#119,.T.);
#1752=ADVANCED_FACE('',(#179,#74,#75,#76,#77,#78,#79,#80,#81,#82,#83,#84,
#85,#86,#87,#88,#89,#90,#91,#92),#120,.T.);
#1753=ADVANCED_FACE('',(#180),#1683,.T.);
#1754=ADVANCED_FACE('',(#181),#121,.T.);
#1755=ADVANCED_FACE('',(#182),#1684,.T.);
#1756=ADVANCED_FACE('',(#183),#1685,.F.);
#1757=ADVANCED_FACE('',(#184),#1686,.T.);
#1758=ADVANCED_FACE('',(#185),#1687,.F.);
#1759=ADVANCED_FACE('',(#186),#1688,.F.);
#1760=ADVANCED_FACE('',(#187),#122,.F.);
#1761=ADVANCED_FACE('',(#188),#1689,.F.);
#1762=ADVANCED_FACE('',(#189),#123,.F.);
#1763=ADVANCED_FACE('',(#190),#1690,.F.);
#1764=ADVANCED_FACE('',(#191),#124,.F.);
#1765=ADVANCED_FACE('',(#192),#1691,.F.);
#1766=ADVANCED_FACE('',(#193),#125,.F.);
#1767=ADVANCED_FACE('',(#194),#1692,.F.);
#1768=ADVANCED_FACE('',(#195),#126,.F.);
#1769=ADVANCED_FACE('',(#196),#1693,.F.);
#1770=ADVANCED_FACE('',(#197),#127,.F.);
#1771=ADVANCED_FACE('',(#198),#1694,.F.);
#1772=ADVANCED_FACE('',(#199),#128,.F.);
#1773=ADVANCED_FACE('',(#200),#1695,.F.);
#1774=ADVANCED_FACE('',(#201),#129,.F.);
#1775=ADVANCED_FACE('',(#202),#130,.T.);
#1776=ADVANCED_FACE('',(#203),#131,.T.);
#1777=ADVANCED_FACE('',(#204),#132,.F.);
#1778=ADVANCED_FACE('',(#205,#93,#94),#133,.T.);
#1779=ADVANCED_FACE('',(#206,#95,#96),#134,.T.);
#1780=ADVANCED_FACE('',(#207),#135,.F.);
#1781=ADVANCED_FACE('',(#208),#136,.F.);
#1782=ADVANCED_FACE('',(#209),#1696,.F.);
#1783=ADVANCED_FACE('',(#210),#1697,.F.);
#1784=ADVANCED_FACE('',(#211),#1698,.F.);
#1785=ADVANCED_FACE('',(#212),#1699,.F.);
#1786=ADVANCED_FACE('',(#213),#1700,.F.);
#1787=ADVANCED_FACE('',(#214),#137,.T.);
#1788=ADVANCED_FACE('',(#215),#1701,.F.);
#1789=ADVANCED_FACE('',(#216),#1702,.F.);
#1790=ADVANCED_FACE('',(#217),#1703,.F.);
#1791=ADVANCED_FACE('',(#218),#1704,.F.);
#1792=ADVANCED_FACE('',(#219),#1705,.F.);
#1793=ADVANCED_FACE('',(#220),#1706,.F.);
#1794=ADVANCED_FACE('',(#221),#1707,.F.);
#1795=ADVANCED_FACE('',(#222),#1708,.F.);
#1796=ADVANCED_FACE('',(#223),#138,.T.);
#1797=ADVANCED_FACE('',(#224),#139,.T.);
#1798=ADVANCED_FACE('',(#225),#1709,.F.);
#1799=ADVANCED_FACE('',(#226),#1710,.F.);
#1800=ADVANCED_FACE('',(#227),#1711,.F.);
#1801=ADVANCED_FACE('',(#228),#1712,.F.);
#1802=ADVANCED_FACE('',(#229),#1713,.F.);
#1803=ADVANCED_FACE('',(#230),#1714,.T.);
#1804=ADVANCED_FACE('',(#231,#97,#98,#99,#100,#101),#140,.T.);
#1805=ADVANCED_FACE('',(#232,#102,#103,#104,#105,#106),#141,.F.);
#1806=CLOSED_SHELL('',(#1715,#1716,#1717,#1718,#1719,#1720,#1721,#1722,
#1723,#1724,#1725,#1726,#1727,#1728,#1729,#1730,#1731,#1732,#1733,#1734,
#1735,#1736,#1737,#1738));
#1807=CLOSED_SHELL('',(#1739,#1740,#1741,#1742,#1743,#1744,#1745,#1746,
#1747,#1748,#1749,#1750,#1751,#1752,#1753,#1754,#1755,#1756,#1757,#1758,
#1759,#1760,#1761,#1762,#1763,#1764,#1765,#1766,#1767,#1768,#1769,#1770,
#1771,#1772,#1773,#1774,#1775,#1776,#1777,#1778,#1779,#1780,#1781,#1782,
#1783,#1784,#1785,#1786,#1787,#1788,#1789,#1790,#1791,#1792,#1793,#1794,
#1795,#1796,#1797));
#1808=CLOSED_SHELL('',(#1798,#1799,#1800,#1801,#1802,#1803,#1804,#1805));
#1809=DERIVED_UNIT_ELEMENT(#1816,1.);
#1810=DERIVED_UNIT_ELEMENT(#3158,-3.);
#1811=DERIVED_UNIT_ELEMENT(#1816,1.);
#1812=DERIVED_UNIT_ELEMENT(#3158,-3.);
#1813=DERIVED_UNIT_ELEMENT(#1816,1.);
#1814=DERIVED_UNIT_ELEMENT(#3158,-3.);
#1815=DIMENSIONAL_EXPONENTS(0.,1.,0.,0.,0.,0.,0.);
#1816=(
CONVERSION_BASED_UNIT('gram',#1818)
MASS_UNIT()
NAMED_UNIT(#1815)
);
#1817=(
MASS_UNIT()
NAMED_UNIT(*)
SI_UNIT(.KILO.,.GRAM.)
);
#1818=MASS_MEASURE_WITH_UNIT(MASS_MEASURE(0.001),#1817);
#1819=DERIVED_UNIT((#1809,#1810));
#1820=DERIVED_UNIT((#1811,#1812));
#1821=DERIVED_UNIT((#1813,#1814));
#1822=MEASURE_REPRESENTATION_ITEM('density measure',
POSITIVE_RATIO_MEASURE(2.7),#1819);
#1823=MEASURE_REPRESENTATION_ITEM('density measure',
POSITIVE_RATIO_MEASURE(2.7),#1820);
#1824=MEASURE_REPRESENTATION_ITEM('density measure',
POSITIVE_RATIO_MEASURE(2.7),#1821);
#1825=PROPERTY_DEFINITION_REPRESENTATION(#1840,#1831);
#1826=PROPERTY_DEFINITION_REPRESENTATION(#1841,#1832);
#1827=PROPERTY_DEFINITION_REPRESENTATION(#1842,#1833);
#1828=PROPERTY_DEFINITION_REPRESENTATION(#1843,#1834);
#1829=PROPERTY_DEFINITION_REPRESENTATION(#1844,#1835);
#1830=PROPERTY_DEFINITION_REPRESENTATION(#1845,#1836);
#1831=REPRESENTATION('material name',(#1837),#3153);
#1832=REPRESENTATION('density',(#1822),#3153);
#1833=REPRESENTATION('material name',(#1838),#3154);
#1834=REPRESENTATION('density',(#1823),#3154);
#1835=REPRESENTATION('material name',(#1839),#3155);
#1836=REPRESENTATION('density',(#1824),#3155);
#1837=DESCRIPTIVE_REPRESENTATION_ITEM('\X2\30A230EB30DF30CB30A630E0\X0\ 
6061','\X2\30A230EB30DF30CB30A630E0\X0\ 6061');
#1838=DESCRIPTIVE_REPRESENTATION_ITEM('\X2\30A230EB30DF30CB30A630E0\X0\ 
6061','\X2\30A230EB30DF30CB30A630E0\X0\ 6061');
#1839=DESCRIPTIVE_REPRESENTATION_ITEM('\X2\30A230EB30DF30CB30A630E0\X0\ 
6061','\X2\30A230EB30DF30CB30A630E0\X0\ 6061');
#1840=PROPERTY_DEFINITION('material property','material name',#3178);
#1841=PROPERTY_DEFINITION('material property','density of part',#3178);
#1842=PROPERTY_DEFINITION('material property','material name',#3179);
#1843=PROPERTY_DEFINITION('material property','density of part',#3179);
#1844=PROPERTY_DEFINITION('material property','material name',#3180);
#1845=PROPERTY_DEFINITION('material property','density of part',#3180);
#1846=PRESENTATION_STYLE_ASSIGNMENT((#1847));
#1847=SURFACE_STYLE_USAGE(.BOTH.,#1850);
#1848=SURFACE_STYLE_RENDERING_WITH_PROPERTIES($,#1854,(#1849));
#1849=SURFACE_STYLE_TRANSPARENT(0.);
#1850=SURFACE_SIDE_STYLE('',(#1851,#1848));
#1851=SURFACE_STYLE_FILL_AREA(#1852);
#1852=FILL_AREA_STYLE('',(#1853));
#1853=FILL_AREA_STYLE_COLOUR('',#1854);
#1854=COLOUR_RGB('',0.996078431372549,0.996078431372549,1.);
#1855=DATE_TIME_ROLE('creation_date');
#1856=DATE_TIME_ROLE('creation_date');
#1857=DATE_TIME_ROLE('creation_date');
#1858=DATE_TIME_ROLE('creation_date');
#1859=APPLIED_DATE_AND_TIME_ASSIGNMENT(#1863,#1855,(#3177));
#1860=APPLIED_DATE_AND_TIME_ASSIGNMENT(#1864,#1856,(#3178));
#1861=APPLIED_DATE_AND_TIME_ASSIGNMENT(#1865,#1857,(#3179));
#1862=APPLIED_DATE_AND_TIME_ASSIGNMENT(#1866,#1858,(#3180));
#1863=DATE_AND_TIME(#1867,#1871);
#1864=DATE_AND_TIME(#1868,#1872);
#1865=DATE_AND_TIME(#1869,#1873);
#1866=DATE_AND_TIME(#1870,#1874);
#1867=CALENDAR_DATE(2025,27,4);
#1868=CALENDAR_DATE(2023,14,11);
#1869=CALENDAR_DATE(2023,14,11);
#1870=CALENDAR_DATE(2023,10,11);
#1871=LOCAL_TIME(0,0,0.,#1875);
#1872=LOCAL_TIME(0,0,0.,#1876);
#1873=LOCAL_TIME(0,0,0.,#1877);
#1874=LOCAL_TIME(0,0,0.,#1878);
#1875=COORDINATED_UNIVERSAL_TIME_OFFSET(0,0,.BEHIND.);
#1876=COORDINATED_UNIVERSAL_TIME_OFFSET(0,0,.BEHIND.);
#1877=COORDINATED_UNIVERSAL_TIME_OFFSET(0,0,.BEHIND.);
#1878=COORDINATED_UNIVERSAL_TIME_OFFSET(0,0,.BEHIND.);
#1879=AXIS2_PLACEMENT_3D('',#2644,#2091,#2092);
#1880=AXIS2_PLACEMENT_3D('',#2645,#2093,#2094);
#1881=AXIS2_PLACEMENT_3D('',#2646,#2095,#2096);
#1882=AXIS2_PLACEMENT_3D('',#2648,#2097,#2098);
#1883=AXIS2_PLACEMENT_3D('',#2651,#2100,#2101);
#1884=AXIS2_PLACEMENT_3D('',#2652,#2102,#2103);
#1885=AXIS2_PLACEMENT_3D('',#2654,#2104,#2105);
#1886=AXIS2_PLACEMENT_3D('',#2657,#2107,#2108);
#1887=AXIS2_PLACEMENT_3D('',#2658,#2109,#2110);
#1888=AXIS2_PLACEMENT_3D('',#2660,#2111,#2112);
#1889=AXIS2_PLACEMENT_3D('',#2663,#2114,#2115);
#1890=AXIS2_PLACEMENT_3D('',#2664,#2116,#2117);
#1891=AXIS2_PLACEMENT_3D('',#2666,#2118,#2119);
#1892=AXIS2_PLACEMENT_3D('',#2669,#2121,#2122);
#1893=AXIS2_PLACEMENT_3D('',#2670,#2123,#2124);
#1894=AXIS2_PLACEMENT_3D('',#2672,#2125,#2126);
#1895=AXIS2_PLACEMENT_3D('',#2675,#2128,#2129);
#1896=AXIS2_PLACEMENT_3D('',#2676,#2130,#2131);
#1897=AXIS2_PLACEMENT_3D('',#2678,#2132,#2133);
#1898=AXIS2_PLACEMENT_3D('',#2680,#2134,#2135);
#1899=AXIS2_PLACEMENT_3D('',#2681,#2136,#2137);
#1900=AXIS2_PLACEMENT_3D('',#2683,#2138,#2139);
#1901=AXIS2_PLACEMENT_3D('',#2685,#2141,#2142);
#1902=AXIS2_PLACEMENT_3D('',#2688,#2144,#2145);
#1903=AXIS2_PLACEMENT_3D('',#2689,#2146,#2147);
#1904=AXIS2_PLACEMENT_3D('',#2691,#2148,#2149);
#1905=AXIS2_PLACEMENT_3D('',#2693,#2150,#2151);
#1906=AXIS2_PLACEMENT_3D('',#2694,#2152,#2153);
#1907=AXIS2_PLACEMENT_3D('',#2696,#2154,#2155);
#1908=AXIS2_PLACEMENT_3D('',#2698,#2157,#2158);
#1909=AXIS2_PLACEMENT_3D('',#2701,#2160,#2161);
#1910=AXIS2_PLACEMENT_3D('',#2702,#2162,#2163);
#1911=AXIS2_PLACEMENT_3D('',#2704,#2164,#2165);
#1912=AXIS2_PLACEMENT_3D('',#2706,#2166,#2167);
#1913=AXIS2_PLACEMENT_3D('',#2707,#2168,#2169);
#1914=AXIS2_PLACEMENT_3D('',#2709,#2170,#2171);
#1915=AXIS2_PLACEMENT_3D('',#2711,#2173,#2174);
#1916=AXIS2_PLACEMENT_3D('',#2714,#2176,#2177);
#1917=AXIS2_PLACEMENT_3D('',#2715,#2178,#2179);
#1918=AXIS2_PLACEMENT_3D('',#2717,#2180,#2181);
#1919=AXIS2_PLACEMENT_3D('',#2719,#2182,#2183);
#1920=AXIS2_PLACEMENT_3D('',#2720,#2184,#2185);
#1921=AXIS2_PLACEMENT_3D('',#2722,#2186,#2187);
#1922=AXIS2_PLACEMENT_3D('',#2724,#2189,#2190);
#1923=AXIS2_PLACEMENT_3D('',#2727,#2192,#2193);
#1924=AXIS2_PLACEMENT_3D('',#2728,#2194,#2195);
#1925=AXIS2_PLACEMENT_3D('',#2730,#2196,#2197);
#1926=AXIS2_PLACEMENT_3D('',#2733,#2199,#2200);
#1927=AXIS2_PLACEMENT_3D('',#2734,#2201,#2202);
#1928=AXIS2_PLACEMENT_3D('',#2743,#2207,#2208);
#1929=AXIS2_PLACEMENT_3D('',#2745,#2209,#2210);
#1930=AXIS2_PLACEMENT_3D('',#2747,#2211,#2212);
#1931=AXIS2_PLACEMENT_3D('',#2749,#2214,#2215);
#1932=AXIS2_PLACEMENT_3D('',#2755,#2219,#2220);
#1933=AXIS2_PLACEMENT_3D('',#2758,#2223,#2224);
#1934=AXIS2_PLACEMENT_3D('',#2759,#2225,#2226);
#1935=AXIS2_PLACEMENT_3D('',#2760,#2227,#2228);
#1936=AXIS2_PLACEMENT_3D('',#2761,#2229,#2230);
#1937=AXIS2_PLACEMENT_3D('',#2763,#2231,#2232);
#1938=AXIS2_PLACEMENT_3D('',#2766,#2234,#2235);
#1939=AXIS2_PLACEMENT_3D('',#2767,#2236,#2237);
#1940=AXIS2_PLACEMENT_3D('',#2769,#2238,#2239);
#1941=AXIS2_PLACEMENT_3D('',#2772,#2241,#2242);
#1942=AXIS2_PLACEMENT_3D('',#2773,#2243,#2244);
#1943=AXIS2_PLACEMENT_3D('',#2775,#2245,#2246);
#1944=AXIS2_PLACEMENT_3D('',#2778,#2248,#2249);
#1945=AXIS2_PLACEMENT_3D('',#2779,#2250,#2251);
#1946=AXIS2_PLACEMENT_3D('',#2781,#2252,#2253);
#1947=AXIS2_PLACEMENT_3D('',#2784,#2255,#2256);
#1948=AXIS2_PLACEMENT_3D('',#2785,#2257,#2258);
#1949=AXIS2_PLACEMENT_3D('',#2787,#2259,#2260);
#1950=AXIS2_PLACEMENT_3D('',#2790,#2262,#2263);
#1951=AXIS2_PLACEMENT_3D('',#2791,#2264,#2265);
#1952=AXIS2_PLACEMENT_3D('',#2794,#2266,#2267);
#1953=AXIS2_PLACEMENT_3D('',#2798,#2269,#2270);
#1954=AXIS2_PLACEMENT_3D('',#2800,#2272,#2273);
#1955=AXIS2_PLACEMENT_3D('',#2805,#2275,#2276);
#1956=AXIS2_PLACEMENT_3D('',#2808,#2278,#2279);
#1957=AXIS2_PLACEMENT_3D('',#2809,#2280,#2281);
#1958=AXIS2_PLACEMENT_3D('',#2815,#2285,#2286);
#1959=AXIS2_PLACEMENT_3D('',#2818,#2287,#2288);
#1960=AXIS2_PLACEMENT_3D('',#2822,#2290,#2291);
#1961=AXIS2_PLACEMENT_3D('',#2824,#2293,#2294);
#1962=AXIS2_PLACEMENT_3D('',#2834,#2300,#2301);
#1963=AXIS2_PLACEMENT_3D('',#2838,#2303,#2304);
#1964=AXIS2_PLACEMENT_3D('',#2844,#2308,#2309);
#1965=AXIS2_PLACEMENT_3D('',#2848,#2311,#2312);
#1966=AXIS2_PLACEMENT_3D('',#2850,#2313,#2314);
#1967=AXIS2_PLACEMENT_3D('',#2852,#2315,#2316);
#1968=AXIS2_PLACEMENT_3D('',#2856,#2318,#2319);
#1969=AXIS2_PLACEMENT_3D('',#2860,#2321,#2322);
#1970=AXIS2_PLACEMENT_3D('',#2863,#2324,#2325);
#1971=AXIS2_PLACEMENT_3D('',#2865,#2326,#2327);
#1972=AXIS2_PLACEMENT_3D('',#2867,#2328,#2329);
#1973=AXIS2_PLACEMENT_3D('',#2869,#2330,#2331);
#1974=AXIS2_PLACEMENT_3D('',#2871,#2332,#2333);
#1975=AXIS2_PLACEMENT_3D('',#2873,#2334,#2335);
#1976=AXIS2_PLACEMENT_3D('',#2875,#2336,#2337);
#1977=AXIS2_PLACEMENT_3D('',#2877,#2338,#2339);
#1978=AXIS2_PLACEMENT_3D('',#2882,#2341,#2342);
#1979=AXIS2_PLACEMENT_3D('',#2886,#2344,#2345);
#1980=AXIS2_PLACEMENT_3D('',#2890,#2347,#2348);
#1981=AXIS2_PLACEMENT_3D('',#2893,#2350,#2351);
#1982=AXIS2_PLACEMENT_3D('',#2898,#2353,#2354);
#1983=AXIS2_PLACEMENT_3D('',#2902,#2356,#2357);
#1984=AXIS2_PLACEMENT_3D('',#2906,#2359,#2360);
#1985=AXIS2_PLACEMENT_3D('',#2909,#2362,#2363);
#1986=AXIS2_PLACEMENT_3D('',#2910,#2364,#2365);
#1987=AXIS2_PLACEMENT_3D('',#2913,#2366,#2367);
#1988=AXIS2_PLACEMENT_3D('',#2916,#2370,#2371);
#1989=AXIS2_PLACEMENT_3D('',#2920,#2374,#2375);
#1990=AXIS2_PLACEMENT_3D('',#2924,#2377,#2378);
#1991=AXIS2_PLACEMENT_3D('',#2930,#2381,#2382);
#1992=AXIS2_PLACEMENT_3D('',#2934,#2384,#2385);
#1993=AXIS2_PLACEMENT_3D('',#2938,#2387,#2388);
#1994=AXIS2_PLACEMENT_3D('',#2940,#2389,#2390);
#1995=AXIS2_PLACEMENT_3D('',#2941,#2391,#2392);
#1996=AXIS2_PLACEMENT_3D('',#2944,#2394,#2395);
#1997=AXIS2_PLACEMENT_3D('',#2946,#2396,#2397);
#1998=AXIS2_PLACEMENT_3D('',#2948,#2398,#2399);
#1999=AXIS2_PLACEMENT_3D('',#2950,#2400,#2401);
#2000=AXIS2_PLACEMENT_3D('',#2952,#2402,#2403);
#2001=AXIS2_PLACEMENT_3D('',#2954,#2404,#2405);
#2002=AXIS2_PLACEMENT_3D('',#2956,#2406,#2407);
#2003=AXIS2_PLACEMENT_3D('',#2958,#2408,#2409);
#2004=AXIS2_PLACEMENT_3D('',#2963,#2411,#2412);
#2005=AXIS2_PLACEMENT_3D('',#2967,#2414,#2415);
#2006=AXIS2_PLACEMENT_3D('',#2971,#2417,#2418);
#2007=AXIS2_PLACEMENT_3D('',#2974,#2420,#2421);
#2008=AXIS2_PLACEMENT_3D('',#2976,#2422,#2423);
#2009=AXIS2_PLACEMENT_3D('',#2978,#2424,#2425);
#2010=AXIS2_PLACEMENT_3D('',#2983,#2427,#2428);
#2011=AXIS2_PLACEMENT_3D('',#2987,#2430,#2431);
#2012=AXIS2_PLACEMENT_3D('',#2991,#2433,#2434);
#2013=AXIS2_PLACEMENT_3D('',#2994,#2436,#2437);
#2014=AXIS2_PLACEMENT_3D('',#2996,#2438,#2439);
#2015=AXIS2_PLACEMENT_3D('',#2998,#2440,#2441);
#2016=AXIS2_PLACEMENT_3D('',#2999,#2442,#2443);
#2017=AXIS2_PLACEMENT_3D('',#3002,#2446,#2447);
#2018=AXIS2_PLACEMENT_3D('',#3004,#2449,#2450);
#2019=AXIS2_PLACEMENT_3D('',#3006,#2452,#2453);
#2020=AXIS2_PLACEMENT_3D('',#3008,#2455,#2456);
#2021=AXIS2_PLACEMENT_3D('',#3010,#2458,#2459);
#2022=AXIS2_PLACEMENT_3D('',#3012,#2461,#2462);
#2023=AXIS2_PLACEMENT_3D('',#3015,#2465,#2466);
#2024=AXIS2_PLACEMENT_3D('',#3017,#2468,#2469);
#2025=AXIS2_PLACEMENT_3D('',#3020,#2472,#2473);
#2026=AXIS2_PLACEMENT_3D('',#3021,#2474,#2475);
#2027=AXIS2_PLACEMENT_3D('',#3024,#2478,#2479);
#2028=AXIS2_PLACEMENT_3D('',#3025,#2480,#2481);
#2029=AXIS2_PLACEMENT_3D('',#3027,#2483,#2484);
#2030=AXIS2_PLACEMENT_3D('',#3028,#2485,#2486);
#2031=AXIS2_PLACEMENT_3D('',#3031,#2489,#2490);
#2032=AXIS2_PLACEMENT_3D('',#3033,#2492,#2493);
#2033=AXIS2_PLACEMENT_3D('',#3036,#2496,#2497);
#2034=AXIS2_PLACEMENT_3D('',#3037,#2498,#2499);
#2035=AXIS2_PLACEMENT_3D('',#3040,#2502,#2503);
#2036=AXIS2_PLACEMENT_3D('',#3041,#2504,#2505);
#2037=AXIS2_PLACEMENT_3D('',#3043,#2507,#2508);
#2038=AXIS2_PLACEMENT_3D('',#3044,#2509,#2510);
#2039=AXIS2_PLACEMENT_3D('',#3048,#2513,#2514);
#2040=AXIS2_PLACEMENT_3D('',#3052,#2517,#2518);
#2041=AXIS2_PLACEMENT_3D('',#3054,#2520,#2521);
#2042=AXIS2_PLACEMENT_3D('',#3056,#2522,#2523);
#2043=AXIS2_PLACEMENT_3D('',#3059,#2525,#2526);
#2044=AXIS2_PLACEMENT_3D('',#3061,#2527,#2528);
#2045=AXIS2_PLACEMENT_3D('',#3062,#2529,#2530);
#2046=AXIS2_PLACEMENT_3D('',#3067,#2533,#2534);
#2047=AXIS2_PLACEMENT_3D('',#3069,#2535,#2536);
#2048=AXIS2_PLACEMENT_3D('',#3071,#2537,#2538);
#2049=AXIS2_PLACEMENT_3D('',#3072,#2539,#2540);
#2050=AXIS2_PLACEMENT_3D('',#3074,#2542,#2543);
#2051=AXIS2_PLACEMENT_3D('',#3077,#2546,#2547);
#2052=AXIS2_PLACEMENT_3D('',#3078,#2548,#2549);
#2053=AXIS2_PLACEMENT_3D('',#3080,#2551,#2552);
#2054=AXIS2_PLACEMENT_3D('',#3082,#2554,#2555);
#2055=AXIS2_PLACEMENT_3D('',#3084,#2557,#2558);
#2056=AXIS2_PLACEMENT_3D('',#3086,#2560,#2561);
#2057=AXIS2_PLACEMENT_3D('',#3087,#2562,#2563);
#2058=AXIS2_PLACEMENT_3D('',#3089,#2565,#2566);
#2059=AXIS2_PLACEMENT_3D('',#3091,#2568,#2569);
#2060=AXIS2_PLACEMENT_3D('',#3093,#2571,#2572);
#2061=AXIS2_PLACEMENT_3D('',#3095,#2574,#2575);
#2062=AXIS2_PLACEMENT_3D('',#3097,#2577,#2578);
#2063=AXIS2_PLACEMENT_3D('',#3099,#2580,#2581);
#2064=AXIS2_PLACEMENT_3D('',#3101,#2583,#2584);
#2065=AXIS2_PLACEMENT_3D('',#3103,#2586,#2587);
#2066=AXIS2_PLACEMENT_3D('',#3104,#2588,#2589);
#2067=AXIS2_PLACEMENT_3D('',#3105,#2590,#2591);
#2068=AXIS2_PLACEMENT_3D('',#3106,#2592,#2593);
#2069=AXIS2_PLACEMENT_3D('',#3108,#2594,#2595);
#2070=AXIS2_PLACEMENT_3D('',#3111,#2597,#2598);
#2071=AXIS2_PLACEMENT_3D('',#3112,#2599,#2600);
#2072=AXIS2_PLACEMENT_3D('',#3114,#2601,#2602);
#2073=AXIS2_PLACEMENT_3D('',#3117,#2604,#2605);
#2074=AXIS2_PLACEMENT_3D('',#3118,#2606,#2607);
#2075=AXIS2_PLACEMENT_3D('',#3120,#2608,#2609);
#2076=AXIS2_PLACEMENT_3D('',#3123,#2611,#2612);
#2077=AXIS2_PLACEMENT_3D('',#3124,#2613,#2614);
#2078=AXIS2_PLACEMENT_3D('',#3126,#2615,#2616);
#2079=AXIS2_PLACEMENT_3D('',#3129,#2618,#2619);
#2080=AXIS2_PLACEMENT_3D('',#3130,#2620,#2621);
#2081=AXIS2_PLACEMENT_3D('',#3132,#2622,#2623);
#2082=AXIS2_PLACEMENT_3D('',#3135,#2625,#2626);
#2083=AXIS2_PLACEMENT_3D('',#3136,#2627,#2628);
#2084=AXIS2_PLACEMENT_3D('',#3138,#2629,#2630);
#2085=AXIS2_PLACEMENT_3D('',#3141,#2632,#2633);
#2086=AXIS2_PLACEMENT_3D('',#3142,#2634,#2635);
#2087=AXIS2_PLACEMENT_3D('',#3143,#2636,#2637);
#2088=AXIS2_PLACEMENT_3D('',#3144,#2638,#2639);
#2089=AXIS2_PLACEMENT_3D('',#3145,#2640,#2641);
#2090=AXIS2_PLACEMENT_3D('',#3146,#2642,#2643);
#2091=DIRECTION('axis',(0.,0.,1.));
#2092=DIRECTION('refdir',(1.,0.,0.));
#2093=DIRECTION('axis',(0.,0.,1.));
#2094=DIRECTION('refdir',(1.,0.,0.));
#2095=DIRECTION('center_axis',(0.,1.,0.));
#2096=DIRECTION('ref_axis',(1.,0.,0.));
#2097=DIRECTION('center_axis',(0.,-1.,0.));
#2098=DIRECTION('ref_axis',(1.,0.,0.));
#2099=DIRECTION('',(0.,-1.,0.));
#2100=DIRECTION('center_axis',(0.,1.,0.));
#2101=DIRECTION('ref_axis',(1.,0.,0.));
#2102=DIRECTION('center_axis',(0.,1.,0.));
#2103=DIRECTION('ref_axis',(1.,0.,0.));
#2104=DIRECTION('center_axis',(0.,-1.,0.));
#2105=DIRECTION('ref_axis',(1.,0.,0.));
#2106=DIRECTION('',(0.,-1.,0.));
#2107=DIRECTION('center_axis',(0.,1.,0.));
#2108=DIRECTION('ref_axis',(1.,0.,0.));
#2109=DIRECTION('center_axis',(0.,1.,0.));
#2110=DIRECTION('ref_axis',(1.,0.,0.));
#2111=DIRECTION('center_axis',(0.,-1.,0.));
#2112=DIRECTION('ref_axis',(1.,0.,0.));
#2113=DIRECTION('',(0.,-1.,0.));
#2114=DIRECTION('center_axis',(0.,1.,0.));
#2115=DIRECTION('ref_axis',(1.,0.,0.));
#2116=DIRECTION('center_axis',(0.,1.,0.));
#2117=DIRECTION('ref_axis',(1.,0.,0.));
#2118=DIRECTION('center_axis',(0.,-1.,0.));
#2119=DIRECTION('ref_axis',(1.,0.,0.));
#2120=DIRECTION('',(0.,-1.,0.));
#2121=DIRECTION('center_axis',(0.,1.,0.));
#2122=DIRECTION('ref_axis',(1.,0.,0.));
#2123=DIRECTION('center_axis',(0.,1.,0.));
#2124=DIRECTION('ref_axis',(1.,0.,0.));
#2125=DIRECTION('center_axis',(0.,-1.,0.));
#2126=DIRECTION('ref_axis',(1.,0.,0.));
#2127=DIRECTION('',(0.,-1.,0.));
#2128=DIRECTION('center_axis',(0.,1.,0.));
#2129=DIRECTION('ref_axis',(1.,0.,0.));
#2130=DIRECTION('center_axis',(0.,1.,0.));
#2131=DIRECTION('ref_axis',(1.,0.,0.));
#2132=DIRECTION('center_axis',(0.,1.,0.));
#2133=DIRECTION('ref_axis',(1.,0.,0.));
#2134=DIRECTION('center_axis',(0.,1.,0.));
#2135=DIRECTION('ref_axis',(1.,0.,0.));
#2136=DIRECTION('center_axis',(0.,1.,0.));
#2137=DIRECTION('ref_axis',(1.,0.,0.));
#2138=DIRECTION('center_axis',(0.,-1.,0.));
#2139=DIRECTION('ref_axis',(1.,0.,0.));
#2140=DIRECTION('',(0.,-1.,0.));
#2141=DIRECTION('center_axis',(0.,1.,0.));
#2142=DIRECTION('ref_axis',(1.,0.,0.));
#2143=DIRECTION('',(0.,-1.,0.));
#2144=DIRECTION('center_axis',(0.,1.,0.));
#2145=DIRECTION('ref_axis',(1.,0.,0.));
#2146=DIRECTION('center_axis',(0.,1.,0.));
#2147=DIRECTION('ref_axis',(1.,0.,0.));
#2148=DIRECTION('center_axis',(0.,1.,0.));
#2149=DIRECTION('ref_axis',(1.,0.,0.));
#2150=DIRECTION('center_axis',(0.,1.,0.));
#2151=DIRECTION('ref_axis',(1.,0.,0.));
#2152=DIRECTION('center_axis',(0.,1.,0.));
#2153=DIRECTION('ref_axis',(1.,0.,0.));
#2154=DIRECTION('center_axis',(0.,-1.,0.));
#2155=DIRECTION('ref_axis',(1.,0.,0.));
#2156=DIRECTION('',(0.,-1.,0.));
#2157=DIRECTION('center_axis',(0.,1.,0.));
#2158=DIRECTION('ref_axis',(1.,0.,0.));
#2159=DIRECTION('',(0.,-1.,0.));
#2160=DIRECTION('center_axis',(0.,1.,0.));
#2161=DIRECTION('ref_axis',(1.,0.,0.));
#2162=DIRECTION('center_axis',(0.,1.,0.));
#2163=DIRECTION('ref_axis',(1.,0.,0.));
#2164=DIRECTION('center_axis',(0.,1.,0.));
#2165=DIRECTION('ref_axis',(1.,0.,0.));
#2166=DIRECTION('center_axis',(0.,1.,0.));
#2167=DIRECTION('ref_axis',(1.,0.,0.));
#2168=DIRECTION('center_axis',(0.,1.,0.));
#2169=DIRECTION('ref_axis',(1.,0.,0.));
#2170=DIRECTION('center_axis',(0.,-1.,0.));
#2171=DIRECTION('ref_axis',(1.,0.,0.));
#2172=DIRECTION('',(0.,-1.,0.));
#2173=DIRECTION('center_axis',(0.,1.,0.));
#2174=DIRECTION('ref_axis',(1.,0.,0.));
#2175=DIRECTION('',(0.,-1.,0.));
#2176=DIRECTION('center_axis',(0.,1.,0.));
#2177=DIRECTION('ref_axis',(1.,0.,0.));
#2178=DIRECTION('center_axis',(0.,1.,0.));
#2179=DIRECTION('ref_axis',(1.,0.,0.));
#2180=DIRECTION('center_axis',(0.,1.,0.));
#2181=DIRECTION('ref_axis',(1.,0.,0.));
#2182=DIRECTION('center_axis',(0.,1.,0.));
#2183=DIRECTION('ref_axis',(1.,0.,0.));
#2184=DIRECTION('center_axis',(0.,1.,0.));
#2185=DIRECTION('ref_axis',(1.,0.,0.));
#2186=DIRECTION('center_axis',(0.,-1.,0.));
#2187=DIRECTION('ref_axis',(1.,0.,0.));
#2188=DIRECTION('',(0.,-1.,0.));
#2189=DIRECTION('center_axis',(0.,1.,0.));
#2190=DIRECTION('ref_axis',(1.,0.,0.));
#2191=DIRECTION('',(0.,-1.,0.));
#2192=DIRECTION('center_axis',(0.,1.,0.));
#2193=DIRECTION('ref_axis',(1.,0.,0.));
#2194=DIRECTION('center_axis',(0.,-1.,0.));
#2195=DIRECTION('ref_axis',(1.,0.,0.));
#2196=DIRECTION('center_axis',(0.,-1.,0.));
#2197=DIRECTION('ref_axis',(1.,0.,0.));
#2198=DIRECTION('',(0.,-1.,0.));
#2199=DIRECTION('center_axis',(0.,1.,0.));
#2200=DIRECTION('ref_axis',(1.,0.,0.));
#2201=DIRECTION('center_axis',(-1.,0.,3.78162824169795E-16));
#2202=DIRECTION('ref_axis',(3.78162824169795E-16,0.,1.));
#2203=DIRECTION('',(3.78162824169795E-16,0.,1.));
#2204=DIRECTION('',(0.,1.,0.));
#2205=DIRECTION('',(3.78162824169795E-16,0.,1.));
#2206=DIRECTION('',(0.,1.,0.));
#2207=DIRECTION('center_axis',(0.,1.,0.));
#2208=DIRECTION('ref_axis',(-1.,0.,0.));
#2209=DIRECTION('center_axis',(0.,1.,0.));
#2210=DIRECTION('ref_axis',(-1.,0.,0.));
#2211=DIRECTION('center_axis',(0.,1.,0.));
#2212=DIRECTION('ref_axis',(-1.,0.,0.));
#2213=DIRECTION('',(0.,1.,0.));
#2214=DIRECTION('center_axis',(1.,0.,-2.5210854944653E-16));
#2215=DIRECTION('ref_axis',(-2.5210854944653E-16,0.,-1.));
#2216=DIRECTION('',(-2.5210854944653E-16,0.,-1.));
#2217=DIRECTION('',(-2.5210854944653E-16,0.,-1.));
#2218=DIRECTION('',(0.,1.,0.));
#2219=DIRECTION('center_axis',(8.88178419700125E-17,0.,1.));
#2220=DIRECTION('ref_axis',(1.,0.,-8.88178419700125E-17));
#2221=DIRECTION('',(1.,0.,-8.88178419700125E-17));
#2222=DIRECTION('',(1.,0.,-8.88178419700125E-17));
#2223=DIRECTION('center_axis',(0.,1.,0.));
#2224=DIRECTION('ref_axis',(0.,0.,1.));
#2225=DIRECTION('center_axis',(0.,1.,0.));
#2226=DIRECTION('ref_axis',(0.,0.,1.));
#2227=DIRECTION('axis',(0.,0.,1.));
#2228=DIRECTION('refdir',(1.,0.,0.));
#2229=DIRECTION('center_axis',(0.,1.,0.));
#2230=DIRECTION('ref_axis',(1.,0.,0.));
#2231=DIRECTION('center_axis',(0.,-1.,0.));
#2232=DIRECTION('ref_axis',(1.,0.,0.));
#2233=DIRECTION('',(0.,-1.,0.));
#2234=DIRECTION('center_axis',(0.,1.,0.));
#2235=DIRECTION('ref_axis',(1.,0.,0.));
#2236=DIRECTION('center_axis',(0.,1.,0.));
#2237=DIRECTION('ref_axis',(1.,0.,0.));
#2238=DIRECTION('center_axis',(0.,-1.,0.));
#2239=DIRECTION('ref_axis',(1.,0.,0.));
#2240=DIRECTION('',(0.,-1.,0.));
#2241=DIRECTION('center_axis',(0.,1.,0.));
#2242=DIRECTION('ref_axis',(1.,0.,0.));
#2243=DIRECTION('center_axis',(0.,1.,0.));
#2244=DIRECTION('ref_axis',(1.,0.,0.));
#2245=DIRECTION('center_axis',(0.,-1.,0.));
#2246=DIRECTION('ref_axis',(1.,0.,0.));
#2247=DIRECTION('',(0.,-1.,0.));
#2248=DIRECTION('center_axis',(0.,1.,0.));
#2249=DIRECTION('ref_axis',(1.,0.,0.));
#2250=DIRECTION('center_axis',(0.,1.,0.));
#2251=DIRECTION('ref_axis',(1.,0.,0.));
#2252=DIRECTION('center_axis',(0.,-1.,0.));
#2253=DIRECTION('ref_axis',(1.,0.,0.));
#2254=DIRECTION('',(0.,-1.,0.));
#2255=DIRECTION('center_axis',(0.,1.,0.));
#2256=DIRECTION('ref_axis',(1.,0.,0.));
#2257=DIRECTION('center_axis',(0.,1.,0.));
#2258=DIRECTION('ref_axis',(1.,0.,0.));
#2259=DIRECTION('center_axis',(0.,-1.,0.));
#2260=DIRECTION('ref_axis',(1.,0.,0.));
#2261=DIRECTION('',(0.,-1.,0.));
#2262=DIRECTION('center_axis',(0.,1.,0.));
#2263=DIRECTION('ref_axis',(1.,0.,0.));
#2264=DIRECTION('center_axis',(0.,1.,0.));
#2265=DIRECTION('ref_axis',(1.,0.,0.));
#2266=DIRECTION('center_axis',(0.,1.,0.));
#2267=DIRECTION('ref_axis',(1.,0.,0.));
#2268=DIRECTION('',(0.,-1.,0.));
#2269=DIRECTION('center_axis',(0.,1.,0.));
#2270=DIRECTION('ref_axis',(1.,0.,0.));
#2271=DIRECTION('',(0.,-1.,0.));
#2272=DIRECTION('center_axis',(0.,1.,0.));
#2273=DIRECTION('ref_axis',(-1.,0.,-2.34291072916505E-15));
#2274=DIRECTION('',(0.,1.,0.));
#2275=DIRECTION('center_axis',(0.,1.,0.));
#2276=DIRECTION('ref_axis',(1.,0.,0.));
#2277=DIRECTION('',(0.,1.,0.));
#2278=DIRECTION('center_axis',(0.,1.,0.));
#2279=DIRECTION('ref_axis',(1.,0.,0.));
#2280=DIRECTION('center_axis',(1.,0.,-5.90151773887127E-16));
#2281=DIRECTION('ref_axis',(5.90151773887127E-16,0.,1.));
#2282=DIRECTION('',(6.61065644831386E-16,0.,-1.));
#2283=DIRECTION('',(0.,-1.,0.));
#2284=DIRECTION('',(6.61065644831386E-16,0.,-1.));
#2285=DIRECTION('center_axis',(0.,1.,0.));
#2286=DIRECTION('ref_axis',(-0.707106781186546,0.,0.707106781186549));
#2287=DIRECTION('center_axis',(0.,-1.,0.));
#2288=DIRECTION('ref_axis',(-0.707106781186546,0.,0.707106781186549));
#2289=DIRECTION('',(0.,-1.,0.));
#2290=DIRECTION('center_axis',(0.,1.,0.));
#2291=DIRECTION('ref_axis',(-0.707106781186546,0.,0.707106781186549));
#2292=DIRECTION('',(0.,1.,0.));
#2293=DIRECTION('center_axis',(0.,0.,1.));
#2294=DIRECTION('ref_axis',(1.,0.,0.));
#2295=DIRECTION('',(1.,0.,0.));
#2296=DIRECTION('',(0.,1.,0.));
#2297=DIRECTION('',(1.,0.,0.));
#2298=DIRECTION('',(0.,1.,0.));
#2299=DIRECTION('',(1.,0.,0.));
#2300=DIRECTION('center_axis',(0.,1.,0.));
#2301=DIRECTION('ref_axis',(0.,0.,1.));
#2302=DIRECTION('',(-1.,0.,0.));
#2303=DIRECTION('center_axis',(0.,1.,0.));
#2304=DIRECTION('ref_axis',(1.,0.,0.));
#2305=DIRECTION('',(-1.,0.,0.));
#2306=DIRECTION('',(-2.93806953258394E-16,0.,1.));
#2307=DIRECTION('',(0.,0.,1.));
#2308=DIRECTION('center_axis',(0.,1.,0.));
#2309=DIRECTION('ref_axis',(-0.707106781186546,0.,-0.707106781186549));
#2310=DIRECTION('',(-1.,0.,-1.27127806441011E-16));
#2311=DIRECTION('center_axis',(0.,-1.,0.));
#2312=DIRECTION('ref_axis',(0.527046276694731,0.,0.849836585598797));
#2313=DIRECTION('center_axis',(0.,-1.,0.));
#2314=DIRECTION('ref_axis',(1.,0.,0.));
#2315=DIRECTION('center_axis',(0.,-1.,0.));
#2316=DIRECTION('ref_axis',(-0.527046276694731,0.,0.849836585598797));
#2317=DIRECTION('',(-1.,0.,-1.27127806441011E-16));
#2318=DIRECTION('center_axis',(0.,1.,0.));
#2319=DIRECTION('ref_axis',(0.707106781186549,0.,-0.707106781186546));
#2320=DIRECTION('',(-3.92738633517632E-16,0.,-1.));
#2321=DIRECTION('center_axis',(0.,1.,0.));
#2322=DIRECTION('ref_axis',(0.707106781186549,0.,0.707106781186546));
#2323=DIRECTION('',(1.,0.,0.));
#2324=DIRECTION('center_axis',(0.,1.,0.));
#2325=DIRECTION('ref_axis',(1.,0.,0.));
#2326=DIRECTION('center_axis',(0.,1.,0.));
#2327=DIRECTION('ref_axis',(1.,0.,0.));
#2328=DIRECTION('center_axis',(0.,1.,0.));
#2329=DIRECTION('ref_axis',(1.,0.,0.));
#2330=DIRECTION('center_axis',(0.,1.,0.));
#2331=DIRECTION('ref_axis',(1.,0.,0.));
#2332=DIRECTION('center_axis',(0.,1.,0.));
#2333=DIRECTION('ref_axis',(1.,0.,0.));
#2334=DIRECTION('center_axis',(0.,1.,0.));
#2335=DIRECTION('ref_axis',(1.,0.,0.));
#2336=DIRECTION('center_axis',(0.,1.,0.));
#2337=DIRECTION('ref_axis',(1.,0.,0.));
#2338=DIRECTION('center_axis',(0.,1.,0.));
#2339=DIRECTION('ref_axis',(1.,0.,0.));
#2340=DIRECTION('',(0.,0.,1.));
#2341=DIRECTION('center_axis',(0.,-1.,0.));
#2342=DIRECTION('ref_axis',(-0.707106781186546,0.,0.707106781186549));
#2343=DIRECTION('',(1.,0.,-1.11022302462516E-16));
#2344=DIRECTION('center_axis',(0.,-1.,0.));
#2345=DIRECTION('ref_axis',(0.707106781186549,0.,0.707106781186546));
#2346=DIRECTION('',(0.,0.,-1.));
#2347=DIRECTION('center_axis',(0.,-1.,0.));
#2348=DIRECTION('ref_axis',(0.707106781186549,0.,-0.707106781186546));
#2349=DIRECTION('',(-1.,0.,4.44089209850063E-16));
#2350=DIRECTION('center_axis',(0.,-1.,0.));
#2351=DIRECTION('ref_axis',(-0.707106781186546,0.,-0.707106781186549));
#2352=DIRECTION('',(0.,0.,1.));
#2353=DIRECTION('center_axis',(0.,-1.,0.));
#2354=DIRECTION('ref_axis',(-0.707106781186546,0.,0.707106781186549));
#2355=DIRECTION('',(1.,0.,5.55111512312578E-17));
#2356=DIRECTION('center_axis',(0.,-1.,0.));
#2357=DIRECTION('ref_axis',(0.707106781186546,0.,0.707106781186549));
#2358=DIRECTION('',(2.22044604925031E-16,0.,-1.));
#2359=DIRECTION('center_axis',(0.,-1.,0.));
#2360=DIRECTION('ref_axis',(0.707106781186546,0.,-0.707106781186549));
#2361=DIRECTION('',(-1.,0.,0.));
#2362=DIRECTION('center_axis',(0.,-1.,0.));
#2363=DIRECTION('ref_axis',(-0.707106781186549,0.,-0.707106781186546));
#2364=DIRECTION('center_axis',(0.,1.,0.));
#2365=DIRECTION('ref_axis',(-0.707106781186546,0.,-0.707106781186549));
#2366=DIRECTION('center_axis',(0.,-1.,0.));
#2367=DIRECTION('ref_axis',(-0.707106781186546,0.,-0.707106781186549));
#2368=DIRECTION('',(0.,-1.,0.));
#2369=DIRECTION('',(0.,1.,0.));
#2370=DIRECTION('center_axis',(1.27127806441011E-16,0.,-1.));
#2371=DIRECTION('ref_axis',(-1.,0.,-1.27127806441011E-16));
#2372=DIRECTION('',(-1.,0.,-1.27127806441011E-16));
#2373=DIRECTION('',(0.,1.,0.));
#2374=DIRECTION('center_axis',(0.,1.,0.));
#2375=DIRECTION('ref_axis',(0.,0.,1.));
#2376=DIRECTION('',(3.84307970062554E-16,0.,-1.));
#2377=DIRECTION('center_axis',(0.,-1.,0.));
#2378=DIRECTION('ref_axis',(1.,0.,0.));
#2379=DIRECTION('',(-2.1350442781253E-16,0.,1.));
#2380=DIRECTION('',(1.,0.,0.));
#2381=DIRECTION('center_axis',(0.,-1.,0.));
#2382=DIRECTION('ref_axis',(0.707106781186549,0.,0.707106781186546));
#2383=DIRECTION('',(-3.92738633517632E-16,0.,-1.));
#2384=DIRECTION('center_axis',(0.,-1.,0.));
#2385=DIRECTION('ref_axis',(0.707106781186549,0.,-0.707106781186546));
#2386=DIRECTION('',(-1.,0.,-1.27127806441011E-16));
#2387=DIRECTION('center_axis',(0.,1.,0.));
#2388=DIRECTION('ref_axis',(-0.527046276694731,0.,0.849836585598797));
#2389=DIRECTION('center_axis',(0.,1.,0.));
#2390=DIRECTION('ref_axis',(1.,0.,0.));
#2391=DIRECTION('center_axis',(0.,1.,0.));
#2392=DIRECTION('ref_axis',(0.527046276694731,0.,0.849836585598797));
#2393=DIRECTION('',(0.,0.,1.));
#2394=DIRECTION('center_axis',(0.,-1.,0.));
#2395=DIRECTION('ref_axis',(1.,0.,0.));
#2396=DIRECTION('center_axis',(0.,-1.,0.));
#2397=DIRECTION('ref_axis',(1.,0.,0.));
#2398=DIRECTION('center_axis',(0.,-1.,0.));
#2399=DIRECTION('ref_axis',(1.,0.,0.));
#2400=DIRECTION('center_axis',(0.,-1.,0.));
#2401=DIRECTION('ref_axis',(1.,0.,0.));
#2402=DIRECTION('center_axis',(0.,-1.,0.));
#2403=DIRECTION('ref_axis',(1.,0.,0.));
#2404=DIRECTION('center_axis',(0.,-1.,0.));
#2405=DIRECTION('ref_axis',(1.,0.,0.));
#2406=DIRECTION('center_axis',(0.,-1.,0.));
#2407=DIRECTION('ref_axis',(1.,0.,0.));
#2408=DIRECTION('center_axis',(0.,-1.,0.));
#2409=DIRECTION('ref_axis',(1.,0.,0.));
#2410=DIRECTION('',(0.,0.,-1.));
#2411=DIRECTION('center_axis',(0.,1.,0.));
#2412=DIRECTION('ref_axis',(-0.707106781186546,0.,-0.707106781186549));
#2413=DIRECTION('',(1.,0.,-4.44089209850063E-16));
#2414=DIRECTION('center_axis',(0.,1.,0.));
#2415=DIRECTION('ref_axis',(0.707106781186549,0.,-0.707106781186546));
#2416=DIRECTION('',(0.,0.,1.));
#2417=DIRECTION('center_axis',(0.,1.,0.));
#2418=DIRECTION('ref_axis',(0.707106781186549,0.,0.707106781186546));
#2419=DIRECTION('',(-1.,0.,1.11022302462516E-16));
#2420=DIRECTION('center_axis',(0.,1.,0.));
#2421=DIRECTION('ref_axis',(-0.707106781186546,0.,0.707106781186549));
#2422=DIRECTION('center_axis',(0.,-1.,0.));
#2423=DIRECTION('ref_axis',(1.,0.,0.));
#2424=DIRECTION('center_axis',(0.,-1.,0.));
#2425=DIRECTION('ref_axis',(1.,0.,0.));
#2426=DIRECTION('',(0.,0.,-1.));
#2427=DIRECTION('center_axis',(0.,1.,0.));
#2428=DIRECTION('ref_axis',(-0.707106781186549,0.,-0.707106781186546));
#2429=DIRECTION('',(1.,0.,0.));
#2430=DIRECTION('center_axis',(0.,1.,0.));
#2431=DIRECTION('ref_axis',(0.707106781186546,0.,-0.707106781186549));
#2432=DIRECTION('',(-2.22044604925031E-16,0.,1.));
#2433=DIRECTION('center_axis',(0.,1.,0.));
#2434=DIRECTION('ref_axis',(0.707106781186546,0.,0.707106781186549));
#2435=DIRECTION('',(-1.,0.,-5.55111512312578E-17));
#2436=DIRECTION('center_axis',(0.,1.,0.));
#2437=DIRECTION('ref_axis',(-0.707106781186546,0.,0.707106781186549));
#2438=DIRECTION('center_axis',(0.,-1.,0.));
#2439=DIRECTION('ref_axis',(1.,0.,0.));
#2440=DIRECTION('center_axis',(0.,-1.,0.));
#2441=DIRECTION('ref_axis',(1.,0.,0.));
#2442=DIRECTION('center_axis',(0.,1.,0.));
#2443=DIRECTION('ref_axis',(0.707106781186549,0.,-0.707106781186546));
#2444=DIRECTION('',(0.,-1.,0.));
#2445=DIRECTION('',(0.,1.,0.));
#2446=DIRECTION('center_axis',(1.,0.,-3.92738633517632E-16));
#2447=DIRECTION('ref_axis',(-3.92738633517632E-16,0.,-1.));
#2448=DIRECTION('',(0.,1.,0.));
#2449=DIRECTION('center_axis',(0.,1.,0.));
#2450=DIRECTION('ref_axis',(0.707106781186549,0.,0.707106781186546));
#2451=DIRECTION('',(0.,-1.,0.));
#2452=DIRECTION('center_axis',(0.,-1.,0.));
#2453=DIRECTION('ref_axis',(0.527046276694731,0.,0.849836585598797));
#2454=DIRECTION('',(0.,-1.,0.));
#2455=DIRECTION('center_axis',(0.,-1.,0.));
#2456=DIRECTION('ref_axis',(1.,0.,0.));
#2457=DIRECTION('',(0.,1.,0.));
#2458=DIRECTION('center_axis',(0.,1.,0.));
#2459=DIRECTION('ref_axis',(-0.527046276694731,0.,0.849836585598797));
#2460=DIRECTION('',(0.,-1.,0.));
#2461=DIRECTION('center_axis',(0.,-1.,0.));
#2462=DIRECTION('ref_axis',(0.707106781186549,0.,-0.707106781186546));
#2463=DIRECTION('',(0.,-1.,0.));
#2464=DIRECTION('',(0.,1.,0.));
#2465=DIRECTION('center_axis',(-4.44089209850063E-16,0.,-1.));
#2466=DIRECTION('ref_axis',(1.,0.,-4.44089209850063E-16));
#2467=DIRECTION('',(0.,1.,0.));
#2468=DIRECTION('center_axis',(0.,-1.,0.));
#2469=DIRECTION('ref_axis',(0.707106781186549,0.,0.707106781186546));
#2470=DIRECTION('',(0.,-1.,0.));
#2471=DIRECTION('',(0.,1.,0.));
#2472=DIRECTION('center_axis',(1.,0.,0.));
#2473=DIRECTION('ref_axis',(0.,0.,1.));
#2474=DIRECTION('center_axis',(0.,-1.,0.));
#2475=DIRECTION('ref_axis',(-0.707106781186546,0.,0.707106781186549));
#2476=DIRECTION('',(0.,-1.,0.));
#2477=DIRECTION('',(0.,1.,0.));
#2478=DIRECTION('center_axis',(1.11022302462516E-16,0.,1.));
#2479=DIRECTION('ref_axis',(-1.,0.,1.11022302462516E-16));
#2480=DIRECTION('center_axis',(0.,-1.,0.));
#2481=DIRECTION('ref_axis',(-0.707106781186546,0.,-0.707106781186549));
#2482=DIRECTION('',(0.,-1.,0.));
#2483=DIRECTION('center_axis',(-1.,0.,0.));
#2484=DIRECTION('ref_axis',(0.,0.,-1.));
#2485=DIRECTION('center_axis',(0.,-1.,0.));
#2486=DIRECTION('ref_axis',(0.707106781186546,0.,-0.707106781186549));
#2487=DIRECTION('',(0.,-1.,0.));
#2488=DIRECTION('',(0.,1.,0.));
#2489=DIRECTION('center_axis',(0.,0.,-1.));
#2490=DIRECTION('ref_axis',(1.,0.,0.));
#2491=DIRECTION('',(0.,1.,0.));
#2492=DIRECTION('center_axis',(0.,-1.,0.));
#2493=DIRECTION('ref_axis',(0.707106781186546,0.,0.707106781186549));
#2494=DIRECTION('',(0.,-1.,0.));
#2495=DIRECTION('',(0.,1.,0.));
#2496=DIRECTION('center_axis',(1.,0.,2.22044604925031E-16));
#2497=DIRECTION('ref_axis',(-2.22044604925031E-16,0.,1.));
#2498=DIRECTION('center_axis',(0.,-1.,0.));
#2499=DIRECTION('ref_axis',(-0.707106781186546,0.,0.707106781186549));
#2500=DIRECTION('',(0.,-1.,0.));
#2501=DIRECTION('',(0.,1.,0.));
#2502=DIRECTION('center_axis',(-5.55111512312578E-17,0.,1.));
#2503=DIRECTION('ref_axis',(-1.,0.,-5.55111512312578E-17));
#2504=DIRECTION('center_axis',(0.,-1.,0.));
#2505=DIRECTION('ref_axis',(-0.707106781186549,0.,-0.707106781186546));
#2506=DIRECTION('',(0.,-1.,0.));
#2507=DIRECTION('center_axis',(-1.,0.,0.));
#2508=DIRECTION('ref_axis',(0.,0.,-1.));
#2509=DIRECTION('center_axis',(0.,0.,1.));
#2510=DIRECTION('ref_axis',(-1.,0.,0.));
#2511=DIRECTION('',(-1.,0.,1.78134460429227E-16));
#2512=DIRECTION('',(0.,-1.,0.));
#2513=DIRECTION('center_axis',(0.,0.,1.));
#2514=DIRECTION('ref_axis',(-1.,0.,0.));
#2515=DIRECTION('',(-1.,0.,1.78134460429227E-16));
#2516=DIRECTION('',(0.,-1.,0.));
#2517=DIRECTION('center_axis',(-1.,0.,0.));
#2518=DIRECTION('ref_axis',(0.,0.,-1.));
#2519=DIRECTION('',(-2.93806953258394E-16,0.,1.));
#2520=DIRECTION('center_axis',(0.,-1.,0.));
#2521=DIRECTION('ref_axis',(0.,0.,-1.));
#2522=DIRECTION('center_axis',(0.,-1.,0.));
#2523=DIRECTION('ref_axis',(1.,0.,0.));
#2524=DIRECTION('',(3.84307970062554E-16,0.,-1.));
#2525=DIRECTION('center_axis',(0.,-1.,0.));
#2526=DIRECTION('ref_axis',(1.,0.,0.));
#2527=DIRECTION('center_axis',(0.,-1.,0.));
#2528=DIRECTION('ref_axis',(1.,0.,0.));
#2529=DIRECTION('center_axis',(0.,-1.,0.));
#2530=DIRECTION('ref_axis',(0.,0.,-1.));
#2531=DIRECTION('',(1.,0.,0.));
#2532=DIRECTION('',(-2.1350442781253E-16,0.,1.));
#2533=DIRECTION('center_axis',(0.,-1.,0.));
#2534=DIRECTION('ref_axis',(1.,0.,0.));
#2535=DIRECTION('center_axis',(0.,-1.,0.));
#2536=DIRECTION('ref_axis',(1.,0.,0.));
#2537=DIRECTION('center_axis',(0.,-1.,0.));
#2538=DIRECTION('ref_axis',(1.,0.,0.));
#2539=DIRECTION('center_axis',(-1.,0.,-3.84307970062554E-16));
#2540=DIRECTION('ref_axis',(3.84307970062554E-16,0.,-1.));
#2541=DIRECTION('',(0.,-1.,0.));
#2542=DIRECTION('center_axis',(1.,0.,2.1350442781253E-16));
#2543=DIRECTION('ref_axis',(-2.1350442781253E-16,0.,1.));
#2544=DIRECTION('',(0.,-1.,0.));
#2545=DIRECTION('',(0.,-1.,0.));
#2546=DIRECTION('center_axis',(0.,-1.,0.));
#2547=DIRECTION('ref_axis',(6.12323399573677E-17,0.,-1.));
#2548=DIRECTION('center_axis',(0.,-1.,0.));
#2549=DIRECTION('ref_axis',(1.,0.,0.));
#2550=DIRECTION('',(0.,-1.,0.));
#2551=DIRECTION('center_axis',(0.,-1.,0.));
#2552=DIRECTION('ref_axis',(1.,0.,0.));
#2553=DIRECTION('',(0.,-1.,0.));
#2554=DIRECTION('center_axis',(0.,-1.,0.));
#2555=DIRECTION('ref_axis',(1.,0.,0.));
#2556=DIRECTION('',(0.,-1.,0.));
#2557=DIRECTION('center_axis',(0.,-1.,0.));
#2558=DIRECTION('ref_axis',(1.,0.,0.));
#2559=DIRECTION('',(0.,-1.,0.));
#2560=DIRECTION('center_axis',(0.,0.,1.));
#2561=DIRECTION('ref_axis',(1.,0.,0.));
#2562=DIRECTION('center_axis',(0.,1.,0.));
#2563=DIRECTION('ref_axis',(1.,0.,0.));
#2564=DIRECTION('',(0.,-1.,0.));
#2565=DIRECTION('center_axis',(0.,1.,0.));
#2566=DIRECTION('ref_axis',(1.,0.,0.));
#2567=DIRECTION('',(0.,-1.,0.));
#2568=DIRECTION('center_axis',(0.,1.,0.));
#2569=DIRECTION('ref_axis',(1.,0.,0.));
#2570=DIRECTION('',(0.,-1.,0.));
#2571=DIRECTION('center_axis',(0.,1.,0.));
#2572=DIRECTION('ref_axis',(1.,0.,0.));
#2573=DIRECTION('',(0.,-1.,0.));
#2574=DIRECTION('center_axis',(0.,1.,0.));
#2575=DIRECTION('ref_axis',(1.,0.,0.));
#2576=DIRECTION('',(0.,-1.,0.));
#2577=DIRECTION('center_axis',(0.,1.,0.));
#2578=DIRECTION('ref_axis',(1.,0.,0.));
#2579=DIRECTION('',(0.,-1.,0.));
#2580=DIRECTION('center_axis',(0.,1.,0.));
#2581=DIRECTION('ref_axis',(1.,0.,0.));
#2582=DIRECTION('',(0.,-1.,0.));
#2583=DIRECTION('center_axis',(0.,1.,0.));
#2584=DIRECTION('ref_axis',(1.,0.,0.));
#2585=DIRECTION('',(0.,-1.,0.));
#2586=DIRECTION('center_axis',(-1.,0.,0.));
#2587=DIRECTION('ref_axis',(0.,0.,1.));
#2588=DIRECTION('center_axis',(1.27127806441011E-16,0.,-1.));
#2589=DIRECTION('ref_axis',(-1.,0.,-1.27127806441011E-16));
#2590=DIRECTION('axis',(0.,0.,1.));
#2591=DIRECTION('refdir',(1.,0.,0.));
#2592=DIRECTION('center_axis',(0.,1.,0.));
#2593=DIRECTION('ref_axis',(1.,0.,0.));
#2594=DIRECTION('center_axis',(0.,-1.,0.));
#2595=DIRECTION('ref_axis',(1.,0.,0.));
#2596=DIRECTION('',(0.,-1.,0.));
#2597=DIRECTION('center_axis',(0.,1.,0.));
#2598=DIRECTION('ref_axis',(1.,0.,0.));
#2599=DIRECTION('center_axis',(0.,1.,0.));
#2600=DIRECTION('ref_axis',(1.,0.,0.));
#2601=DIRECTION('center_axis',(0.,-1.,0.));
#2602=DIRECTION('ref_axis',(1.,0.,0.));
#2603=DIRECTION('',(0.,-1.,0.));
#2604=DIRECTION('center_axis',(0.,1.,0.));
#2605=DIRECTION('ref_axis',(1.,0.,0.));
#2606=DIRECTION('center_axis',(0.,1.,0.));
#2607=DIRECTION('ref_axis',(1.,0.,0.));
#2608=DIRECTION('center_axis',(0.,-1.,0.));
#2609=DIRECTION('ref_axis',(1.,0.,0.));
#2610=DIRECTION('',(0.,-1.,0.));
#2611=DIRECTION('center_axis',(0.,1.,0.));
#2612=DIRECTION('ref_axis',(1.,0.,0.));
#2613=DIRECTION('center_axis',(0.,1.,0.));
#2614=DIRECTION('ref_axis',(1.,0.,0.));
#2615=DIRECTION('center_axis',(0.,-1.,0.));
#2616=DIRECTION('ref_axis',(1.,0.,0.));
#2617=DIRECTION('',(0.,-1.,0.));
#2618=DIRECTION('center_axis',(0.,1.,0.));
#2619=DIRECTION('ref_axis',(1.,0.,0.));
#2620=DIRECTION('center_axis',(0.,1.,0.));
#2621=DIRECTION('ref_axis',(1.,0.,0.));
#2622=DIRECTION('center_axis',(0.,-1.,0.));
#2623=DIRECTION('ref_axis',(1.,0.,0.));
#2624=DIRECTION('',(0.,-1.,0.));
#2625=DIRECTION('center_axis',(0.,1.,0.));
#2626=DIRECTION('ref_axis',(1.,0.,0.));
#2627=DIRECTION('center_axis',(0.,1.,0.));
#2628=DIRECTION('ref_axis',(-1.,0.,0.));
#2629=DIRECTION('center_axis',(0.,1.,0.));
#2630=DIRECTION('ref_axis',(-1.,0.,0.));
#2631=DIRECTION('',(0.,-1.,0.));
#2632=DIRECTION('center_axis',(0.,1.,0.));
#2633=DIRECTION('ref_axis',(-1.,0.,0.));
#2634=DIRECTION('center_axis',(0.,1.,0.));
#2635=DIRECTION('ref_axis',(0.,0.,1.));
#2636=DIRECTION('center_axis',(0.,1.,0.));
#2637=DIRECTION('ref_axis',(0.,0.,1.));
#2638=DIRECTION('',(0.,0.,1.));
#2639=DIRECTION('',(1.,0.,0.));
#2640=DIRECTION('',(6.44847182964162E-16,0.,1.));
#2641=DIRECTION('',(-1.,0.,6.44847182964162E-16));
#2642=DIRECTION('',(-0.999390087075224,9.56188661737339E-16,0.0349206794861654));
#2643=DIRECTION('',(0.0349206794861654,-3.34111356683105E-17,0.999390087075224));
#2644=CARTESIAN_POINT('',(0.,0.,0.));
#2645=CARTESIAN_POINT('',(0.,0.,0.));
#2646=CARTESIAN_POINT('Origin',(22.5,-75.3367914839509,12.615));
#2647=CARTESIAN_POINT('',(20.95,3.00000000000001,12.615));
#2648=CARTESIAN_POINT('Origin',(22.5,3.,12.615));
#2649=CARTESIAN_POINT('',(20.95,0.,12.615));
#2650=CARTESIAN_POINT('',(20.95,-75.3367914839509,12.615));
#2651=CARTESIAN_POINT('Origin',(22.5,0.,12.615));
#2652=CARTESIAN_POINT('Origin',(22.5,-75.3367914839509,-12.615));
#2653=CARTESIAN_POINT('',(20.95,3.00000000000001,-12.615));
#2654=CARTESIAN_POINT('Origin',(22.5,3.,-12.615));
#2655=CARTESIAN_POINT('',(20.95,0.,-12.615));
#2656=CARTESIAN_POINT('',(20.95,-75.3367914839509,-12.615));
#2657=CARTESIAN_POINT('Origin',(22.5,0.,-12.615));
#2658=CARTESIAN_POINT('Origin',(-22.5,-75.3367914839509,-12.615));
#2659=CARTESIAN_POINT('',(-24.05,3.00000000000001,-12.615));
#2660=CARTESIAN_POINT('Origin',(-22.5,3.,-12.615));
#2661=CARTESIAN_POINT('',(-24.05,0.,-12.615));
#2662=CARTESIAN_POINT('',(-24.05,-75.3367914839509,-12.615));
#2663=CARTESIAN_POINT('Origin',(-22.5,0.,-12.615));
#2664=CARTESIAN_POINT('Origin',(0.,-75.3367914839509,-35.115));
#2665=CARTESIAN_POINT('',(-1.55,3.00000000000001,-35.115));
#2666=CARTESIAN_POINT('Origin',(0.,3.,-35.115));
#2667=CARTESIAN_POINT('',(-1.55,0.,-35.115));
#2668=CARTESIAN_POINT('',(-1.55,-75.3367914839509,-35.115));
#2669=CARTESIAN_POINT('Origin',(0.,0.,-35.115));
#2670=CARTESIAN_POINT('Origin',(-22.5,-75.3367914839509,12.615));
#2671=CARTESIAN_POINT('',(-24.05,3.00000000000001,12.615));
#2672=CARTESIAN_POINT('Origin',(-22.5,3.,12.615));
#2673=CARTESIAN_POINT('',(-24.05,0.,12.615));
#2674=CARTESIAN_POINT('',(-24.05,-75.3367914839509,12.615));
#2675=CARTESIAN_POINT('Origin',(-22.5,0.,12.615));
#2676=CARTESIAN_POINT('Origin',(10.365,0.8,16.615));
#2677=CARTESIAN_POINT('',(8.115,0.8,16.615));
#2678=CARTESIAN_POINT('Origin',(10.365,0.8,16.615));
#2679=CARTESIAN_POINT('',(9.315,0.800000000000003,16.615));
#2680=CARTESIAN_POINT('Origin',(10.365,0.800000000000003,16.615));
#2681=CARTESIAN_POINT('Origin',(10.365,1.9,16.615));
#2682=CARTESIAN_POINT('',(8.115,3.,16.615));
#2683=CARTESIAN_POINT('Origin',(10.365,3.,16.615));
#2684=CARTESIAN_POINT('',(8.115,1.9,16.615));
#2685=CARTESIAN_POINT('Origin',(10.365,-75.3367914839509,16.615));
#2686=CARTESIAN_POINT('',(9.315,0.,16.615));
#2687=CARTESIAN_POINT('',(9.315,-75.3367914839509,16.615));
#2688=CARTESIAN_POINT('Origin',(10.365,0.,16.615));
#2689=CARTESIAN_POINT('Origin',(-10.365,0.8,-4.385));
#2690=CARTESIAN_POINT('',(-12.615,0.8,-4.385));
#2691=CARTESIAN_POINT('Origin',(-10.365,0.8,-4.385));
#2692=CARTESIAN_POINT('',(-11.415,0.800000000000003,-4.385));
#2693=CARTESIAN_POINT('Origin',(-10.365,0.800000000000003,-4.385));
#2694=CARTESIAN_POINT('Origin',(-10.365,1.9,-4.385));
#2695=CARTESIAN_POINT('',(-12.615,3.,-4.385));
#2696=CARTESIAN_POINT('Origin',(-10.365,3.,-4.385));
#2697=CARTESIAN_POINT('',(-12.615,1.9,-4.385));
#2698=CARTESIAN_POINT('Origin',(-10.365,-75.3367914839509,-4.385));
#2699=CARTESIAN_POINT('',(-11.415,0.,-4.385));
#2700=CARTESIAN_POINT('',(-11.415,-75.3367914839509,-4.385));
#2701=CARTESIAN_POINT('Origin',(-10.365,0.,-4.385));
#2702=CARTESIAN_POINT('Origin',(10.365,0.8,-4.38500000000001));
#2703=CARTESIAN_POINT('',(8.115,0.8,-4.38500000000001));
#2704=CARTESIAN_POINT('Origin',(10.365,0.8,-4.38500000000001));
#2705=CARTESIAN_POINT('',(9.315,0.800000000000003,-4.38500000000001));
#2706=CARTESIAN_POINT('Origin',(10.365,0.800000000000003,-4.38500000000001));
#2707=CARTESIAN_POINT('Origin',(10.365,1.9,-4.38500000000001));
#2708=CARTESIAN_POINT('',(8.115,3.,-4.38500000000001));
#2709=CARTESIAN_POINT('Origin',(10.365,3.,-4.38500000000001));
#2710=CARTESIAN_POINT('',(8.115,1.9,-4.38500000000001));
#2711=CARTESIAN_POINT('Origin',(10.365,-75.3367914839509,-4.38500000000001));
#2712=CARTESIAN_POINT('',(9.315,0.,-4.38500000000001));
#2713=CARTESIAN_POINT('',(9.315,-75.3367914839509,-4.38500000000001));
#2714=CARTESIAN_POINT('Origin',(10.365,0.,-4.38500000000001));
#2715=CARTESIAN_POINT('Origin',(-10.365,0.8,16.615));
#2716=CARTESIAN_POINT('',(-12.615,0.8,16.615));
#2717=CARTESIAN_POINT('Origin',(-10.365,0.8,16.615));
#2718=CARTESIAN_POINT('',(-11.415,0.800000000000003,16.615));
#2719=CARTESIAN_POINT('Origin',(-10.365,0.800000000000003,16.615));
#2720=CARTESIAN_POINT('Origin',(-10.365,1.9,16.615));
#2721=CARTESIAN_POINT('',(-12.615,3.,16.615));
#2722=CARTESIAN_POINT('Origin',(-10.365,3.,16.615));
#2723=CARTESIAN_POINT('',(-12.615,1.9,16.615));
#2724=CARTESIAN_POINT('Origin',(-10.365,-75.3367914839509,16.615));
#2725=CARTESIAN_POINT('',(-11.415,0.,16.615));
#2726=CARTESIAN_POINT('',(-11.415,-75.3367914839509,16.615));
#2727=CARTESIAN_POINT('Origin',(-10.365,0.,16.615));
#2728=CARTESIAN_POINT('Origin',(0.,3.,-12.615));
#2729=CARTESIAN_POINT('',(-10.5,3.,-12.615));
#2730=CARTESIAN_POINT('Origin',(0.,3.,-12.615));
#2731=CARTESIAN_POINT('',(-10.5,0.,-12.615));
#2732=CARTESIAN_POINT('',(-10.5,3.,-12.615));
#2733=CARTESIAN_POINT('Origin',(0.,0.,-12.615));
#2734=CARTESIAN_POINT('Origin',(-25.,0.,-12.615));
#2735=CARTESIAN_POINT('',(-25.,0.,-12.615));
#2736=CARTESIAN_POINT('',(-25.,0.,22.615));
#2737=CARTESIAN_POINT('',(-25.,0.,-12.615));
#2738=CARTESIAN_POINT('',(-25.,3.,22.615));
#2739=CARTESIAN_POINT('',(-25.,0.,22.615));
#2740=CARTESIAN_POINT('',(-25.,3.,-12.615));
#2741=CARTESIAN_POINT('',(-25.,3.,-12.615));
#2742=CARTESIAN_POINT('',(-25.,0.,-12.615));
#2743=CARTESIAN_POINT('Origin',(0.,0.,-12.615));
#2744=CARTESIAN_POINT('',(25.,0.,-12.615));
#2745=CARTESIAN_POINT('Origin',(0.,0.,-12.615));
#2746=CARTESIAN_POINT('',(25.,3.,-12.615));
#2747=CARTESIAN_POINT('Origin',(0.,3.,-12.615));
#2748=CARTESIAN_POINT('',(25.,0.,-12.615));
#2749=CARTESIAN_POINT('Origin',(25.,0.,22.615));
#2750=CARTESIAN_POINT('',(25.,0.,22.615));
#2751=CARTESIAN_POINT('',(25.,0.,22.615));
#2752=CARTESIAN_POINT('',(25.,3.,22.615));
#2753=CARTESIAN_POINT('',(25.,3.,22.615));
#2754=CARTESIAN_POINT('',(25.,0.,22.615));
#2755=CARTESIAN_POINT('Origin',(-25.,0.,22.615));
#2756=CARTESIAN_POINT('',(-25.,0.,22.615));
#2757=CARTESIAN_POINT('',(-25.,3.,22.615));
#2758=CARTESIAN_POINT('Origin',(4.44089209850063E-15,3.,-7.5));
#2759=CARTESIAN_POINT('Origin',(4.44089209850063E-15,0.,-7.5));
#2760=CARTESIAN_POINT('',(0.,0.,0.));
#2761=CARTESIAN_POINT('Origin',(22.5,-149.187797802583,12.615));
#2762=CARTESIAN_POINT('',(21.2705,3.00000000000001,12.615));
#2763=CARTESIAN_POINT('Origin',(22.5,3.00000000000001,12.615));
#2764=CARTESIAN_POINT('',(21.2705,0.,12.615));
#2765=CARTESIAN_POINT('',(21.2705,-149.187797802583,12.615));
#2766=CARTESIAN_POINT('Origin',(22.5,0.,12.615));
#2767=CARTESIAN_POINT('Origin',(22.5,-149.187797802583,-12.615));
#2768=CARTESIAN_POINT('',(21.2705,3.00000000000001,-12.615));
#2769=CARTESIAN_POINT('Origin',(22.5,3.00000000000001,-12.615));
#2770=CARTESIAN_POINT('',(21.2705,0.,-12.615));
#2771=CARTESIAN_POINT('',(21.2705,-149.187797802583,-12.615));
#2772=CARTESIAN_POINT('Origin',(22.5,0.,-12.615));
#2773=CARTESIAN_POINT('Origin',(-22.5,-149.187797802583,-12.615));
#2774=CARTESIAN_POINT('',(-23.7295,3.00000000000001,-12.615));
#2775=CARTESIAN_POINT('Origin',(-22.5,3.00000000000001,-12.615));
#2776=CARTESIAN_POINT('',(-23.7295,0.,-12.615));
#2777=CARTESIAN_POINT('',(-23.7295,-149.187797802583,-12.615));
#2778=CARTESIAN_POINT('Origin',(-22.5,0.,-12.615));
#2779=CARTESIAN_POINT('Origin',(0.,-149.187797802583,-35.115));
#2780=CARTESIAN_POINT('',(-1.2295,3.00000000000001,-35.115));
#2781=CARTESIAN_POINT('Origin',(0.,3.00000000000001,-35.115));
#2782=CARTESIAN_POINT('',(-1.2295,0.,-35.115));
#2783=CARTESIAN_POINT('',(-1.2295,-149.187797802583,-35.115));
#2784=CARTESIAN_POINT('Origin',(0.,0.,-35.115));
#2785=CARTESIAN_POINT('Origin',(-22.5,-149.187797802583,12.615));
#2786=CARTESIAN_POINT('',(-23.7295,3.00000000000001,12.615));
#2787=CARTESIAN_POINT('Origin',(-22.5,3.00000000000001,12.615));
#2788=CARTESIAN_POINT('',(-23.7295,0.,12.615));
#2789=CARTESIAN_POINT('',(-23.7295,-149.187797802583,12.615));
#2790=CARTESIAN_POINT('Origin',(-22.5,0.,12.615));
#2791=CARTESIAN_POINT('Origin',(12.465,0.,-6.565));
#2792=CARTESIAN_POINT('',(12.465,1.5,-5.515));
#2793=CARTESIAN_POINT('',(12.465,1.5,-7.615));
#2794=CARTESIAN_POINT('Origin',(12.465,1.5,-6.565));
#2795=CARTESIAN_POINT('',(12.465,0.,-7.61500000000001));
#2796=CARTESIAN_POINT('',(12.465,3.,-7.615));
#2797=CARTESIAN_POINT('',(12.465,0.,-5.515));
#2798=CARTESIAN_POINT('Origin',(12.465,0.,-6.565));
#2799=CARTESIAN_POINT('',(12.465,0.,-5.515));
#2800=CARTESIAN_POINT('Origin',(-12.465,0.,-6.565));
#2801=CARTESIAN_POINT('',(-12.465,0.,-7.615));
#2802=CARTESIAN_POINT('',(-12.465,1.5,-7.61500000000001));
#2803=CARTESIAN_POINT('',(-12.465,3.,-7.615));
#2804=CARTESIAN_POINT('',(-12.465,1.5,-5.515));
#2805=CARTESIAN_POINT('Origin',(-12.465,1.5,-6.565));
#2806=CARTESIAN_POINT('',(-12.465,0.,-5.515));
#2807=CARTESIAN_POINT('',(-12.465,0.,-5.515));
#2808=CARTESIAN_POINT('Origin',(-12.465,0.,-6.565));
#2809=CARTESIAN_POINT('Origin',(12.465,3.,-22.665));
#2810=CARTESIAN_POINT('',(12.465,0.,22.615));
#2811=CARTESIAN_POINT('',(12.465,0.,11.3075));
#2812=CARTESIAN_POINT('',(12.465,1.5,22.615));
#2813=CARTESIAN_POINT('',(12.465,0.,22.615));
#2814=CARTESIAN_POINT('',(12.465,1.5,-7.615));
#2815=CARTESIAN_POINT('Origin',(-67.865,0.,20.615));
#2816=CARTESIAN_POINT('',(-67.865,3.,22.615));
#2817=CARTESIAN_POINT('',(-69.865,3.,20.615));
#2818=CARTESIAN_POINT('Origin',(-67.865,3.,20.615));
#2819=CARTESIAN_POINT('',(-69.865,0.,20.615));
#2820=CARTESIAN_POINT('',(-69.865,0.,20.615));
#2821=CARTESIAN_POINT('',(-67.865,0.,22.615));
#2822=CARTESIAN_POINT('Origin',(-67.865,0.,20.615));
#2823=CARTESIAN_POINT('',(-67.865,0.,22.615));
#2824=CARTESIAN_POINT('Origin',(-69.865,0.,22.615));
#2825=CARTESIAN_POINT('',(-12.465,0.,22.615));
#2826=CARTESIAN_POINT('',(-69.865,0.,22.615));
#2827=CARTESIAN_POINT('',(-12.465,1.5,22.615));
#2828=CARTESIAN_POINT('',(-12.465,0.,22.615));
#2829=CARTESIAN_POINT('',(-7.10000000000001,1.5,22.615));
#2830=CARTESIAN_POINT('',(-39.82375,1.5,22.615));
#2831=CARTESIAN_POINT('',(-7.1,3.,22.615));
#2832=CARTESIAN_POINT('',(-7.10000000000001,1.5,22.615));
#2833=CARTESIAN_POINT('',(-69.865,3.,22.615));
#2834=CARTESIAN_POINT('Origin',(4.44089209850063E-15,0.,0.));
#2835=CARTESIAN_POINT('',(10.5368828407646,0.,-7.61500000000001));
#2836=CARTESIAN_POINT('',(10.5368828407646,0.,-7.61500000000001));
#2837=CARTESIAN_POINT('',(-10.5368828407646,0.,-7.615));
#2838=CARTESIAN_POINT('Origin',(0.,0.,-12.665));
#2839=CARTESIAN_POINT('',(-12.465,0.,-7.615));
#2840=CARTESIAN_POINT('',(-12.465,0.,-3.80750000000001));
#2841=CARTESIAN_POINT('',(-69.865,0.,-20.615));
#2842=CARTESIAN_POINT('',(-69.865,0.,-22.615));
#2843=CARTESIAN_POINT('',(-67.865,0.,-22.615));
#2844=CARTESIAN_POINT('Origin',(-67.865,0.,-20.615));
#2845=CARTESIAN_POINT('',(-24.1867732448957,0.,-22.615));
#2846=CARTESIAN_POINT('',(69.865,0.,-22.615));
#2847=CARTESIAN_POINT('',(-22.3951604119404,0.,-23.7261111111111));
#2848=CARTESIAN_POINT('Origin',(-24.1867732448957,0.,-24.615));
#2849=CARTESIAN_POINT('',(22.3951604119404,0.,-23.7261111111111));
#2850=CARTESIAN_POINT('Origin',(0.,0.,-12.615));
#2851=CARTESIAN_POINT('',(24.1867732448957,0.,-22.615));
#2852=CARTESIAN_POINT('Origin',(24.1867732448957,0.,-24.615));
#2853=CARTESIAN_POINT('',(67.865,0.,-22.615));
#2854=CARTESIAN_POINT('',(69.865,0.,-22.615));
#2855=CARTESIAN_POINT('',(69.865,0.,-20.615));
#2856=CARTESIAN_POINT('Origin',(67.865,0.,-20.615));
#2857=CARTESIAN_POINT('',(69.865,0.,20.615));
#2858=CARTESIAN_POINT('',(69.865,0.,22.615));
#2859=CARTESIAN_POINT('',(67.865,0.,22.615));
#2860=CARTESIAN_POINT('Origin',(67.865,0.,20.615));
#2861=CARTESIAN_POINT('',(-69.865,0.,22.615));
#2862=CARTESIAN_POINT('',(62.065,0.,-15.));
#2863=CARTESIAN_POINT('Origin',(63.615,0.,-15.));
#2864=CARTESIAN_POINT('',(32.065,0.,15.));
#2865=CARTESIAN_POINT('Origin',(33.615,0.,15.));
#2866=CARTESIAN_POINT('',(-35.165,0.,-15.));
#2867=CARTESIAN_POINT('Origin',(-33.615,0.,-15.));
#2868=CARTESIAN_POINT('',(-65.165,0.,15.));
#2869=CARTESIAN_POINT('Origin',(-63.615,0.,15.));
#2870=CARTESIAN_POINT('',(-65.165,0.,-15.));
#2871=CARTESIAN_POINT('Origin',(-63.615,0.,-15.));
#2872=CARTESIAN_POINT('',(-35.165,0.,15.));
#2873=CARTESIAN_POINT('Origin',(-33.615,0.,15.));
#2874=CARTESIAN_POINT('',(32.065,0.,-15.));
#2875=CARTESIAN_POINT('Origin',(33.615,0.,-15.));
#2876=CARTESIAN_POINT('',(62.065,0.,15.));
#2877=CARTESIAN_POINT('Origin',(63.615,0.,15.));
#2878=CARTESIAN_POINT('',(38.615,0.,-8.00000000000001));
#2879=CARTESIAN_POINT('',(38.615,0.,7.99999999999999));
#2880=CARTESIAN_POINT('',(38.615,0.,5.));
#2881=CARTESIAN_POINT('',(40.615,0.,9.99999999999999));
#2882=CARTESIAN_POINT('Origin',(40.615,0.,7.99999999999999));
#2883=CARTESIAN_POINT('',(56.615,0.,9.99999999999999));
#2884=CARTESIAN_POINT('',(29.3075,0.,10.));
#2885=CARTESIAN_POINT('',(58.615,0.,7.99999999999999));
#2886=CARTESIAN_POINT('Origin',(56.615,0.,7.99999999999999));
#2887=CARTESIAN_POINT('',(58.615,0.,-8.00000000000001));
#2888=CARTESIAN_POINT('',(58.615,0.,-5.00000000000001));
#2889=CARTESIAN_POINT('',(56.615,0.,-10.));
#2890=CARTESIAN_POINT('Origin',(56.615,0.,-8.00000000000001));
#2891=CARTESIAN_POINT('',(40.615,0.,-10.));
#2892=CARTESIAN_POINT('',(19.3075,0.,-10.));
#2893=CARTESIAN_POINT('Origin',(40.615,0.,-8.00000000000001));
#2894=CARTESIAN_POINT('',(-58.615,0.,-8.));
#2895=CARTESIAN_POINT('',(-58.615,0.,8.));
#2896=CARTESIAN_POINT('',(-58.615,0.,5.));
#2897=CARTESIAN_POINT('',(-56.615,0.,10.));
#2898=CARTESIAN_POINT('Origin',(-56.615,0.,8.));
#2899=CARTESIAN_POINT('',(-40.615,0.,10.));
#2900=CARTESIAN_POINT('',(-19.3075,0.,10.));
#2901=CARTESIAN_POINT('',(-38.615,0.,8.));
#2902=CARTESIAN_POINT('Origin',(-40.615,0.,8.));
#2903=CARTESIAN_POINT('',(-38.615,0.,-8.));
#2904=CARTESIAN_POINT('',(-38.615,0.,-5.00000000000001));
#2905=CARTESIAN_POINT('',(-40.615,0.,-10.));
#2906=CARTESIAN_POINT('Origin',(-40.615,0.,-8.));
#2907=CARTESIAN_POINT('',(-56.615,0.,-10.));
#2908=CARTESIAN_POINT('',(-29.3075,0.,-10.));
#2909=CARTESIAN_POINT('Origin',(-56.615,0.,-8.));
#2910=CARTESIAN_POINT('Origin',(-67.865,0.,-20.615));
#2911=CARTESIAN_POINT('',(-69.865,3.,-20.615));
#2912=CARTESIAN_POINT('',(-67.865,3.,-22.615));
#2913=CARTESIAN_POINT('Origin',(-67.865,3.,-20.615));
#2914=CARTESIAN_POINT('',(-67.865,0.,-22.615));
#2915=CARTESIAN_POINT('',(-69.865,0.,-20.615));
#2916=CARTESIAN_POINT('Origin',(69.865,0.,-22.615));
#2917=CARTESIAN_POINT('',(-24.1867732448957,3.,-22.615));
#2918=CARTESIAN_POINT('',(69.865,3.,-22.615));
#2919=CARTESIAN_POINT('',(-24.1867732448957,3.,-22.615));
#2920=CARTESIAN_POINT('Origin',(0.,3.,0.));
#2921=CARTESIAN_POINT('',(-7.1,3.,-3.385));
#2922=CARTESIAN_POINT('',(-7.1,3.,11.3075));
#2923=CARTESIAN_POINT('',(7.1,3.,-3.38500000000001));
#2924=CARTESIAN_POINT('Origin',(0.,3.,-12.665));
#2925=CARTESIAN_POINT('',(7.1,3.,22.615));
#2926=CARTESIAN_POINT('',(7.1,3.,-1.6925));
#2927=CARTESIAN_POINT('',(67.865,3.,22.615));
#2928=CARTESIAN_POINT('',(-69.865,3.,22.615));
#2929=CARTESIAN_POINT('',(69.865,3.,20.615));
#2930=CARTESIAN_POINT('Origin',(67.865,3.,20.615));
#2931=CARTESIAN_POINT('',(69.865,3.,-20.615));
#2932=CARTESIAN_POINT('',(69.865,3.,22.615));
#2933=CARTESIAN_POINT('',(67.865,3.,-22.615));
#2934=CARTESIAN_POINT('Origin',(67.865,3.,-20.615));
#2935=CARTESIAN_POINT('',(24.1867732448957,3.,-22.615));
#2936=CARTESIAN_POINT('',(69.865,3.,-22.615));
#2937=CARTESIAN_POINT('',(22.3951604119404,3.,-23.7261111111111));
#2938=CARTESIAN_POINT('Origin',(24.1867732448957,3.,-24.615));
#2939=CARTESIAN_POINT('',(-22.3951604119404,3.,-23.7261111111111));
#2940=CARTESIAN_POINT('Origin',(0.,3.,-12.615));
#2941=CARTESIAN_POINT('Origin',(-24.1867732448957,3.,-24.615));
#2942=CARTESIAN_POINT('',(-69.865,3.,-22.615));
#2943=CARTESIAN_POINT('',(62.065,3.00000000000001,15.));
#2944=CARTESIAN_POINT('Origin',(63.615,3.00000000000001,15.));
#2945=CARTESIAN_POINT('',(32.065,3.00000000000001,-15.));
#2946=CARTESIAN_POINT('Origin',(33.615,3.00000000000001,-15.));
#2947=CARTESIAN_POINT('',(-35.165,3.00000000000001,15.));
#2948=CARTESIAN_POINT('Origin',(-33.615,3.00000000000001,15.));
#2949=CARTESIAN_POINT('',(-65.165,3.00000000000001,-15.));
#2950=CARTESIAN_POINT('Origin',(-63.615,3.00000000000001,-15.));
#2951=CARTESIAN_POINT('',(-65.165,3.00000000000001,15.));
#2952=CARTESIAN_POINT('Origin',(-63.615,3.00000000000001,15.));
#2953=CARTESIAN_POINT('',(-35.165,3.00000000000001,-15.));
#2954=CARTESIAN_POINT('Origin',(-33.615,3.00000000000001,-15.));
#2955=CARTESIAN_POINT('',(32.065,3.00000000000001,15.));
#2956=CARTESIAN_POINT('Origin',(33.615,3.00000000000001,15.));
#2957=CARTESIAN_POINT('',(62.065,3.00000000000001,-15.));
#2958=CARTESIAN_POINT('Origin',(63.615,3.00000000000001,-15.));
#2959=CARTESIAN_POINT('',(38.615,3.,7.99999999999999));
#2960=CARTESIAN_POINT('',(38.615,3.,-8.00000000000001));
#2961=CARTESIAN_POINT('',(38.615,3.,5.));
#2962=CARTESIAN_POINT('',(40.615,3.,-10.));
#2963=CARTESIAN_POINT('Origin',(40.615,3.,-8.00000000000001));
#2964=CARTESIAN_POINT('',(56.615,3.,-10.));
#2965=CARTESIAN_POINT('',(19.3075,3.,-10.));
#2966=CARTESIAN_POINT('',(58.615,3.,-8.00000000000001));
#2967=CARTESIAN_POINT('Origin',(56.615,3.,-8.00000000000001));
#2968=CARTESIAN_POINT('',(58.615,3.,7.99999999999999));
#2969=CARTESIAN_POINT('',(58.615,3.,-5.00000000000001));
#2970=CARTESIAN_POINT('',(56.615,3.,9.99999999999999));
#2971=CARTESIAN_POINT('Origin',(56.615,3.,7.99999999999999));
#2972=CARTESIAN_POINT('',(40.615,3.,9.99999999999999));
#2973=CARTESIAN_POINT('',(29.3075,3.,10.));
#2974=CARTESIAN_POINT('Origin',(40.615,3.,7.99999999999999));
#2975=CARTESIAN_POINT('',(-11.415,3.,16.615));
#2976=CARTESIAN_POINT('Origin',(-10.365,3.,16.615));
#2977=CARTESIAN_POINT('',(9.31500000000001,3.,-4.385));
#2978=CARTESIAN_POINT('Origin',(10.365,3.,-4.385));
#2979=CARTESIAN_POINT('',(-58.615,3.,8.));
#2980=CARTESIAN_POINT('',(-58.615,3.,-8.));
#2981=CARTESIAN_POINT('',(-58.615,3.,5.));
#2982=CARTESIAN_POINT('',(-56.615,3.,-10.));
#2983=CARTESIAN_POINT('Origin',(-56.615,3.,-8.));
#2984=CARTESIAN_POINT('',(-40.615,3.,-10.));
#2985=CARTESIAN_POINT('',(-29.3075,3.,-10.));
#2986=CARTESIAN_POINT('',(-38.615,3.,-8.));
#2987=CARTESIAN_POINT('Origin',(-40.615,3.,-8.));
#2988=CARTESIAN_POINT('',(-38.615,3.,8.));
#2989=CARTESIAN_POINT('',(-38.615,3.,-5.00000000000001));
#2990=CARTESIAN_POINT('',(-40.615,3.,10.));
#2991=CARTESIAN_POINT('Origin',(-40.615,3.,8.));
#2992=CARTESIAN_POINT('',(-56.615,3.,10.));
#2993=CARTESIAN_POINT('',(-19.3075,3.,10.));
#2994=CARTESIAN_POINT('Origin',(-56.615,3.,8.));
#2995=CARTESIAN_POINT('',(-11.415,3.,-4.385));
#2996=CARTESIAN_POINT('Origin',(-10.365,3.,-4.385));
#2997=CARTESIAN_POINT('',(9.31500000000001,3.,16.615));
#2998=CARTESIAN_POINT('Origin',(10.365,3.,16.615));
#2999=CARTESIAN_POINT('Origin',(67.865,0.,-20.615));
#3000=CARTESIAN_POINT('',(69.865,0.,-20.615));
#3001=CARTESIAN_POINT('',(67.865,0.,-22.615));
#3002=CARTESIAN_POINT('Origin',(69.865,0.,22.615));
#3003=CARTESIAN_POINT('',(69.865,0.,20.615));
#3004=CARTESIAN_POINT('Origin',(67.865,0.,20.615));
#3005=CARTESIAN_POINT('',(67.865,0.,22.615));
#3006=CARTESIAN_POINT('Origin',(-24.1867732448957,3.,-24.615));
#3007=CARTESIAN_POINT('',(-22.3951604119404,3.,-23.7261111111111));
#3008=CARTESIAN_POINT('Origin',(0.,3.,-12.615));
#3009=CARTESIAN_POINT('',(22.3951604119404,3.,-23.7261111111111));
#3010=CARTESIAN_POINT('Origin',(24.1867732448957,3.,-24.615));
#3011=CARTESIAN_POINT('',(24.1867732448957,3.,-22.615));
#3012=CARTESIAN_POINT('Origin',(56.615,3.,-8.00000000000001));
#3013=CARTESIAN_POINT('',(56.615,3.,-10.));
#3014=CARTESIAN_POINT('',(58.615,3.,-8.00000000000001));
#3015=CARTESIAN_POINT('Origin',(38.615,3.,-10.));
#3016=CARTESIAN_POINT('',(40.615,3.,-10.));
#3017=CARTESIAN_POINT('Origin',(56.615,3.,7.99999999999999));
#3018=CARTESIAN_POINT('',(58.615,3.,7.99999999999999));
#3019=CARTESIAN_POINT('',(56.615,3.,9.99999999999999));
#3020=CARTESIAN_POINT('Origin',(58.615,3.,-10.));
#3021=CARTESIAN_POINT('Origin',(40.615,3.,7.99999999999999));
#3022=CARTESIAN_POINT('',(40.615,3.,9.99999999999999));
#3023=CARTESIAN_POINT('',(38.615,3.,7.99999999999999));
#3024=CARTESIAN_POINT('Origin',(58.615,3.,9.99999999999999));
#3025=CARTESIAN_POINT('Origin',(40.615,3.,-8.00000000000001));
#3026=CARTESIAN_POINT('',(38.615,3.,-8.00000000000001));
#3027=CARTESIAN_POINT('Origin',(38.615,3.,10.));
#3028=CARTESIAN_POINT('Origin',(-40.615,3.,-8.));
#3029=CARTESIAN_POINT('',(-40.615,3.,-10.));
#3030=CARTESIAN_POINT('',(-38.615,3.,-8.));
#3031=CARTESIAN_POINT('Origin',(-58.615,3.,-10.));
#3032=CARTESIAN_POINT('',(-56.615,3.,-10.));
#3033=CARTESIAN_POINT('Origin',(-40.615,3.,8.));
#3034=CARTESIAN_POINT('',(-38.615,3.,8.));
#3035=CARTESIAN_POINT('',(-40.615,3.,10.));
#3036=CARTESIAN_POINT('Origin',(-38.615,3.,-10.));
#3037=CARTESIAN_POINT('Origin',(-56.615,3.,8.));
#3038=CARTESIAN_POINT('',(-56.615,3.,10.));
#3039=CARTESIAN_POINT('',(-58.615,3.,8.));
#3040=CARTESIAN_POINT('Origin',(-38.615,3.,10.));
#3041=CARTESIAN_POINT('Origin',(-56.615,3.,-8.));
#3042=CARTESIAN_POINT('',(-58.615,3.,-8.));
#3043=CARTESIAN_POINT('Origin',(-58.615,3.,10.));
#3044=CARTESIAN_POINT('Origin',(-10.5368828407646,3.,-7.615));
#3045=CARTESIAN_POINT('',(-10.5368828407646,1.5,-7.61500000000001));
#3046=CARTESIAN_POINT('',(-10.1596914203823,1.5,-7.615));
#3047=CARTESIAN_POINT('',(-10.5368828407646,3.,-7.615));
#3048=CARTESIAN_POINT('Origin',(12.465,3.,-7.61500000000001));
#3049=CARTESIAN_POINT('',(10.5368828407646,1.5,-7.615));
#3050=CARTESIAN_POINT('',(11.12375,1.5,-7.61500000000001));
#3051=CARTESIAN_POINT('',(10.5368828407646,3.,-7.61500000000001));
#3052=CARTESIAN_POINT('Origin',(-12.465,3.,-7.615));
#3053=CARTESIAN_POINT('',(-12.465,1.5,22.615));
#3054=CARTESIAN_POINT('Origin',(-9.7825,1.5,7.5));
#3055=CARTESIAN_POINT('',(-7.1,1.5,-3.385));
#3056=CARTESIAN_POINT('Origin',(0.,1.5,-12.665));
#3057=CARTESIAN_POINT('',(-7.1,1.5,15.0575));
#3058=CARTESIAN_POINT('',(-11.415,1.5,-4.385));
#3059=CARTESIAN_POINT('Origin',(-10.365,1.5,-4.385));
#3060=CARTESIAN_POINT('',(-11.415,1.5,16.615));
#3061=CARTESIAN_POINT('Origin',(-10.365,1.5,16.615));
#3062=CARTESIAN_POINT('Origin',(9.78250000000001,1.5,7.5));
#3063=CARTESIAN_POINT('',(7.1,1.5,22.615));
#3064=CARTESIAN_POINT('',(-30.04125,1.5,22.615));
#3065=CARTESIAN_POINT('',(7.1,1.5,-3.38500000000001));
#3066=CARTESIAN_POINT('',(7.1,1.5,2.0575));
#3067=CARTESIAN_POINT('Origin',(0.,1.5,-12.665));
#3068=CARTESIAN_POINT('',(9.31500000000001,1.5,-4.385));
#3069=CARTESIAN_POINT('Origin',(10.365,1.5,-4.385));
#3070=CARTESIAN_POINT('',(9.31500000000001,1.5,16.615));
#3071=CARTESIAN_POINT('Origin',(10.365,1.5,16.615));
#3072=CARTESIAN_POINT('Origin',(-7.1,3.,22.615));
#3073=CARTESIAN_POINT('',(-7.1,3.,-3.385));
#3074=CARTESIAN_POINT('Origin',(7.1,3.,-3.38500000000001));
#3075=CARTESIAN_POINT('',(7.09999999999999,1.5,22.615));
#3076=CARTESIAN_POINT('',(7.1,3.,-3.38500000000001));
#3077=CARTESIAN_POINT('Origin',(0.,3.,-12.665));
#3078=CARTESIAN_POINT('Origin',(10.365,3.,16.615));
#3079=CARTESIAN_POINT('',(9.31500000000001,3.,16.615));
#3080=CARTESIAN_POINT('Origin',(-10.365,3.,-4.385));
#3081=CARTESIAN_POINT('',(-11.415,3.,-4.385));
#3082=CARTESIAN_POINT('Origin',(10.365,3.,-4.385));
#3083=CARTESIAN_POINT('',(9.31500000000001,3.,-4.385));
#3084=CARTESIAN_POINT('Origin',(-10.365,3.,16.615));
#3085=CARTESIAN_POINT('',(-11.415,3.,16.615));
#3086=CARTESIAN_POINT('Origin',(-69.865,0.,22.615));
#3087=CARTESIAN_POINT('Origin',(63.615,-143.898692301872,15.));
#3088=CARTESIAN_POINT('',(62.065,-143.898692301872,15.));
#3089=CARTESIAN_POINT('Origin',(33.615,-143.898692301872,-15.));
#3090=CARTESIAN_POINT('',(32.065,-143.898692301872,-15.));
#3091=CARTESIAN_POINT('Origin',(-33.615,-143.898692301872,15.));
#3092=CARTESIAN_POINT('',(-35.165,-143.898692301872,15.));
#3093=CARTESIAN_POINT('Origin',(-63.615,-143.898692301872,-15.));
#3094=CARTESIAN_POINT('',(-65.165,-143.898692301872,-15.));
#3095=CARTESIAN_POINT('Origin',(-63.615,-143.898692301872,15.));
#3096=CARTESIAN_POINT('',(-65.165,-143.898692301872,15.));
#3097=CARTESIAN_POINT('Origin',(-33.615,-143.898692301872,-15.));
#3098=CARTESIAN_POINT('',(-35.165,-143.898692301872,-15.));
#3099=CARTESIAN_POINT('Origin',(33.615,-143.898692301872,15.));
#3100=CARTESIAN_POINT('',(32.065,-143.898692301872,15.));
#3101=CARTESIAN_POINT('Origin',(63.615,-143.898692301872,-15.));
#3102=CARTESIAN_POINT('',(62.065,-143.898692301872,-15.));
#3103=CARTESIAN_POINT('Origin',(-69.865,0.,-22.615));
#3104=CARTESIAN_POINT('Origin',(69.865,0.,-22.615));
#3105=CARTESIAN_POINT('',(0.,0.,0.));
#3106=CARTESIAN_POINT('Origin',(0.,-25.4429253066558,0.));
#3107=CARTESIAN_POINT('',(-3.25,3.,3.9801020972289E-16));
#3108=CARTESIAN_POINT('Origin',(0.,3.,0.));
#3109=CARTESIAN_POINT('',(-3.25,0.,3.9801020972289E-16));
#3110=CARTESIAN_POINT('',(-3.25,-25.4429253066558,3.9801020972289E-16));
#3111=CARTESIAN_POINT('Origin',(0.,0.,0.));
#3112=CARTESIAN_POINT('Origin',(7.,-25.4429253066558,8.57252759403147E-16));
#3113=CARTESIAN_POINT('',(5.45,3.,1.04707301327099E-15));
#3114=CARTESIAN_POINT('Origin',(7.,3.,8.57252759403147E-16));
#3115=CARTESIAN_POINT('',(5.45,0.,1.04707301327099E-15));
#3116=CARTESIAN_POINT('',(5.45,-25.4429253066558,1.04707301327099E-15));
#3117=CARTESIAN_POINT('Origin',(7.,0.,8.57252759403147E-16));
#3118=CARTESIAN_POINT('Origin',(-7.,-25.4429253066558,0.));
#3119=CARTESIAN_POINT('',(-8.55,3.,1.8982025386784E-16));
#3120=CARTESIAN_POINT('Origin',(-7.,3.,0.));
#3121=CARTESIAN_POINT('',(-8.55,0.,1.8982025386784E-16));
#3122=CARTESIAN_POINT('',(-8.55,-25.4429253066558,1.8982025386784E-16));
#3123=CARTESIAN_POINT('Origin',(-7.,0.,0.));
#3124=CARTESIAN_POINT('Origin',(-4.28626379701574E-16,-25.4429253066558,
7.));
#3125=CARTESIAN_POINT('',(-1.55,3.,7.));
#3126=CARTESIAN_POINT('Origin',(-4.28626379701574E-16,3.,7.));
#3127=CARTESIAN_POINT('',(-1.55,0.,7.));
#3128=CARTESIAN_POINT('',(-1.55,-25.4429253066558,7.));
#3129=CARTESIAN_POINT('Origin',(-4.28626379701574E-16,0.,7.));
#3130=CARTESIAN_POINT('Origin',(1.28587913910472E-15,-25.4429253066558,
-7.));
#3131=CARTESIAN_POINT('',(-1.55,3.,-7.));
#3132=CARTESIAN_POINT('Origin',(1.28587913910472E-15,3.,-7.));
#3133=CARTESIAN_POINT('',(-1.55,0.,-7.));
#3134=CARTESIAN_POINT('',(-1.55,-25.4429253066558,-7.));
#3135=CARTESIAN_POINT('Origin',(1.28587913910472E-15,0.,-7.));
#3136=CARTESIAN_POINT('Origin',(0.,0.,0.));
#3137=CARTESIAN_POINT('',(10.,3.,-1.22464679914735E-15));
#3138=CARTESIAN_POINT('Origin',(0.,3.,0.));
#3139=CARTESIAN_POINT('',(10.,0.,-1.22464679914735E-15));
#3140=CARTESIAN_POINT('',(10.,0.,-1.22464679914735E-15));
#3141=CARTESIAN_POINT('Origin',(0.,0.,0.));
#3142=CARTESIAN_POINT('Origin',(0.,3.,0.));
#3143=CARTESIAN_POINT('Origin',(0.,0.,0.));
#3144=CARTESIAN_POINT('',(0.,0.,0.));
#3145=CARTESIAN_POINT('',(96.965,3.,-8.88178419700128E-15));
#3146=CARTESIAN_POINT('',(29.7993288515025,-1.11022302462516E-15,-34.7149999999999));
#3147=UNCERTAINTY_MEASURE_WITH_UNIT(LENGTH_MEASURE(0.01),#3157,
'DISTANCE_ACCURACY_VALUE',
'Maximum model space distance between geometric entities at asserted c
onnectivities');
#3148=UNCERTAINTY_MEASURE_WITH_UNIT(LENGTH_MEASURE(0.01),#3157,
'DISTANCE_ACCURACY_VALUE',
'Maximum model space distance between geometric entities at asserted c
onnectivities');
#3149=UNCERTAINTY_MEASURE_WITH_UNIT(LENGTH_MEASURE(0.01),#3157,
'DISTANCE_ACCURACY_VALUE',
'Maximum model space distance between geometric entities at asserted c
onnectivities');
#3150=UNCERTAINTY_MEASURE_WITH_UNIT(LENGTH_MEASURE(0.01),#3157,
'DISTANCE_ACCURACY_VALUE',
'Maximum model space distance between geometric entities at asserted c
onnectivities');
#3151=UNCERTAINTY_MEASURE_WITH_UNIT(LENGTH_MEASURE(0.01),#3157,
'DISTANCE_ACCURACY_VALUE',
'Maximum model space distance between geometric entities at asserted c
onnectivities');
#3152=(
GEOMETRIC_REPRESENTATION_CONTEXT(3)
GLOBAL_UNCERTAINTY_ASSIGNED_CONTEXT((#3147))
GLOBAL_UNIT_ASSIGNED_CONTEXT((#3157,#3159,#3160))
REPRESENTATION_CONTEXT('','3D')
);
#3153=(
GEOMETRIC_REPRESENTATION_CONTEXT(3)
GLOBAL_UNCERTAINTY_ASSIGNED_CONTEXT((#3148))
GLOBAL_UNIT_ASSIGNED_CONTEXT((#3157,#3159,#3160))
REPRESENTATION_CONTEXT('','3D')
);
#3154=(
GEOMETRIC_REPRESENTATION_CONTEXT(3)
GLOBAL_UNCERTAINTY_ASSIGNED_CONTEXT((#3149))
GLOBAL_UNIT_ASSIGNED_CONTEXT((#3157,#3159,#3160))
REPRESENTATION_CONTEXT('','3D')
);
#3155=(
GEOMETRIC_REPRESENTATION_CONTEXT(3)
GLOBAL_UNCERTAINTY_ASSIGNED_CONTEXT((#3150))
GLOBAL_UNIT_ASSIGNED_CONTEXT((#3157,#3159,#3160))
REPRESENTATION_CONTEXT('','3D')
);
#3156=(
GEOMETRIC_REPRESENTATION_CONTEXT(3)
GLOBAL_UNCERTAINTY_ASSIGNED_CONTEXT((#3151))
GLOBAL_UNIT_ASSIGNED_CONTEXT((#3157,#3159,#3160))
REPRESENTATION_CONTEXT('','3D')
);
#3157=(
LENGTH_UNIT()
NAMED_UNIT(*)
SI_UNIT(.MILLI.,.METRE.)
);
#3158=(
LENGTH_UNIT()
NAMED_UNIT(*)
SI_UNIT(.CENTI.,.METRE.)
);
#3159=(
NAMED_UNIT(*)
PLANE_ANGLE_UNIT()
SI_UNIT($,.RADIAN.)
);
#3160=(
NAMED_UNIT(*)
SI_UNIT($,.STERADIAN.)
SOLID_ANGLE_UNIT()
);
#3161=SHAPE_DEFINITION_REPRESENTATION(#3165,#3172);
#3162=SHAPE_DEFINITION_REPRESENTATION(#3166,#3173);
#3163=SHAPE_DEFINITION_REPRESENTATION(#3167,#3174);
#3164=SHAPE_DEFINITION_REPRESENTATION(#3168,#3175);
#3165=PRODUCT_DEFINITION_SHAPE('',$,#3177);
#3166=PRODUCT_DEFINITION_SHAPE('',$,#3178);
#3167=PRODUCT_DEFINITION_SHAPE('',$,#3179);
#3168=PRODUCT_DEFINITION_SHAPE('',$,#3180);
#3169=PRODUCT_DEFINITION_SHAPE($,$,#20);
#3170=PRODUCT_DEFINITION_SHAPE($,$,#21);
#3171=PRODUCT_DEFINITION_SHAPE($,$,#22);
#3172=SHAPE_REPRESENTATION('',(#1879,#2088,#2089,#2090),#3152);
#3173=SHAPE_REPRESENTATION('',(#1880),#3153);
#3174=SHAPE_REPRESENTATION('',(#1935),#3154);
#3175=SHAPE_REPRESENTATION('',(#2067),#3155);
#3176=PRODUCT_DEFINITION_CONTEXT('part definition',#3190,'design');
#3177=PRODUCT_DEFINITION('Waist_t3_CAM','Waist_t3_CAM',#3181,#3176);
#3178=PRODUCT_DEFINITION('waist_2','waist_2',#3182,#3176);
#3179=PRODUCT_DEFINITION('waist','waist',#3183,#3176);
#3180=PRODUCT_DEFINITION('servo_horn_spacer','servo_horn_spacer',#3184,
#3176);
#3181=PRODUCT_DEFINITION_FORMATION('',$,#3192);
#3182=PRODUCT_DEFINITION_FORMATION('',$,#3193);
#3183=PRODUCT_DEFINITION_FORMATION('',$,#3194);
#3184=PRODUCT_DEFINITION_FORMATION('',$,#3195);
#3185=PRODUCT_RELATED_PRODUCT_CATEGORY('Waist_t3_CAM','Waist_t3_CAM',(#3192));
#3186=PRODUCT_RELATED_PRODUCT_CATEGORY('waist_2','waist_2',(#3193));
#3187=PRODUCT_RELATED_PRODUCT_CATEGORY('waist','waist',(#3194));
#3188=PRODUCT_RELATED_PRODUCT_CATEGORY('servo_horn_spacer',
'servo_horn_spacer',(#3195));
#3189=APPLICATION_PROTOCOL_DEFINITION('international standard',
'automotive_design',2009,#3190);
#3190=APPLICATION_CONTEXT(
'Core Data for Automotive Mechanical Design Process');
#3191=PRODUCT_CONTEXT('part definition',#3190,'mechanical');
#3192=PRODUCT('Waist_t3_CAM','Waist_t3_CAM',$,(#3191));
#3193=PRODUCT('waist_2','waist_2',$,(#3191));
#3194=PRODUCT('waist','waist',$,(#3191));
#3195=PRODUCT('servo_horn_spacer','servo_horn_spacer',$,(#3191));
ENDSEC;
END-ISO-10303-21;
