ISO-10303-21;
HEADER;
/* Generated by software containing ST-Developer
 * from STEP Tools, Inc. (www.steptools.com) 
 */

FILE_DESCRIPTION(
/* description */ (''),
/* implementation_level */ '2;1');

FILE_NAME(
/* name */ 'Arm_Leg_Waist_t3_CAM.stp',
/* time_stamp */ '2025-07-17T23:43:04+09:00',
/* author */ ('rei_r'),
/* organization */ (''),
/* preprocessor_version */ 'ST-DEVELOPER v20.1',
/* originating_system */ 'Autodesk Inventor 2026',
/* authorisation */ '');

FILE_SCHEMA (('AUTOMOTIVE_DESIGN { 1 0 10303 214 3 1 1 }'));
ENDSEC;

DATA;
#10=MECHANICAL_DESIGN_GEOMETRIC_PRESENTATION_REPRESENTATION('',(#143,#144,
#145,#146,#147,#148),#4855);
#11=ITEM_DEFINED_TRANSFORMATION($,$,#2891,#2947);
#12=ITEM_DEFINED_TRANSFORMATION($,$,#2891,#2948);
#13=ITEM_DEFINED_TRANSFORMATION($,$,#2950,#2971);
#14=ITEM_DEFINED_TRANSFORMATION($,$,#2950,#2972);
#15=ITEM_DEFINED_TRANSFORMATION($,$,#2950,#2973);
#16=ITEM_DEFINED_TRANSFORMATION($,$,#2950,#2974);
#17=ITEM_DEFINED_TRANSFORMATION($,$,#2950,#2975);
#18=ITEM_DEFINED_TRANSFORMATION($,$,#2950,#2976);
#19=ITEM_DEFINED_TRANSFORMATION($,$,#2950,#2977);
#20=ITEM_DEFINED_TRANSFORMATION($,$,#2950,#2978);
#21=ITEM_DEFINED_TRANSFORMATION($,$,#2950,#2979);
#22=ITEM_DEFINED_TRANSFORMATION($,$,#2950,#2980);
#23=ITEM_DEFINED_TRANSFORMATION($,$,#2950,#2981);
#24=ITEM_DEFINED_TRANSFORMATION($,$,#2950,#2982);
#25=ITEM_DEFINED_TRANSFORMATION($,$,#2984,#3192);
#26=ITEM_DEFINED_TRANSFORMATION($,$,#3039,#3193);
#27=ITEM_DEFINED_TRANSFORMATION($,$,#3171,#3194);
#28=ITEM_DEFINED_TRANSFORMATION($,$,#2869,#3195);
#29=ITEM_DEFINED_TRANSFORMATION($,$,#2869,#3196);
#30=ITEM_DEFINED_TRANSFORMATION($,$,#2869,#3197);
#31=ITEM_DEFINED_TRANSFORMATION($,$,#2869,#3198);
#32=ITEM_DEFINED_TRANSFORMATION($,$,#2869,#3199);
#33=ITEM_DEFINED_TRANSFORMATION($,$,#2869,#3200);
#34=ITEM_DEFINED_TRANSFORMATION($,$,#2869,#3201);
#35=ITEM_DEFINED_TRANSFORMATION($,$,#2869,#3202);
#36=ITEM_DEFINED_TRANSFORMATION($,$,#2869,#3203);
#37=ITEM_DEFINED_TRANSFORMATION($,$,#2869,#3204);
#38=ITEM_DEFINED_TRANSFORMATION($,$,#2890,#3205);
#39=ITEM_DEFINED_TRANSFORMATION($,$,#2949,#3206);
#40=ITEM_DEFINED_TRANSFORMATION($,$,#2983,#3207);
#41=(
REPRESENTATION_RELATIONSHIP($,$,#4913,#4912)
REPRESENTATION_RELATIONSHIP_WITH_TRANSFORMATION(#11)
SHAPE_REPRESENTATION_RELATIONSHIP()
);
#42=(
REPRESENTATION_RELATIONSHIP($,$,#4913,#4912)
REPRESENTATION_RELATIONSHIP_WITH_TRANSFORMATION(#12)
SHAPE_REPRESENTATION_RELATIONSHIP()
);
#43=(
REPRESENTATION_RELATIONSHIP($,$,#4915,#4914)
REPRESENTATION_RELATIONSHIP_WITH_TRANSFORMATION(#13)
SHAPE_REPRESENTATION_RELATIONSHIP()
);
#44=(
REPRESENTATION_RELATIONSHIP($,$,#4915,#4914)
REPRESENTATION_RELATIONSHIP_WITH_TRANSFORMATION(#14)
SHAPE_REPRESENTATION_RELATIONSHIP()
);
#45=(
REPRESENTATION_RELATIONSHIP($,$,#4915,#4914)
REPRESENTATION_RELATIONSHIP_WITH_TRANSFORMATION(#15)
SHAPE_REPRESENTATION_RELATIONSHIP()
);
#46=(
REPRESENTATION_RELATIONSHIP($,$,#4915,#4914)
REPRESENTATION_RELATIONSHIP_WITH_TRANSFORMATION(#16)
SHAPE_REPRESENTATION_RELATIONSHIP()
);
#47=(
REPRESENTATION_RELATIONSHIP($,$,#4915,#4914)
REPRESENTATION_RELATIONSHIP_WITH_TRANSFORMATION(#17)
SHAPE_REPRESENTATION_RELATIONSHIP()
);
#48=(
REPRESENTATION_RELATIONSHIP($,$,#4915,#4914)
REPRESENTATION_RELATIONSHIP_WITH_TRANSFORMATION(#18)
SHAPE_REPRESENTATION_RELATIONSHIP()
);
#49=(
REPRESENTATION_RELATIONSHIP($,$,#4915,#4914)
REPRESENTATION_RELATIONSHIP_WITH_TRANSFORMATION(#19)
SHAPE_REPRESENTATION_RELATIONSHIP()
);
#50=(
REPRESENTATION_RELATIONSHIP($,$,#4915,#4914)
REPRESENTATION_RELATIONSHIP_WITH_TRANSFORMATION(#20)
SHAPE_REPRESENTATION_RELATIONSHIP()
);
#51=(
REPRESENTATION_RELATIONSHIP($,$,#4915,#4914)
REPRESENTATION_RELATIONSHIP_WITH_TRANSFORMATION(#21)
SHAPE_REPRESENTATION_RELATIONSHIP()
);
#52=(
REPRESENTATION_RELATIONSHIP($,$,#4915,#4914)
REPRESENTATION_RELATIONSHIP_WITH_TRANSFORMATION(#22)
SHAPE_REPRESENTATION_RELATIONSHIP()
);
#53=(
REPRESENTATION_RELATIONSHIP($,$,#4915,#4914)
REPRESENTATION_RELATIONSHIP_WITH_TRANSFORMATION(#23)
SHAPE_REPRESENTATION_RELATIONSHIP()
);
#54=(
REPRESENTATION_RELATIONSHIP($,$,#4915,#4914)
REPRESENTATION_RELATIONSHIP_WITH_TRANSFORMATION(#24)
SHAPE_REPRESENTATION_RELATIONSHIP()
);
#55=(
REPRESENTATION_RELATIONSHIP($,$,#4917,#4916)
REPRESENTATION_RELATIONSHIP_WITH_TRANSFORMATION(#25)
SHAPE_REPRESENTATION_RELATIONSHIP()
);
#56=(
REPRESENTATION_RELATIONSHIP($,$,#4918,#4916)
REPRESENTATION_RELATIONSHIP_WITH_TRANSFORMATION(#26)
SHAPE_REPRESENTATION_RELATIONSHIP()
);
#57=(
REPRESENTATION_RELATIONSHIP($,$,#4919,#4916)
REPRESENTATION_RELATIONSHIP_WITH_TRANSFORMATION(#27)
SHAPE_REPRESENTATION_RELATIONSHIP()
);
#58=(
REPRESENTATION_RELATIONSHIP($,$,#4911,#4910)
REPRESENTATION_RELATIONSHIP_WITH_TRANSFORMATION(#28)
SHAPE_REPRESENTATION_RELATIONSHIP()
);
#59=(
REPRESENTATION_RELATIONSHIP($,$,#4911,#4910)
REPRESENTATION_RELATIONSHIP_WITH_TRANSFORMATION(#29)
SHAPE_REPRESENTATION_RELATIONSHIP()
);
#60=(
REPRESENTATION_RELATIONSHIP($,$,#4911,#4910)
REPRESENTATION_RELATIONSHIP_WITH_TRANSFORMATION(#30)
SHAPE_REPRESENTATION_RELATIONSHIP()
);
#61=(
REPRESENTATION_RELATIONSHIP($,$,#4911,#4910)
REPRESENTATION_RELATIONSHIP_WITH_TRANSFORMATION(#31)
SHAPE_REPRESENTATION_RELATIONSHIP()
);
#62=(
REPRESENTATION_RELATIONSHIP($,$,#4911,#4910)
REPRESENTATION_RELATIONSHIP_WITH_TRANSFORMATION(#32)
SHAPE_REPRESENTATION_RELATIONSHIP()
);
#63=(
REPRESENTATION_RELATIONSHIP($,$,#4911,#4910)
REPRESENTATION_RELATIONSHIP_WITH_TRANSFORMATION(#33)
SHAPE_REPRESENTATION_RELATIONSHIP()
);
#64=(
REPRESENTATION_RELATIONSHIP($,$,#4911,#4910)
REPRESENTATION_RELATIONSHIP_WITH_TRANSFORMATION(#34)
SHAPE_REPRESENTATION_RELATIONSHIP()
);
#65=(
REPRESENTATION_RELATIONSHIP($,$,#4911,#4910)
REPRESENTATION_RELATIONSHIP_WITH_TRANSFORMATION(#35)
SHAPE_REPRESENTATION_RELATIONSHIP()
);
#66=(
REPRESENTATION_RELATIONSHIP($,$,#4911,#4910)
REPRESENTATION_RELATIONSHIP_WITH_TRANSFORMATION(#36)
SHAPE_REPRESENTATION_RELATIONSHIP()
);
#67=(
REPRESENTATION_RELATIONSHIP($,$,#4911,#4910)
REPRESENTATION_RELATIONSHIP_WITH_TRANSFORMATION(#37)
SHAPE_REPRESENTATION_RELATIONSHIP()
);
#68=(
REPRESENTATION_RELATIONSHIP($,$,#4912,#4910)
REPRESENTATION_RELATIONSHIP_WITH_TRANSFORMATION(#38)
SHAPE_REPRESENTATION_RELATIONSHIP()
);
#69=(
REPRESENTATION_RELATIONSHIP($,$,#4914,#4910)
REPRESENTATION_RELATIONSHIP_WITH_TRANSFORMATION(#39)
SHAPE_REPRESENTATION_RELATIONSHIP()
);
#70=(
REPRESENTATION_RELATIONSHIP($,$,#4916,#4910)
REPRESENTATION_RELATIONSHIP_WITH_TRANSFORMATION(#40)
SHAPE_REPRESENTATION_RELATIONSHIP()
);
#71=CONTEXT_DEPENDENT_SHAPE_REPRESENTATION(#41,#4874);
#72=CONTEXT_DEPENDENT_SHAPE_REPRESENTATION(#42,#4875);
#73=CONTEXT_DEPENDENT_SHAPE_REPRESENTATION(#43,#4878);
#74=CONTEXT_DEPENDENT_SHAPE_REPRESENTATION(#44,#4879);
#75=CONTEXT_DEPENDENT_SHAPE_REPRESENTATION(#45,#4880);
#76=CONTEXT_DEPENDENT_SHAPE_REPRESENTATION(#46,#4881);
#77=CONTEXT_DEPENDENT_SHAPE_REPRESENTATION(#47,#4882);
#78=CONTEXT_DEPENDENT_SHAPE_REPRESENTATION(#48,#4883);
#79=CONTEXT_DEPENDENT_SHAPE_REPRESENTATION(#49,#4884);
#80=CONTEXT_DEPENDENT_SHAPE_REPRESENTATION(#50,#4885);
#81=CONTEXT_DEPENDENT_SHAPE_REPRESENTATION(#51,#4886);
#82=CONTEXT_DEPENDENT_SHAPE_REPRESENTATION(#52,#4887);
#83=CONTEXT_DEPENDENT_SHAPE_REPRESENTATION(#53,#4888);
#84=CONTEXT_DEPENDENT_SHAPE_REPRESENTATION(#54,#4889);
#85=CONTEXT_DEPENDENT_SHAPE_REPRESENTATION(#55,#4894);
#86=CONTEXT_DEPENDENT_SHAPE_REPRESENTATION(#56,#4895);
#87=CONTEXT_DEPENDENT_SHAPE_REPRESENTATION(#57,#4896);
#88=CONTEXT_DEPENDENT_SHAPE_REPRESENTATION(#58,#4897);
#89=CONTEXT_DEPENDENT_SHAPE_REPRESENTATION(#59,#4898);
#90=CONTEXT_DEPENDENT_SHAPE_REPRESENTATION(#60,#4899);
#91=CONTEXT_DEPENDENT_SHAPE_REPRESENTATION(#61,#4900);
#92=CONTEXT_DEPENDENT_SHAPE_REPRESENTATION(#62,#4901);
#93=CONTEXT_DEPENDENT_SHAPE_REPRESENTATION(#63,#4902);
#94=CONTEXT_DEPENDENT_SHAPE_REPRESENTATION(#64,#4903);
#95=CONTEXT_DEPENDENT_SHAPE_REPRESENTATION(#65,#4904);
#96=CONTEXT_DEPENDENT_SHAPE_REPRESENTATION(#66,#4905);
#97=CONTEXT_DEPENDENT_SHAPE_REPRESENTATION(#67,#4906);
#98=CONTEXT_DEPENDENT_SHAPE_REPRESENTATION(#68,#4907);
#99=CONTEXT_DEPENDENT_SHAPE_REPRESENTATION(#69,#4908);
#100=CONTEXT_DEPENDENT_SHAPE_REPRESENTATION(#70,#4909);
#101=NEXT_ASSEMBLY_USAGE_OCCURRENCE('hip_joint_yaw_spacer_2:1',
'hip_joint_yaw_spacer_2:1','hip_joint_yaw_spacer_2:1',#4923,#4924,
'hip_joint_yaw_spacer_2:1');
#102=NEXT_ASSEMBLY_USAGE_OCCURRENCE('hip_joint_yaw_spacer_2:2',
'hip_joint_yaw_spacer_2:2','hip_joint_yaw_spacer_2:2',#4923,#4924,
'hip_joint_yaw_spacer_2:2');
#103=NEXT_ASSEMBLY_USAGE_OCCURRENCE('servo_horn_spacer:1',
'servo_horn_spacer:1','servo_horn_spacer:1',#4925,#4926,
'servo_horn_spacer:1');
#104=NEXT_ASSEMBLY_USAGE_OCCURRENCE('servo_horn_spacer:2',
'servo_horn_spacer:2','servo_horn_spacer:2',#4925,#4926,
'servo_horn_spacer:2');
#105=NEXT_ASSEMBLY_USAGE_OCCURRENCE('servo_horn_spacer:3',
'servo_horn_spacer:3','servo_horn_spacer:3',#4925,#4926,
'servo_horn_spacer:3');
#106=NEXT_ASSEMBLY_USAGE_OCCURRENCE('servo_horn_spacer:4',
'servo_horn_spacer:4','servo_horn_spacer:4',#4925,#4926,
'servo_horn_spacer:4');
#107=NEXT_ASSEMBLY_USAGE_OCCURRENCE('servo_horn_spacer:5',
'servo_horn_spacer:5','servo_horn_spacer:5',#4925,#4926,
'servo_horn_spacer:5');
#108=NEXT_ASSEMBLY_USAGE_OCCURRENCE('servo_horn_spacer:6',
'servo_horn_spacer:6','servo_horn_spacer:6',#4925,#4926,
'servo_horn_spacer:6');
#109=NEXT_ASSEMBLY_USAGE_OCCURRENCE('servo_horn_spacer:7',
'servo_horn_spacer:7','servo_horn_spacer:7',#4925,#4926,
'servo_horn_spacer:7');
#110=NEXT_ASSEMBLY_USAGE_OCCURRENCE('servo_horn_spacer:8',
'servo_horn_spacer:8','servo_horn_spacer:8',#4925,#4926,
'servo_horn_spacer:8');
#111=NEXT_ASSEMBLY_USAGE_OCCURRENCE('servo_horn_spacer:9',
'servo_horn_spacer:9','servo_horn_spacer:9',#4925,#4926,
'servo_horn_spacer:9');
#112=NEXT_ASSEMBLY_USAGE_OCCURRENCE('servo_horn_spacer:10',
'servo_horn_spacer:10','servo_horn_spacer:10',#4925,#4926,
'servo_horn_spacer:10');
#113=NEXT_ASSEMBLY_USAGE_OCCURRENCE('servo_horn_spacer:11',
'servo_horn_spacer:11','servo_horn_spacer:11',#4925,#4926,
'servo_horn_spacer:11');
#114=NEXT_ASSEMBLY_USAGE_OCCURRENCE('servo_horn_spacer:12',
'servo_horn_spacer:12','servo_horn_spacer:12',#4925,#4926,
'servo_horn_spacer:12');
#115=NEXT_ASSEMBLY_USAGE_OCCURRENCE('waist_2:1','waist_2:1','waist_2:1',
#4927,#4928,'waist_2:1');
#116=NEXT_ASSEMBLY_USAGE_OCCURRENCE('waist:1','waist:1','waist:1',#4927,
#4929,'waist:1');
#117=NEXT_ASSEMBLY_USAGE_OCCURRENCE('servo_horn_spacer:1',
'servo_horn_spacer:1','servo_horn_spacer:1',#4927,#4930,
'servo_horn_spacer:1');
#118=NEXT_ASSEMBLY_USAGE_OCCURRENCE('servo_horn_spacer:1',
'servo_horn_spacer:1','servo_horn_spacer:1',#4921,#4922,
'servo_horn_spacer:1');
#119=NEXT_ASSEMBLY_USAGE_OCCURRENCE('servo_horn_spacer:2',
'servo_horn_spacer:2','servo_horn_spacer:2',#4921,#4922,
'servo_horn_spacer:2');
#120=NEXT_ASSEMBLY_USAGE_OCCURRENCE('servo_horn_spacer:3',
'servo_horn_spacer:3','servo_horn_spacer:3',#4921,#4922,
'servo_horn_spacer:3');
#121=NEXT_ASSEMBLY_USAGE_OCCURRENCE('servo_horn_spacer:4',
'servo_horn_spacer:4','servo_horn_spacer:4',#4921,#4922,
'servo_horn_spacer:4');
#122=NEXT_ASSEMBLY_USAGE_OCCURRENCE('servo_horn_spacer:5',
'servo_horn_spacer:5','servo_horn_spacer:5',#4921,#4922,
'servo_horn_spacer:5');
#123=NEXT_ASSEMBLY_USAGE_OCCURRENCE('servo_horn_spacer:6',
'servo_horn_spacer:6','servo_horn_spacer:6',#4921,#4922,
'servo_horn_spacer:6');
#124=NEXT_ASSEMBLY_USAGE_OCCURRENCE('servo_horn_spacer:7',
'servo_horn_spacer:7','servo_horn_spacer:7',#4921,#4922,
'servo_horn_spacer:7');
#125=NEXT_ASSEMBLY_USAGE_OCCURRENCE('servo_horn_spacer:8',
'servo_horn_spacer:8','servo_horn_spacer:8',#4921,#4922,
'servo_horn_spacer:8');
#126=NEXT_ASSEMBLY_USAGE_OCCURRENCE('servo_horn_spacer:9',
'servo_horn_spacer:9','servo_horn_spacer:9',#4921,#4922,
'servo_horn_spacer:9');
#127=NEXT_ASSEMBLY_USAGE_OCCURRENCE('servo_horn_spacer:10',
'servo_horn_spacer:10','servo_horn_spacer:10',#4921,#4922,
'servo_horn_spacer:10');
#128=NEXT_ASSEMBLY_USAGE_OCCURRENCE('Leg_t2.8_CAM:1','Leg_t2.8_CAM:1',
'Leg_t2.8_CAM:1',#4921,#4923,'Leg_t2.8_CAM:1');
#129=NEXT_ASSEMBLY_USAGE_OCCURRENCE('Leg_t3_CAM:1','Leg_t3_CAM:1',
'Leg_t3_CAM:1',#4921,#4925,'Leg_t3_CAM:1');
#130=NEXT_ASSEMBLY_USAGE_OCCURRENCE('Waist_t3_CAM:1','Waist_t3_CAM:1',
'Waist_t3_CAM:1',#4921,#4927,'Waist_t3_CAM:1');
#131=SHAPE_REPRESENTATION_RELATIONSHIP('SRR','None',#4911,#137);
#132=SHAPE_REPRESENTATION_RELATIONSHIP('SRR','None',#4913,#138);
#133=SHAPE_REPRESENTATION_RELATIONSHIP('SRR','None',#4915,#139);
#134=SHAPE_REPRESENTATION_RELATIONSHIP('SRR','None',#4917,#140);
#135=SHAPE_REPRESENTATION_RELATIONSHIP('SRR','None',#4918,#141);
#136=SHAPE_REPRESENTATION_RELATIONSHIP('SRR','None',#4919,#142);
#137=ADVANCED_BREP_SHAPE_REPRESENTATION('',(#149),#4846);
#138=ADVANCED_BREP_SHAPE_REPRESENTATION('',(#150),#4848);
#139=ADVANCED_BREP_SHAPE_REPRESENTATION('',(#151),#4850);
#140=ADVANCED_BREP_SHAPE_REPRESENTATION('',(#152),#4852);
#141=ADVANCED_BREP_SHAPE_REPRESENTATION('',(#153),#4853);
#142=ADVANCED_BREP_SHAPE_REPRESENTATION('',(#154),#4854);
#143=STYLED_ITEM('',(#2799),#149);
#144=STYLED_ITEM('',(#2799),#150);
#145=STYLED_ITEM('',(#2799),#151);
#146=STYLED_ITEM('',(#2799),#152);
#147=STYLED_ITEM('',(#2799),#153);
#148=STYLED_ITEM('',(#2799),#154);
#149=MANIFOLD_SOLID_BREP('\X2\30BD30EA30C330C9\X0\1',#2723);
#150=MANIFOLD_SOLID_BREP('\X2\30BD30EA30C330C9\X0\1',#2724);
#151=MANIFOLD_SOLID_BREP('\X2\30BD30EA30C330C9\X0\1',#2725);
#152=MANIFOLD_SOLID_BREP('\X2\30BD30EA30C330C9\X0\1',#2726);
#153=MANIFOLD_SOLID_BREP('\X2\30BD30EA30C330C9\X0\1',#2727);
#154=MANIFOLD_SOLID_BREP('\X2\30BD30EA30C330C9\X0\1',#2728);
#155=FACE_BOUND('',#451,.T.);
#156=FACE_BOUND('',#452,.T.);
#157=FACE_BOUND('',#453,.T.);
#158=FACE_BOUND('',#454,.T.);
#159=FACE_BOUND('',#455,.T.);
#160=FACE_BOUND('',#457,.T.);
#161=FACE_BOUND('',#458,.T.);
#162=FACE_BOUND('',#459,.T.);
#163=FACE_BOUND('',#460,.T.);
#164=FACE_BOUND('',#461,.T.);
#165=FACE_BOUND('',#465,.T.);
#166=FACE_BOUND('',#466,.T.);
#167=FACE_BOUND('',#467,.T.);
#168=FACE_BOUND('',#487,.T.);
#169=FACE_BOUND('',#492,.T.);
#170=FACE_BOUND('',#494,.T.);
#171=FACE_BOUND('',#495,.T.);
#172=FACE_BOUND('',#496,.T.);
#173=FACE_BOUND('',#497,.T.);
#174=FACE_BOUND('',#498,.T.);
#175=FACE_BOUND('',#506,.T.);
#176=FACE_BOUND('',#507,.T.);
#177=FACE_BOUND('',#508,.T.);
#178=FACE_BOUND('',#509,.T.);
#179=FACE_BOUND('',#510,.T.);
#180=FACE_BOUND('',#512,.T.);
#181=FACE_BOUND('',#513,.T.);
#182=FACE_BOUND('',#514,.T.);
#183=FACE_BOUND('',#515,.T.);
#184=FACE_BOUND('',#516,.T.);
#185=FACE_BOUND('',#523,.T.);
#186=FACE_BOUND('',#527,.T.);
#187=FACE_BOUND('',#531,.T.);
#188=FACE_BOUND('',#535,.T.);
#189=FACE_BOUND('',#544,.T.);
#190=FACE_BOUND('',#545,.T.);
#191=FACE_BOUND('',#546,.T.);
#192=FACE_BOUND('',#547,.T.);
#193=FACE_BOUND('',#548,.T.);
#194=FACE_BOUND('',#549,.T.);
#195=FACE_BOUND('',#550,.T.);
#196=FACE_BOUND('',#551,.T.);
#197=FACE_BOUND('',#552,.T.);
#198=FACE_BOUND('',#553,.T.);
#199=FACE_BOUND('',#555,.T.);
#200=FACE_BOUND('',#556,.T.);
#201=FACE_BOUND('',#557,.T.);
#202=FACE_BOUND('',#558,.T.);
#203=FACE_BOUND('',#559,.T.);
#204=FACE_BOUND('',#560,.T.);
#205=FACE_BOUND('',#561,.T.);
#206=FACE_BOUND('',#562,.T.);
#207=FACE_BOUND('',#563,.T.);
#208=FACE_BOUND('',#564,.T.);
#209=FACE_BOUND('',#576,.T.);
#210=FACE_BOUND('',#577,.T.);
#211=FACE_BOUND('',#578,.T.);
#212=FACE_BOUND('',#579,.T.);
#213=FACE_BOUND('',#580,.T.);
#214=FACE_BOUND('',#581,.T.);
#215=FACE_BOUND('',#582,.T.);
#216=FACE_BOUND('',#583,.T.);
#217=FACE_BOUND('',#584,.T.);
#218=FACE_BOUND('',#585,.T.);
#219=FACE_BOUND('',#586,.T.);
#220=FACE_BOUND('',#587,.T.);
#221=FACE_BOUND('',#588,.T.);
#222=FACE_BOUND('',#589,.T.);
#223=FACE_BOUND('',#590,.T.);
#224=FACE_BOUND('',#594,.T.);
#225=FACE_BOUND('',#595,.T.);
#226=FACE_BOUND('',#596,.T.);
#227=FACE_BOUND('',#597,.T.);
#228=FACE_BOUND('',#598,.T.);
#229=FACE_BOUND('',#599,.T.);
#230=FACE_BOUND('',#600,.T.);
#231=FACE_BOUND('',#601,.T.);
#232=FACE_BOUND('',#602,.T.);
#233=FACE_BOUND('',#603,.T.);
#234=FACE_BOUND('',#604,.T.);
#235=FACE_BOUND('',#605,.T.);
#236=FACE_BOUND('',#606,.T.);
#237=FACE_BOUND('',#607,.T.);
#238=FACE_BOUND('',#608,.T.);
#239=FACE_BOUND('',#609,.T.);
#240=FACE_BOUND('',#610,.T.);
#241=FACE_BOUND('',#611,.T.);
#242=FACE_BOUND('',#612,.T.);
#243=FACE_BOUND('',#639,.T.);
#244=FACE_BOUND('',#640,.T.);
#245=FACE_BOUND('',#642,.T.);
#246=FACE_BOUND('',#643,.T.);
#247=FACE_BOUND('',#669,.T.);
#248=FACE_BOUND('',#670,.T.);
#249=FACE_BOUND('',#671,.T.);
#250=FACE_BOUND('',#672,.T.);
#251=FACE_BOUND('',#673,.T.);
#252=FACE_BOUND('',#675,.T.);
#253=FACE_BOUND('',#676,.T.);
#254=FACE_BOUND('',#677,.T.);
#255=FACE_BOUND('',#678,.T.);
#256=FACE_BOUND('',#679,.T.);
#257=PLANE('',#2888);
#258=PLANE('',#2889);
#259=PLANE('',#2895);
#260=PLANE('',#2896);
#261=PLANE('',#2909);
#262=PLANE('',#2910);
#263=PLANE('',#2911);
#264=PLANE('',#2922);
#265=PLANE('',#2927);
#266=PLANE('',#2938);
#267=PLANE('',#2939);
#268=PLANE('',#2940);
#269=PLANE('',#2942);
#270=PLANE('',#2943);
#271=PLANE('',#2945);
#272=PLANE('',#2946);
#273=PLANE('',#2969);
#274=PLANE('',#2970);
#275=PLANE('',#3000);
#276=PLANE('',#3007);
#277=PLANE('',#3014);
#278=PLANE('',#3021);
#279=PLANE('',#3031);
#280=PLANE('',#3035);
#281=PLANE('',#3036);
#282=PLANE('',#3037);
#283=PLANE('',#3038);
#284=PLANE('',#3061);
#285=PLANE('',#3065);
#286=PLANE('',#3066);
#287=PLANE('',#3092);
#288=PLANE('',#3093);
#289=PLANE('',#3121);
#290=PLANE('',#3127);
#291=PLANE('',#3129);
#292=PLANE('',#3131);
#293=PLANE('',#3133);
#294=PLANE('',#3135);
#295=PLANE('',#3137);
#296=PLANE('',#3139);
#297=PLANE('',#3141);
#298=PLANE('',#3142);
#299=PLANE('',#3143);
#300=PLANE('',#3144);
#301=PLANE('',#3145);
#302=PLANE('',#3149);
#303=PLANE('',#3153);
#304=PLANE('',#3154);
#305=PLANE('',#3160);
#306=PLANE('',#3169);
#307=PLANE('',#3170);
#308=PLANE('',#3190);
#309=PLANE('',#3191);
#310=FACE_OUTER_BOUND('',#444,.T.);
#311=FACE_OUTER_BOUND('',#445,.T.);
#312=FACE_OUTER_BOUND('',#446,.T.);
#313=FACE_OUTER_BOUND('',#447,.T.);
#314=FACE_OUTER_BOUND('',#448,.T.);
#315=FACE_OUTER_BOUND('',#449,.T.);
#316=FACE_OUTER_BOUND('',#450,.T.);
#317=FACE_OUTER_BOUND('',#456,.T.);
#318=FACE_OUTER_BOUND('',#462,.T.);
#319=FACE_OUTER_BOUND('',#463,.T.);
#320=FACE_OUTER_BOUND('',#464,.T.);
#321=FACE_OUTER_BOUND('',#468,.T.);
#322=FACE_OUTER_BOUND('',#469,.T.);
#323=FACE_OUTER_BOUND('',#470,.T.);
#324=FACE_OUTER_BOUND('',#471,.T.);
#325=FACE_OUTER_BOUND('',#472,.T.);
#326=FACE_OUTER_BOUND('',#473,.T.);
#327=FACE_OUTER_BOUND('',#474,.T.);
#328=FACE_OUTER_BOUND('',#475,.T.);
#329=FACE_OUTER_BOUND('',#476,.T.);
#330=FACE_OUTER_BOUND('',#477,.T.);
#331=FACE_OUTER_BOUND('',#478,.T.);
#332=FACE_OUTER_BOUND('',#479,.T.);
#333=FACE_OUTER_BOUND('',#480,.T.);
#334=FACE_OUTER_BOUND('',#481,.T.);
#335=FACE_OUTER_BOUND('',#482,.T.);
#336=FACE_OUTER_BOUND('',#483,.T.);
#337=FACE_OUTER_BOUND('',#484,.T.);
#338=FACE_OUTER_BOUND('',#485,.T.);
#339=FACE_OUTER_BOUND('',#486,.T.);
#340=FACE_OUTER_BOUND('',#488,.T.);
#341=FACE_OUTER_BOUND('',#489,.T.);
#342=FACE_OUTER_BOUND('',#490,.T.);
#343=FACE_OUTER_BOUND('',#491,.T.);
#344=FACE_OUTER_BOUND('',#493,.T.);
#345=FACE_OUTER_BOUND('',#499,.T.);
#346=FACE_OUTER_BOUND('',#500,.T.);
#347=FACE_OUTER_BOUND('',#501,.T.);
#348=FACE_OUTER_BOUND('',#502,.T.);
#349=FACE_OUTER_BOUND('',#503,.T.);
#350=FACE_OUTER_BOUND('',#504,.T.);
#351=FACE_OUTER_BOUND('',#505,.T.);
#352=FACE_OUTER_BOUND('',#511,.T.);
#353=FACE_OUTER_BOUND('',#517,.T.);
#354=FACE_OUTER_BOUND('',#518,.T.);
#355=FACE_OUTER_BOUND('',#519,.T.);
#356=FACE_OUTER_BOUND('',#520,.T.);
#357=FACE_OUTER_BOUND('',#521,.T.);
#358=FACE_OUTER_BOUND('',#522,.T.);
#359=FACE_OUTER_BOUND('',#524,.T.);
#360=FACE_OUTER_BOUND('',#525,.T.);
#361=FACE_OUTER_BOUND('',#526,.T.);
#362=FACE_OUTER_BOUND('',#528,.T.);
#363=FACE_OUTER_BOUND('',#529,.T.);
#364=FACE_OUTER_BOUND('',#530,.T.);
#365=FACE_OUTER_BOUND('',#532,.T.);
#366=FACE_OUTER_BOUND('',#533,.T.);
#367=FACE_OUTER_BOUND('',#534,.T.);
#368=FACE_OUTER_BOUND('',#536,.T.);
#369=FACE_OUTER_BOUND('',#537,.T.);
#370=FACE_OUTER_BOUND('',#538,.T.);
#371=FACE_OUTER_BOUND('',#539,.T.);
#372=FACE_OUTER_BOUND('',#540,.T.);
#373=FACE_OUTER_BOUND('',#541,.T.);
#374=FACE_OUTER_BOUND('',#542,.T.);
#375=FACE_OUTER_BOUND('',#543,.T.);
#376=FACE_OUTER_BOUND('',#554,.T.);
#377=FACE_OUTER_BOUND('',#565,.T.);
#378=FACE_OUTER_BOUND('',#566,.T.);
#379=FACE_OUTER_BOUND('',#567,.T.);
#380=FACE_OUTER_BOUND('',#568,.T.);
#381=FACE_OUTER_BOUND('',#569,.T.);
#382=FACE_OUTER_BOUND('',#570,.T.);
#383=FACE_OUTER_BOUND('',#571,.T.);
#384=FACE_OUTER_BOUND('',#572,.T.);
#385=FACE_OUTER_BOUND('',#573,.T.);
#386=FACE_OUTER_BOUND('',#574,.T.);
#387=FACE_OUTER_BOUND('',#575,.T.);
#388=FACE_OUTER_BOUND('',#591,.T.);
#389=FACE_OUTER_BOUND('',#592,.T.);
#390=FACE_OUTER_BOUND('',#593,.T.);
#391=FACE_OUTER_BOUND('',#613,.T.);
#392=FACE_OUTER_BOUND('',#614,.T.);
#393=FACE_OUTER_BOUND('',#615,.T.);
#394=FACE_OUTER_BOUND('',#616,.T.);
#395=FACE_OUTER_BOUND('',#617,.T.);
#396=FACE_OUTER_BOUND('',#618,.T.);
#397=FACE_OUTER_BOUND('',#619,.T.);
#398=FACE_OUTER_BOUND('',#620,.T.);
#399=FACE_OUTER_BOUND('',#621,.T.);
#400=FACE_OUTER_BOUND('',#622,.T.);
#401=FACE_OUTER_BOUND('',#623,.T.);
#402=FACE_OUTER_BOUND('',#624,.T.);
#403=FACE_OUTER_BOUND('',#625,.T.);
#404=FACE_OUTER_BOUND('',#626,.T.);
#405=FACE_OUTER_BOUND('',#627,.T.);
#406=FACE_OUTER_BOUND('',#628,.T.);
#407=FACE_OUTER_BOUND('',#629,.T.);
#408=FACE_OUTER_BOUND('',#630,.T.);
#409=FACE_OUTER_BOUND('',#631,.T.);
#410=FACE_OUTER_BOUND('',#632,.T.);
#411=FACE_OUTER_BOUND('',#633,.T.);
#412=FACE_OUTER_BOUND('',#634,.T.);
#413=FACE_OUTER_BOUND('',#635,.T.);
#414=FACE_OUTER_BOUND('',#636,.T.);
#415=FACE_OUTER_BOUND('',#637,.T.);
#416=FACE_OUTER_BOUND('',#638,.T.);
#417=FACE_OUTER_BOUND('',#641,.T.);
#418=FACE_OUTER_BOUND('',#644,.T.);
#419=FACE_OUTER_BOUND('',#645,.T.);
#420=FACE_OUTER_BOUND('',#646,.T.);
#421=FACE_OUTER_BOUND('',#647,.T.);
#422=FACE_OUTER_BOUND('',#648,.T.);
#423=FACE_OUTER_BOUND('',#649,.T.);
#424=FACE_OUTER_BOUND('',#650,.T.);
#425=FACE_OUTER_BOUND('',#651,.T.);
#426=FACE_OUTER_BOUND('',#652,.T.);
#427=FACE_OUTER_BOUND('',#653,.T.);
#428=FACE_OUTER_BOUND('',#654,.T.);
#429=FACE_OUTER_BOUND('',#655,.T.);
#430=FACE_OUTER_BOUND('',#656,.T.);
#431=FACE_OUTER_BOUND('',#657,.T.);
#432=FACE_OUTER_BOUND('',#658,.T.);
#433=FACE_OUTER_BOUND('',#659,.T.);
#434=FACE_OUTER_BOUND('',#660,.T.);
#435=FACE_OUTER_BOUND('',#661,.T.);
#436=FACE_OUTER_BOUND('',#662,.T.);
#437=FACE_OUTER_BOUND('',#663,.T.);
#438=FACE_OUTER_BOUND('',#664,.T.);
#439=FACE_OUTER_BOUND('',#665,.T.);
#440=FACE_OUTER_BOUND('',#666,.T.);
#441=FACE_OUTER_BOUND('',#667,.T.);
#442=FACE_OUTER_BOUND('',#668,.T.);
#443=FACE_OUTER_BOUND('',#674,.T.);
#444=EDGE_LOOP('',(#1804,#1805,#1806,#1807));
#445=EDGE_LOOP('',(#1808,#1809,#1810,#1811));
#446=EDGE_LOOP('',(#1812,#1813,#1814,#1815));
#447=EDGE_LOOP('',(#1816,#1817,#1818,#1819));
#448=EDGE_LOOP('',(#1820,#1821,#1822,#1823));
#449=EDGE_LOOP('',(#1824,#1825,#1826,#1827));
#450=EDGE_LOOP('',(#1828));
#451=EDGE_LOOP('',(#1829));
#452=EDGE_LOOP('',(#1830));
#453=EDGE_LOOP('',(#1831));
#454=EDGE_LOOP('',(#1832));
#455=EDGE_LOOP('',(#1833));
#456=EDGE_LOOP('',(#1834));
#457=EDGE_LOOP('',(#1835));
#458=EDGE_LOOP('',(#1836));
#459=EDGE_LOOP('',(#1837));
#460=EDGE_LOOP('',(#1838));
#461=EDGE_LOOP('',(#1839));
#462=EDGE_LOOP('',(#1840,#1841,#1842,#1843,#1844));
#463=EDGE_LOOP('',(#1845,#1846,#1847,#1848));
#464=EDGE_LOOP('',(#1849,#1850,#1851,#1852,#1853,#1854,#1855,#1856,#1857,
#1858,#1859,#1860,#1861,#1862));
#465=EDGE_LOOP('',(#1863));
#466=EDGE_LOOP('',(#1864));
#467=EDGE_LOOP('',(#1865));
#468=EDGE_LOOP('',(#1866,#1867,#1868,#1869,#1870));
#469=EDGE_LOOP('',(#1871,#1872,#1873,#1874));
#470=EDGE_LOOP('',(#1875,#1876,#1877,#1878));
#471=EDGE_LOOP('',(#1879,#1880,#1881,#1882));
#472=EDGE_LOOP('',(#1883,#1884,#1885,#1886));
#473=EDGE_LOOP('',(#1887,#1888,#1889,#1890));
#474=EDGE_LOOP('',(#1891,#1892,#1893,#1894));
#475=EDGE_LOOP('',(#1895,#1896,#1897,#1898));
#476=EDGE_LOOP('',(#1899,#1900,#1901,#1902));
#477=EDGE_LOOP('',(#1903,#1904,#1905,#1906));
#478=EDGE_LOOP('',(#1907,#1908,#1909,#1910));
#479=EDGE_LOOP('',(#1911,#1912,#1913,#1914));
#480=EDGE_LOOP('',(#1915,#1916,#1917,#1918));
#481=EDGE_LOOP('',(#1919,#1920,#1921,#1922));
#482=EDGE_LOOP('',(#1923,#1924,#1925,#1926));
#483=EDGE_LOOP('',(#1927,#1928,#1929,#1930,#1931,#1932,#1933,#1934));
#484=EDGE_LOOP('',(#1935,#1936,#1937,#1938));
#485=EDGE_LOOP('',(#1939,#1940,#1941,#1942));
#486=EDGE_LOOP('',(#1943,#1944,#1945,#1946,#1947,#1948));
#487=EDGE_LOOP('',(#1949));
#488=EDGE_LOOP('',(#1950,#1951,#1952,#1953));
#489=EDGE_LOOP('',(#1954,#1955,#1956,#1957));
#490=EDGE_LOOP('',(#1958,#1959,#1960,#1961));
#491=EDGE_LOOP('',(#1962,#1963,#1964,#1965,#1966,#1967));
#492=EDGE_LOOP('',(#1968));
#493=EDGE_LOOP('',(#1969,#1970,#1971,#1972,#1973,#1974,#1975,#1976,#1977,
#1978,#1979,#1980));
#494=EDGE_LOOP('',(#1981));
#495=EDGE_LOOP('',(#1982));
#496=EDGE_LOOP('',(#1983));
#497=EDGE_LOOP('',(#1984));
#498=EDGE_LOOP('',(#1985));
#499=EDGE_LOOP('',(#1986,#1987,#1988,#1989));
#500=EDGE_LOOP('',(#1990,#1991,#1992,#1993));
#501=EDGE_LOOP('',(#1994,#1995,#1996,#1997));
#502=EDGE_LOOP('',(#1998,#1999,#2000,#2001));
#503=EDGE_LOOP('',(#2002,#2003,#2004,#2005));
#504=EDGE_LOOP('',(#2006,#2007,#2008,#2009));
#505=EDGE_LOOP('',(#2010));
#506=EDGE_LOOP('',(#2011));
#507=EDGE_LOOP('',(#2012));
#508=EDGE_LOOP('',(#2013));
#509=EDGE_LOOP('',(#2014));
#510=EDGE_LOOP('',(#2015));
#511=EDGE_LOOP('',(#2016));
#512=EDGE_LOOP('',(#2017));
#513=EDGE_LOOP('',(#2018));
#514=EDGE_LOOP('',(#2019));
#515=EDGE_LOOP('',(#2020));
#516=EDGE_LOOP('',(#2021));
#517=EDGE_LOOP('',(#2022,#2023,#2024,#2025));
#518=EDGE_LOOP('',(#2026,#2027,#2028,#2029));
#519=EDGE_LOOP('',(#2030,#2031,#2032,#2033));
#520=EDGE_LOOP('',(#2034,#2035,#2036,#2037));
#521=EDGE_LOOP('',(#2038,#2039,#2040,#2041));
#522=EDGE_LOOP('',(#2042));
#523=EDGE_LOOP('',(#2043));
#524=EDGE_LOOP('',(#2044,#2045,#2046,#2047));
#525=EDGE_LOOP('',(#2048,#2049,#2050,#2051));
#526=EDGE_LOOP('',(#2052));
#527=EDGE_LOOP('',(#2053));
#528=EDGE_LOOP('',(#2054,#2055,#2056,#2057));
#529=EDGE_LOOP('',(#2058,#2059,#2060,#2061));
#530=EDGE_LOOP('',(#2062));
#531=EDGE_LOOP('',(#2063));
#532=EDGE_LOOP('',(#2064,#2065,#2066,#2067));
#533=EDGE_LOOP('',(#2068,#2069,#2070,#2071));
#534=EDGE_LOOP('',(#2072));
#535=EDGE_LOOP('',(#2073));
#536=EDGE_LOOP('',(#2074,#2075,#2076,#2077));
#537=EDGE_LOOP('',(#2078,#2079,#2080,#2081));
#538=EDGE_LOOP('',(#2082,#2083,#2084,#2085));
#539=EDGE_LOOP('',(#2086,#2087,#2088,#2089));
#540=EDGE_LOOP('',(#2090,#2091,#2092,#2093));
#541=EDGE_LOOP('',(#2094,#2095,#2096,#2097));
#542=EDGE_LOOP('',(#2098,#2099,#2100,#2101));
#543=EDGE_LOOP('',(#2102,#2103,#2104,#2105));
#544=EDGE_LOOP('',(#2106));
#545=EDGE_LOOP('',(#2107));
#546=EDGE_LOOP('',(#2108));
#547=EDGE_LOOP('',(#2109));
#548=EDGE_LOOP('',(#2110));
#549=EDGE_LOOP('',(#2111));
#550=EDGE_LOOP('',(#2112));
#551=EDGE_LOOP('',(#2113));
#552=EDGE_LOOP('',(#2114));
#553=EDGE_LOOP('',(#2115));
#554=EDGE_LOOP('',(#2116,#2117,#2118,#2119));
#555=EDGE_LOOP('',(#2120));
#556=EDGE_LOOP('',(#2121));
#557=EDGE_LOOP('',(#2122));
#558=EDGE_LOOP('',(#2123));
#559=EDGE_LOOP('',(#2124));
#560=EDGE_LOOP('',(#2125));
#561=EDGE_LOOP('',(#2126));
#562=EDGE_LOOP('',(#2127));
#563=EDGE_LOOP('',(#2128));
#564=EDGE_LOOP('',(#2129));
#565=EDGE_LOOP('',(#2130,#2131,#2132,#2133));
#566=EDGE_LOOP('',(#2134,#2135,#2136,#2137));
#567=EDGE_LOOP('',(#2138,#2139,#2140,#2141));
#568=EDGE_LOOP('',(#2142,#2143,#2144,#2145));
#569=EDGE_LOOP('',(#2146,#2147,#2148,#2149));
#570=EDGE_LOOP('',(#2150,#2151,#2152,#2153));
#571=EDGE_LOOP('',(#2154,#2155,#2156,#2157));
#572=EDGE_LOOP('',(#2158,#2159,#2160,#2161));
#573=EDGE_LOOP('',(#2162,#2163,#2164,#2165));
#574=EDGE_LOOP('',(#2166,#2167,#2168,#2169,#2170,#2171));
#575=EDGE_LOOP('',(#2172,#2173,#2174,#2175,#2176,#2177,#2178,#2179,#2180,
#2181,#2182,#2183,#2184,#2185,#2186,#2187,#2188,#2189,#2190,#2191));
#576=EDGE_LOOP('',(#2192));
#577=EDGE_LOOP('',(#2193));
#578=EDGE_LOOP('',(#2194));
#579=EDGE_LOOP('',(#2195));
#580=EDGE_LOOP('',(#2196));
#581=EDGE_LOOP('',(#2197));
#582=EDGE_LOOP('',(#2198));
#583=EDGE_LOOP('',(#2199));
#584=EDGE_LOOP('',(#2200));
#585=EDGE_LOOP('',(#2201));
#586=EDGE_LOOP('',(#2202));
#587=EDGE_LOOP('',(#2203));
#588=EDGE_LOOP('',(#2204));
#589=EDGE_LOOP('',(#2205,#2206,#2207,#2208,#2209,#2210,#2211,#2212));
#590=EDGE_LOOP('',(#2213,#2214,#2215,#2216,#2217,#2218,#2219,#2220));
#591=EDGE_LOOP('',(#2221,#2222,#2223,#2224));
#592=EDGE_LOOP('',(#2225,#2226,#2227,#2228));
#593=EDGE_LOOP('',(#2229,#2230,#2231,#2232,#2233,#2234,#2235,#2236,#2237,
#2238,#2239,#2240,#2241,#2242,#2243,#2244));
#594=EDGE_LOOP('',(#2245));
#595=EDGE_LOOP('',(#2246));
#596=EDGE_LOOP('',(#2247));
#597=EDGE_LOOP('',(#2248));
#598=EDGE_LOOP('',(#2249));
#599=EDGE_LOOP('',(#2250));
#600=EDGE_LOOP('',(#2251));
#601=EDGE_LOOP('',(#2252));
#602=EDGE_LOOP('',(#2253));
#603=EDGE_LOOP('',(#2254));
#604=EDGE_LOOP('',(#2255));
#605=EDGE_LOOP('',(#2256));
#606=EDGE_LOOP('',(#2257));
#607=EDGE_LOOP('',(#2258,#2259,#2260,#2261,#2262,#2263,#2264,#2265));
#608=EDGE_LOOP('',(#2266));
#609=EDGE_LOOP('',(#2267));
#610=EDGE_LOOP('',(#2268,#2269,#2270,#2271,#2272,#2273,#2274,#2275));
#611=EDGE_LOOP('',(#2276));
#612=EDGE_LOOP('',(#2277));
#613=EDGE_LOOP('',(#2278,#2279,#2280,#2281));
#614=EDGE_LOOP('',(#2282,#2283,#2284,#2285));
#615=EDGE_LOOP('',(#2286,#2287,#2288,#2289));
#616=EDGE_LOOP('',(#2290,#2291,#2292,#2293));
#617=EDGE_LOOP('',(#2294,#2295,#2296,#2297));
#618=EDGE_LOOP('',(#2298,#2299,#2300,#2301));
#619=EDGE_LOOP('',(#2302,#2303,#2304,#2305));
#620=EDGE_LOOP('',(#2306,#2307,#2308,#2309));
#621=EDGE_LOOP('',(#2310,#2311,#2312,#2313));
#622=EDGE_LOOP('',(#2314,#2315,#2316,#2317));
#623=EDGE_LOOP('',(#2318,#2319,#2320,#2321));
#624=EDGE_LOOP('',(#2322,#2323,#2324,#2325));
#625=EDGE_LOOP('',(#2326,#2327,#2328,#2329));
#626=EDGE_LOOP('',(#2330,#2331,#2332,#2333));
#627=EDGE_LOOP('',(#2334,#2335,#2336,#2337));
#628=EDGE_LOOP('',(#2338,#2339,#2340,#2341));
#629=EDGE_LOOP('',(#2342,#2343,#2344,#2345));
#630=EDGE_LOOP('',(#2346,#2347,#2348,#2349));
#631=EDGE_LOOP('',(#2350,#2351,#2352,#2353));
#632=EDGE_LOOP('',(#2354,#2355,#2356,#2357));
#633=EDGE_LOOP('',(#2358,#2359,#2360,#2361));
#634=EDGE_LOOP('',(#2362,#2363,#2364,#2365));
#635=EDGE_LOOP('',(#2366,#2367,#2368,#2369));
#636=EDGE_LOOP('',(#2370,#2371,#2372,#2373));
#637=EDGE_LOOP('',(#2374,#2375,#2376,#2377));
#638=EDGE_LOOP('',(#2378,#2379,#2380,#2381,#2382,#2383));
#639=EDGE_LOOP('',(#2384));
#640=EDGE_LOOP('',(#2385));
#641=EDGE_LOOP('',(#2386,#2387,#2388,#2389,#2390,#2391));
#642=EDGE_LOOP('',(#2392));
#643=EDGE_LOOP('',(#2393));
#644=EDGE_LOOP('',(#2394,#2395,#2396,#2397));
#645=EDGE_LOOP('',(#2398,#2399,#2400,#2401));
#646=EDGE_LOOP('',(#2402,#2403,#2404,#2405,#2406,#2407,#2408,#2409));
#647=EDGE_LOOP('',(#2410,#2411,#2412,#2413));
#648=EDGE_LOOP('',(#2414,#2415,#2416,#2417));
#649=EDGE_LOOP('',(#2418,#2419,#2420,#2421));
#650=EDGE_LOOP('',(#2422,#2423,#2424,#2425));
#651=EDGE_LOOP('',(#2426,#2427,#2428,#2429,#2430,#2431));
#652=EDGE_LOOP('',(#2432,#2433,#2434,#2435));
#653=EDGE_LOOP('',(#2436,#2437,#2438,#2439));
#654=EDGE_LOOP('',(#2440,#2441,#2442,#2443));
#655=EDGE_LOOP('',(#2444,#2445,#2446,#2447));
#656=EDGE_LOOP('',(#2448,#2449,#2450,#2451));
#657=EDGE_LOOP('',(#2452,#2453,#2454,#2455));
#658=EDGE_LOOP('',(#2456,#2457,#2458,#2459));
#659=EDGE_LOOP('',(#2460,#2461,#2462,#2463));
#660=EDGE_LOOP('',(#2464,#2465,#2466,#2467));
#661=EDGE_LOOP('',(#2468,#2469,#2470,#2471));
#662=EDGE_LOOP('',(#2472,#2473,#2474,#2475));
#663=EDGE_LOOP('',(#2476,#2477,#2478,#2479));
#664=EDGE_LOOP('',(#2480,#2481,#2482,#2483));
#665=EDGE_LOOP('',(#2484,#2485,#2486,#2487));
#666=EDGE_LOOP('',(#2488,#2489,#2490,#2491));
#667=EDGE_LOOP('',(#2492,#2493,#2494,#2495));
#668=EDGE_LOOP('',(#2496));
#669=EDGE_LOOP('',(#2497));
#670=EDGE_LOOP('',(#2498));
#671=EDGE_LOOP('',(#2499));
#672=EDGE_LOOP('',(#2500));
#673=EDGE_LOOP('',(#2501));
#674=EDGE_LOOP('',(#2502));
#675=EDGE_LOOP('',(#2503));
#676=EDGE_LOOP('',(#2504));
#677=EDGE_LOOP('',(#2505));
#678=EDGE_LOOP('',(#2506));
#679=EDGE_LOOP('',(#2507));
#680=LINE('',#4080,#866);
#681=LINE('',#4086,#867);
#682=LINE('',#4092,#868);
#683=LINE('',#4098,#869);
#684=LINE('',#4104,#870);
#685=LINE('',#4110,#871);
#686=LINE('',#4121,#872);
#687=LINE('',#4123,#873);
#688=LINE('',#4126,#874);
#689=LINE('',#4129,#875);
#690=LINE('',#4131,#876);
#691=LINE('',#4132,#877);
#692=LINE('',#4135,#878);
#693=LINE('',#4143,#879);
#694=LINE('',#4147,#880);
#695=LINE('',#4151,#881);
#696=LINE('',#4155,#882);
#697=LINE('',#4158,#883);
#698=LINE('',#4170,#884);
#699=LINE('',#4171,#885);
#700=LINE('',#4172,#886);
#701=LINE('',#4175,#887);
#702=LINE('',#4177,#888);
#703=LINE('',#4178,#889);
#704=LINE('',#4181,#890);
#705=LINE('',#4183,#891);
#706=LINE('',#4184,#892);
#707=LINE('',#4187,#893);
#708=LINE('',#4189,#894);
#709=LINE('',#4190,#895);
#710=LINE('',#4193,#896);
#711=LINE('',#4197,#897);
#712=LINE('',#4201,#898);
#713=LINE('',#4205,#899);
#714=LINE('',#4209,#900);
#715=LINE('',#4212,#901);
#716=LINE('',#4214,#902);
#717=LINE('',#4217,#903);
#718=LINE('',#4220,#904);
#719=LINE('',#4224,#905);
#720=LINE('',#4229,#906);
#721=LINE('',#4235,#907);
#722=LINE('',#4241,#908);
#723=LINE('',#4245,#909);
#724=LINE('',#4248,#910);
#725=LINE('',#4249,#911);
#726=LINE('',#4251,#912);
#727=LINE('',#4252,#913);
#728=LINE('',#4255,#914);
#729=LINE('',#4258,#915);
#730=LINE('',#4260,#916);
#731=LINE('',#4272,#917);
#732=LINE('',#4278,#918);
#733=LINE('',#4284,#919);
#734=LINE('',#4290,#920);
#735=LINE('',#4296,#921);
#736=LINE('',#4302,#922);
#737=LINE('',#4324,#923);
#738=LINE('',#4330,#924);
#739=LINE('',#4336,#925);
#740=LINE('',#4342,#926);
#741=LINE('',#4348,#927);
#742=LINE('',#4358,#928);
#743=LINE('',#4361,#929);
#744=LINE('',#4371,#930);
#745=LINE('',#4374,#931);
#746=LINE('',#4384,#932);
#747=LINE('',#4387,#933);
#748=LINE('',#4397,#934);
#749=LINE('',#4400,#935);
#750=LINE('',#4406,#936);
#751=LINE('',#4411,#937);
#752=LINE('',#4413,#938);
#753=LINE('',#4415,#939);
#754=LINE('',#4416,#940);
#755=LINE('',#4422,#941);
#756=LINE('',#4425,#942);
#757=LINE('',#4427,#943);
#758=LINE('',#4428,#944);
#759=LINE('',#4430,#945);
#760=LINE('',#4431,#946);
#761=LINE('',#4439,#947);
#762=LINE('',#4445,#948);
#763=LINE('',#4451,#949);
#764=LINE('',#4457,#950);
#765=LINE('',#4463,#951);
#766=LINE('',#4470,#952);
#767=LINE('',#4473,#953);
#768=LINE('',#4477,#954);
#769=LINE('',#4481,#955);
#770=LINE('',#4485,#956);
#771=LINE('',#4487,#957);
#772=LINE('',#4488,#958);
#773=LINE('',#4494,#959);
#774=LINE('',#4497,#960);
#775=LINE('',#4500,#961);
#776=LINE('',#4502,#962);
#777=LINE('',#4504,#963);
#778=LINE('',#4506,#964);
#779=LINE('',#4507,#965);
#780=LINE('',#4510,#966);
#781=LINE('',#4513,#967);
#782=LINE('',#4514,#968);
#783=LINE('',#4516,#969);
#784=LINE('',#4520,#970);
#785=LINE('',#4528,#971);
#786=LINE('',#4532,#972);
#787=LINE('',#4535,#973);
#788=LINE('',#4554,#974);
#789=LINE('',#4558,#975);
#790=LINE('',#4562,#976);
#791=LINE('',#4566,#977);
#792=LINE('',#4570,#978);
#793=LINE('',#4574,#979);
#794=LINE('',#4578,#980);
#795=LINE('',#4582,#981);
#796=LINE('',#4588,#982);
#797=LINE('',#4589,#983);
#798=LINE('',#4592,#984);
#799=LINE('',#4593,#985);
#800=LINE('',#4596,#986);
#801=LINE('',#4600,#987);
#802=LINE('',#4602,#988);
#803=LINE('',#4606,#989);
#804=LINE('',#4610,#990);
#805=LINE('',#4616,#991);
#806=LINE('',#4635,#992);
#807=LINE('',#4639,#993);
#808=LINE('',#4643,#994);
#809=LINE('',#4647,#995);
#810=LINE('',#4655,#996);
#811=LINE('',#4659,#997);
#812=LINE('',#4663,#998);
#813=LINE('',#4667,#999);
#814=LINE('',#4674,#1000);
#815=LINE('',#4675,#1001);
#816=LINE('',#4677,#1002);
#817=LINE('',#4679,#1003);
#818=LINE('',#4681,#1004);
#819=LINE('',#4683,#1005);
#820=LINE('',#4685,#1006);
#821=LINE('',#4687,#1007);
#822=LINE('',#4688,#1008);
#823=LINE('',#4690,#1009);
#824=LINE('',#4692,#1010);
#825=LINE('',#4693,#1011);
#826=LINE('',#4696,#1012);
#827=LINE('',#4697,#1013);
#828=LINE('',#4700,#1014);
#829=LINE('',#4703,#1015);
#830=LINE('',#4704,#1016);
#831=LINE('',#4706,#1017);
#832=LINE('',#4708,#1018);
#833=LINE('',#4709,#1019);
#834=LINE('',#4712,#1020);
#835=LINE('',#4713,#1021);
#836=LINE('',#4716,#1022);
#837=LINE('',#4720,#1023);
#838=LINE('',#4721,#1024);
#839=LINE('',#4724,#1025);
#840=LINE('',#4725,#1026);
#841=LINE('',#4727,#1027);
#842=LINE('',#4731,#1028);
#843=LINE('',#4738,#1029);
#844=LINE('',#4740,#1030);
#845=LINE('',#4747,#1031);
#846=LINE('',#4749,#1032);
#847=LINE('',#4750,#1033);
#848=LINE('',#4753,#1034);
#849=LINE('',#4755,#1035);
#850=LINE('',#4757,#1036);
#851=LINE('',#4759,#1037);
#852=LINE('',#4762,#1038);
#853=LINE('',#4764,#1039);
#854=LINE('',#4766,#1040);
#855=LINE('',#4768,#1041);
#856=LINE('',#4770,#1042);
#857=LINE('',#4772,#1043);
#858=LINE('',#4774,#1044);
#859=LINE('',#4776,#1045);
#860=LINE('',#4784,#1046);
#861=LINE('',#4790,#1047);
#862=LINE('',#4796,#1048);
#863=LINE('',#4802,#1049);
#864=LINE('',#4808,#1050);
#865=LINE('',#4814,#1051);
#866=VECTOR('',#3216,3.25);
#867=VECTOR('',#3223,1.55);
#868=VECTOR('',#3230,1.55);
#869=VECTOR('',#3237,1.55);
#870=VECTOR('',#3244,1.55);
#871=VECTOR('',#3251,10.);
#872=VECTOR('',#3266,10.);
#873=VECTOR('',#3267,10.);
#874=VECTOR('',#3270,10.);
#875=VECTOR('',#3273,10.);
#876=VECTOR('',#3274,10.);
#877=VECTOR('',#3275,10.);
#878=VECTOR('',#3278,10.);
#879=VECTOR('',#3285,10.);
#880=VECTOR('',#3288,10.);
#881=VECTOR('',#3291,10.);
#882=VECTOR('',#3294,10.);
#883=VECTOR('',#3297,10.);
#884=VECTOR('',#3308,10.);
#885=VECTOR('',#3309,10.);
#886=VECTOR('',#3310,10.);
#887=VECTOR('',#3313,10.);
#888=VECTOR('',#3314,10.);
#889=VECTOR('',#3315,10.);
#890=VECTOR('',#3318,10.);
#891=VECTOR('',#3319,10.);
#892=VECTOR('',#3320,10.);
#893=VECTOR('',#3323,10.);
#894=VECTOR('',#3324,10.);
#895=VECTOR('',#3325,10.);
#896=VECTOR('',#3328,10.);
#897=VECTOR('',#3333,0.7835);
#898=VECTOR('',#3338,0.7835);
#899=VECTOR('',#3343,0.7835);
#900=VECTOR('',#3348,10.);
#901=VECTOR('',#3351,10.);
#902=VECTOR('',#3354,10.);
#903=VECTOR('',#3357,10.);
#904=VECTOR('',#3360,10.);
#905=VECTOR('',#3367,10.);
#906=VECTOR('',#3372,1.05);
#907=VECTOR('',#3379,1.05);
#908=VECTOR('',#3386,10.);
#909=VECTOR('',#3389,10.);
#910=VECTOR('',#3394,10.);
#911=VECTOR('',#3395,10.);
#912=VECTOR('',#3398,10.);
#913=VECTOR('',#3399,10.);
#914=VECTOR('',#3402,10.);
#915=VECTOR('',#3407,10.);
#916=VECTOR('',#3410,10.);
#917=VECTOR('',#3429,3.25);
#918=VECTOR('',#3436,1.55);
#919=VECTOR('',#3443,1.55);
#920=VECTOR('',#3450,1.55);
#921=VECTOR('',#3457,1.55);
#922=VECTOR('',#3464,10.);
#923=VECTOR('',#3503,1.55);
#924=VECTOR('',#3510,1.55);
#925=VECTOR('',#3517,1.55);
#926=VECTOR('',#3524,1.55);
#927=VECTOR('',#3531,1.55);
#928=VECTOR('',#3544,2.25);
#929=VECTOR('',#3547,1.05);
#930=VECTOR('',#3560,2.25);
#931=VECTOR('',#3563,1.05);
#932=VECTOR('',#3576,2.25);
#933=VECTOR('',#3579,1.05);
#934=VECTOR('',#3592,2.25);
#935=VECTOR('',#3595,1.05);
#936=VECTOR('',#3602,10.5);
#937=VECTOR('',#3607,10.);
#938=VECTOR('',#3608,10.);
#939=VECTOR('',#3609,10.);
#940=VECTOR('',#3610,10.);
#941=VECTOR('',#3617,10.);
#942=VECTOR('',#3620,10.);
#943=VECTOR('',#3621,10.);
#944=VECTOR('',#3622,10.);
#945=VECTOR('',#3625,10.);
#946=VECTOR('',#3626,10.);
#947=VECTOR('',#3637,1.2295);
#948=VECTOR('',#3644,1.2295);
#949=VECTOR('',#3651,1.2295);
#950=VECTOR('',#3658,1.2295);
#951=VECTOR('',#3665,1.2295);
#952=VECTOR('',#3672,10.);
#953=VECTOR('',#3675,10.);
#954=VECTOR('',#3678,10.);
#955=VECTOR('',#3681,10.);
#956=VECTOR('',#3686,10.);
#957=VECTOR('',#3687,10.);
#958=VECTOR('',#3688,10.);
#959=VECTOR('',#3693,10.);
#960=VECTOR('',#3696,10.);
#961=VECTOR('',#3699,10.);
#962=VECTOR('',#3700,10.);
#963=VECTOR('',#3701,10.);
#964=VECTOR('',#3702,10.);
#965=VECTOR('',#3703,10.);
#966=VECTOR('',#3706,10.);
#967=VECTOR('',#3709,10.);
#968=VECTOR('',#3710,10.);
#969=VECTOR('',#3711,10.);
#970=VECTOR('',#3714,10.);
#971=VECTOR('',#3721,10.);
#972=VECTOR('',#3724,10.);
#973=VECTOR('',#3727,10.);
#974=VECTOR('',#3744,10.);
#975=VECTOR('',#3747,10.);
#976=VECTOR('',#3750,10.);
#977=VECTOR('',#3753,10.);
#978=VECTOR('',#3756,10.);
#979=VECTOR('',#3759,10.);
#980=VECTOR('',#3762,10.);
#981=VECTOR('',#3765,10.);
#982=VECTOR('',#3772,10.);
#983=VECTOR('',#3773,10.);
#984=VECTOR('',#3776,10.);
#985=VECTOR('',#3777,10.);
#986=VECTOR('',#3780,10.);
#987=VECTOR('',#3783,10.);
#988=VECTOR('',#3784,10.);
#989=VECTOR('',#3787,10.);
#990=VECTOR('',#3790,10.);
#991=VECTOR('',#3797,10.);
#992=VECTOR('',#3814,10.);
#993=VECTOR('',#3817,10.);
#994=VECTOR('',#3820,10.);
#995=VECTOR('',#3823,10.);
#996=VECTOR('',#3830,10.);
#997=VECTOR('',#3833,10.);
#998=VECTOR('',#3836,10.);
#999=VECTOR('',#3839,10.);
#1000=VECTOR('',#3848,10.);
#1001=VECTOR('',#3849,10.);
#1002=VECTOR('',#3852,10.);
#1003=VECTOR('',#3855,10.);
#1004=VECTOR('',#3858,10.);
#1005=VECTOR('',#3861,10.);
#1006=VECTOR('',#3864,10.);
#1007=VECTOR('',#3867,10.);
#1008=VECTOR('',#3868,10.);
#1009=VECTOR('',#3871,10.);
#1010=VECTOR('',#3874,10.);
#1011=VECTOR('',#3875,10.);
#1012=VECTOR('',#3880,10.);
#1013=VECTOR('',#3881,10.);
#1014=VECTOR('',#3886,10.);
#1015=VECTOR('',#3891,10.);
#1016=VECTOR('',#3892,10.);
#1017=VECTOR('',#3895,10.);
#1018=VECTOR('',#3898,10.);
#1019=VECTOR('',#3899,10.);
#1020=VECTOR('',#3904,10.);
#1021=VECTOR('',#3905,10.);
#1022=VECTOR('',#3910,10.);
#1023=VECTOR('',#3915,10.);
#1024=VECTOR('',#3916,10.);
#1025=VECTOR('',#3919,10.);
#1026=VECTOR('',#3920,10.);
#1027=VECTOR('',#3923,10.);
#1028=VECTOR('',#3928,10.);
#1029=VECTOR('',#3935,10.);
#1030=VECTOR('',#3936,10.);
#1031=VECTOR('',#3945,10.);
#1032=VECTOR('',#3948,10.);
#1033=VECTOR('',#3949,10.);
#1034=VECTOR('',#3954,1.05);
#1035=VECTOR('',#3957,1.05);
#1036=VECTOR('',#3960,1.05);
#1037=VECTOR('',#3963,1.05);
#1038=VECTOR('',#3968,1.55);
#1039=VECTOR('',#3971,1.55);
#1040=VECTOR('',#3974,1.55);
#1041=VECTOR('',#3977,1.55);
#1042=VECTOR('',#3980,1.55);
#1043=VECTOR('',#3983,1.55);
#1044=VECTOR('',#3986,1.55);
#1045=VECTOR('',#3989,1.55);
#1046=VECTOR('',#4000,3.25);
#1047=VECTOR('',#4007,1.55);
#1048=VECTOR('',#4014,1.55);
#1049=VECTOR('',#4021,1.55);
#1050=VECTOR('',#4028,1.55);
#1051=VECTOR('',#4035,10.);
#1052=CIRCLE('',#2871,3.25);
#1053=CIRCLE('',#2872,3.25);
#1054=CIRCLE('',#2874,1.55);
#1055=CIRCLE('',#2875,1.55);
#1056=CIRCLE('',#2877,1.55);
#1057=CIRCLE('',#2878,1.55);
#1058=CIRCLE('',#2880,1.55);
#1059=CIRCLE('',#2881,1.55);
#1060=CIRCLE('',#2883,1.55);
#1061=CIRCLE('',#2884,1.55);
#1062=CIRCLE('',#2886,10.);
#1063=CIRCLE('',#2887,10.);
#1064=CIRCLE('',#2893,3.);
#1065=CIRCLE('',#2894,3.);
#1066=CIRCLE('',#2897,3.);
#1067=CIRCLE('',#2898,24.);
#1068=CIRCLE('',#2899,3.);
#1069=CIRCLE('',#2900,3.);
#1070=CIRCLE('',#2901,1.05);
#1071=CIRCLE('',#2902,10.5);
#1072=CIRCLE('',#2903,1.05);
#1073=CIRCLE('',#2904,0.7835);
#1074=CIRCLE('',#2905,0.7835);
#1075=CIRCLE('',#2906,0.7835);
#1076=CIRCLE('',#2908,3.);
#1077=CIRCLE('',#2913,1.05);
#1078=CIRCLE('',#2915,0.7835);
#1079=CIRCLE('',#2917,0.7835);
#1080=CIRCLE('',#2919,0.7835);
#1081=CIRCLE('',#2921,3.);
#1082=CIRCLE('',#2924,3.);
#1083=CIRCLE('',#2926,24.);
#1084=CIRCLE('',#2929,1.05);
#1085=CIRCLE('',#2930,1.05);
#1086=CIRCLE('',#2932,1.05);
#1087=CIRCLE('',#2933,1.05);
#1088=CIRCLE('',#2935,10.5);
#1089=CIRCLE('',#2936,10.5);
#1090=CIRCLE('',#2937,10.5);
#1091=CIRCLE('',#2941,1.05);
#1092=CIRCLE('',#2952,3.25);
#1093=CIRCLE('',#2953,3.25);
#1094=CIRCLE('',#2955,1.55);
#1095=CIRCLE('',#2956,1.55);
#1096=CIRCLE('',#2958,1.55);
#1097=CIRCLE('',#2959,1.55);
#1098=CIRCLE('',#2961,1.55);
#1099=CIRCLE('',#2962,1.55);
#1100=CIRCLE('',#2964,1.55);
#1101=CIRCLE('',#2965,1.55);
#1102=CIRCLE('',#2967,10.);
#1103=CIRCLE('',#2968,10.);
#1104=CIRCLE('',#2986,1.55);
#1105=CIRCLE('',#2987,1.55);
#1106=CIRCLE('',#2989,1.55);
#1107=CIRCLE('',#2990,1.55);
#1108=CIRCLE('',#2992,1.55);
#1109=CIRCLE('',#2993,1.55);
#1110=CIRCLE('',#2995,1.55);
#1111=CIRCLE('',#2996,1.55);
#1112=CIRCLE('',#2998,1.55);
#1113=CIRCLE('',#2999,1.55);
#1114=CIRCLE('',#3001,2.25);
#1115=CIRCLE('',#3002,1.05);
#1116=CIRCLE('',#3004,2.25);
#1117=CIRCLE('',#3006,1.05);
#1118=CIRCLE('',#3008,2.25);
#1119=CIRCLE('',#3009,1.05);
#1120=CIRCLE('',#3011,2.25);
#1121=CIRCLE('',#3013,1.05);
#1122=CIRCLE('',#3015,2.25);
#1123=CIRCLE('',#3016,1.05);
#1124=CIRCLE('',#3018,2.25);
#1125=CIRCLE('',#3020,1.05);
#1126=CIRCLE('',#3022,2.25);
#1127=CIRCLE('',#3023,1.05);
#1128=CIRCLE('',#3025,2.25);
#1129=CIRCLE('',#3027,1.05);
#1130=CIRCLE('',#3029,10.5);
#1131=CIRCLE('',#3030,10.5);
#1132=CIRCLE('',#3033,25.);
#1133=CIRCLE('',#3034,25.);
#1134=CIRCLE('',#3041,1.2295);
#1135=CIRCLE('',#3042,1.2295);
#1136=CIRCLE('',#3044,1.2295);
#1137=CIRCLE('',#3045,1.2295);
#1138=CIRCLE('',#3047,1.2295);
#1139=CIRCLE('',#3048,1.2295);
#1140=CIRCLE('',#3050,1.2295);
#1141=CIRCLE('',#3051,1.2295);
#1142=CIRCLE('',#3053,1.2295);
#1143=CIRCLE('',#3054,1.2295);
#1144=CIRCLE('',#3056,1.05);
#1145=CIRCLE('',#3057,1.05);
#1146=CIRCLE('',#3059,1.05);
#1147=CIRCLE('',#3060,1.05);
#1148=CIRCLE('',#3063,2.);
#1149=CIRCLE('',#3064,2.);
#1150=CIRCLE('',#3067,11.6845367901342);
#1151=CIRCLE('',#3068,2.);
#1152=CIRCLE('',#3069,2.);
#1153=CIRCLE('',#3070,25.);
#1154=CIRCLE('',#3071,2.);
#1155=CIRCLE('',#3072,2.);
#1156=CIRCLE('',#3073,2.);
#1157=CIRCLE('',#3074,1.55);
#1158=CIRCLE('',#3075,1.55);
#1159=CIRCLE('',#3076,1.55);
#1160=CIRCLE('',#3077,1.55);
#1161=CIRCLE('',#3078,1.55);
#1162=CIRCLE('',#3079,1.55);
#1163=CIRCLE('',#3080,1.55);
#1164=CIRCLE('',#3081,1.55);
#1165=CIRCLE('',#3082,2.);
#1166=CIRCLE('',#3083,2.);
#1167=CIRCLE('',#3084,2.);
#1168=CIRCLE('',#3085,2.);
#1169=CIRCLE('',#3086,2.);
#1170=CIRCLE('',#3087,2.);
#1171=CIRCLE('',#3088,2.);
#1172=CIRCLE('',#3089,2.);
#1173=CIRCLE('',#3091,2.);
#1174=CIRCLE('',#3094,11.6845367901342);
#1175=CIRCLE('',#3095,2.);
#1176=CIRCLE('',#3096,2.);
#1177=CIRCLE('',#3097,2.);
#1178=CIRCLE('',#3098,25.);
#1179=CIRCLE('',#3099,2.);
#1180=CIRCLE('',#3100,1.55);
#1181=CIRCLE('',#3101,1.55);
#1182=CIRCLE('',#3102,1.55);
#1183=CIRCLE('',#3103,1.55);
#1184=CIRCLE('',#3104,1.55);
#1185=CIRCLE('',#3105,1.55);
#1186=CIRCLE('',#3106,1.55);
#1187=CIRCLE('',#3107,1.55);
#1188=CIRCLE('',#3108,2.);
#1189=CIRCLE('',#3109,2.);
#1190=CIRCLE('',#3110,2.);
#1191=CIRCLE('',#3111,2.);
#1192=CIRCLE('',#3112,1.05);
#1193=CIRCLE('',#3113,1.05);
#1194=CIRCLE('',#3114,2.);
#1195=CIRCLE('',#3115,2.);
#1196=CIRCLE('',#3116,2.);
#1197=CIRCLE('',#3117,2.);
#1198=CIRCLE('',#3118,1.05);
#1199=CIRCLE('',#3119,1.05);
#1200=CIRCLE('',#3146,11.6845367901342);
#1201=CIRCLE('',#3147,1.05);
#1202=CIRCLE('',#3148,1.05);
#1203=CIRCLE('',#3150,11.6845367901342);
#1204=CIRCLE('',#3151,1.05);
#1205=CIRCLE('',#3152,1.05);
#1206=CIRCLE('',#3173,3.25);
#1207=CIRCLE('',#3174,3.25);
#1208=CIRCLE('',#3176,1.55);
#1209=CIRCLE('',#3177,1.55);
#1210=CIRCLE('',#3179,1.55);
#1211=CIRCLE('',#3180,1.55);
#1212=CIRCLE('',#3182,1.55);
#1213=CIRCLE('',#3183,1.55);
#1214=CIRCLE('',#3185,1.55);
#1215=CIRCLE('',#3186,1.55);
#1216=CIRCLE('',#3188,10.);
#1217=CIRCLE('',#3189,10.);
#1218=VERTEX_POINT('',#4077);
#1219=VERTEX_POINT('',#4079);
#1220=VERTEX_POINT('',#4083);
#1221=VERTEX_POINT('',#4085);
#1222=VERTEX_POINT('',#4089);
#1223=VERTEX_POINT('',#4091);
#1224=VERTEX_POINT('',#4095);
#1225=VERTEX_POINT('',#4097);
#1226=VERTEX_POINT('',#4101);
#1227=VERTEX_POINT('',#4103);
#1228=VERTEX_POINT('',#4107);
#1229=VERTEX_POINT('',#4109);
#1230=VERTEX_POINT('',#4117);
#1231=VERTEX_POINT('',#4118);
#1232=VERTEX_POINT('',#4120);
#1233=VERTEX_POINT('',#4122);
#1234=VERTEX_POINT('',#4124);
#1235=VERTEX_POINT('',#4128);
#1236=VERTEX_POINT('',#4130);
#1237=VERTEX_POINT('',#4134);
#1238=VERTEX_POINT('',#4136);
#1239=VERTEX_POINT('',#4138);
#1240=VERTEX_POINT('',#4140);
#1241=VERTEX_POINT('',#4142);
#1242=VERTEX_POINT('',#4144);
#1243=VERTEX_POINT('',#4146);
#1244=VERTEX_POINT('',#4148);
#1245=VERTEX_POINT('',#4150);
#1246=VERTEX_POINT('',#4152);
#1247=VERTEX_POINT('',#4154);
#1248=VERTEX_POINT('',#4156);
#1249=VERTEX_POINT('',#4159);
#1250=VERTEX_POINT('',#4161);
#1251=VERTEX_POINT('',#4163);
#1252=VERTEX_POINT('',#4166);
#1253=VERTEX_POINT('',#4167);
#1254=VERTEX_POINT('',#4169);
#1255=VERTEX_POINT('',#4174);
#1256=VERTEX_POINT('',#4176);
#1257=VERTEX_POINT('',#4180);
#1258=VERTEX_POINT('',#4182);
#1259=VERTEX_POINT('',#4186);
#1260=VERTEX_POINT('',#4188);
#1261=VERTEX_POINT('',#4192);
#1262=VERTEX_POINT('',#4196);
#1263=VERTEX_POINT('',#4200);
#1264=VERTEX_POINT('',#4204);
#1265=VERTEX_POINT('',#4208);
#1266=VERTEX_POINT('',#4210);
#1267=VERTEX_POINT('',#4216);
#1268=VERTEX_POINT('',#4218);
#1269=VERTEX_POINT('',#4226);
#1270=VERTEX_POINT('',#4228);
#1271=VERTEX_POINT('',#4232);
#1272=VERTEX_POINT('',#4234);
#1273=VERTEX_POINT('',#4238);
#1274=VERTEX_POINT('',#4240);
#1275=VERTEX_POINT('',#4242);
#1276=VERTEX_POINT('',#4244);
#1277=VERTEX_POINT('',#4254);
#1278=VERTEX_POINT('',#4269);
#1279=VERTEX_POINT('',#4271);
#1280=VERTEX_POINT('',#4275);
#1281=VERTEX_POINT('',#4277);
#1282=VERTEX_POINT('',#4281);
#1283=VERTEX_POINT('',#4283);
#1284=VERTEX_POINT('',#4287);
#1285=VERTEX_POINT('',#4289);
#1286=VERTEX_POINT('',#4293);
#1287=VERTEX_POINT('',#4295);
#1288=VERTEX_POINT('',#4299);
#1289=VERTEX_POINT('',#4301);
#1290=VERTEX_POINT('',#4321);
#1291=VERTEX_POINT('',#4323);
#1292=VERTEX_POINT('',#4327);
#1293=VERTEX_POINT('',#4329);
#1294=VERTEX_POINT('',#4333);
#1295=VERTEX_POINT('',#4335);
#1296=VERTEX_POINT('',#4339);
#1297=VERTEX_POINT('',#4341);
#1298=VERTEX_POINT('',#4345);
#1299=VERTEX_POINT('',#4347);
#1300=VERTEX_POINT('',#4351);
#1301=VERTEX_POINT('',#4353);
#1302=VERTEX_POINT('',#4356);
#1303=VERTEX_POINT('',#4360);
#1304=VERTEX_POINT('',#4364);
#1305=VERTEX_POINT('',#4366);
#1306=VERTEX_POINT('',#4369);
#1307=VERTEX_POINT('',#4373);
#1308=VERTEX_POINT('',#4377);
#1309=VERTEX_POINT('',#4379);
#1310=VERTEX_POINT('',#4382);
#1311=VERTEX_POINT('',#4386);
#1312=VERTEX_POINT('',#4390);
#1313=VERTEX_POINT('',#4392);
#1314=VERTEX_POINT('',#4395);
#1315=VERTEX_POINT('',#4399);
#1316=VERTEX_POINT('',#4403);
#1317=VERTEX_POINT('',#4405);
#1318=VERTEX_POINT('',#4409);
#1319=VERTEX_POINT('',#4410);
#1320=VERTEX_POINT('',#4412);
#1321=VERTEX_POINT('',#4414);
#1322=VERTEX_POINT('',#4418);
#1323=VERTEX_POINT('',#4420);
#1324=VERTEX_POINT('',#4424);
#1325=VERTEX_POINT('',#4426);
#1326=VERTEX_POINT('',#4436);
#1327=VERTEX_POINT('',#4438);
#1328=VERTEX_POINT('',#4442);
#1329=VERTEX_POINT('',#4444);
#1330=VERTEX_POINT('',#4448);
#1331=VERTEX_POINT('',#4450);
#1332=VERTEX_POINT('',#4454);
#1333=VERTEX_POINT('',#4456);
#1334=VERTEX_POINT('',#4460);
#1335=VERTEX_POINT('',#4462);
#1336=VERTEX_POINT('',#4466);
#1337=VERTEX_POINT('',#4467);
#1338=VERTEX_POINT('',#4469);
#1339=VERTEX_POINT('',#4471);
#1340=VERTEX_POINT('',#4475);
#1341=VERTEX_POINT('',#4476);
#1342=VERTEX_POINT('',#4478);
#1343=VERTEX_POINT('',#4480);
#1344=VERTEX_POINT('',#4484);
#1345=VERTEX_POINT('',#4486);
#1346=VERTEX_POINT('',#4490);
#1347=VERTEX_POINT('',#4491);
#1348=VERTEX_POINT('',#4493);
#1349=VERTEX_POINT('',#4495);
#1350=VERTEX_POINT('',#4499);
#1351=VERTEX_POINT('',#4501);
#1352=VERTEX_POINT('',#4503);
#1353=VERTEX_POINT('',#4505);
#1354=VERTEX_POINT('',#4509);
#1355=VERTEX_POINT('',#4511);
#1356=VERTEX_POINT('',#4515);
#1357=VERTEX_POINT('',#4517);
#1358=VERTEX_POINT('',#4519);
#1359=VERTEX_POINT('',#4521);
#1360=VERTEX_POINT('',#4523);
#1361=VERTEX_POINT('',#4525);
#1362=VERTEX_POINT('',#4527);
#1363=VERTEX_POINT('',#4529);
#1364=VERTEX_POINT('',#4531);
#1365=VERTEX_POINT('',#4533);
#1366=VERTEX_POINT('',#4536);
#1367=VERTEX_POINT('',#4538);
#1368=VERTEX_POINT('',#4540);
#1369=VERTEX_POINT('',#4542);
#1370=VERTEX_POINT('',#4544);
#1371=VERTEX_POINT('',#4546);
#1372=VERTEX_POINT('',#4548);
#1373=VERTEX_POINT('',#4550);
#1374=VERTEX_POINT('',#4552);
#1375=VERTEX_POINT('',#4553);
#1376=VERTEX_POINT('',#4555);
#1377=VERTEX_POINT('',#4557);
#1378=VERTEX_POINT('',#4559);
#1379=VERTEX_POINT('',#4561);
#1380=VERTEX_POINT('',#4563);
#1381=VERTEX_POINT('',#4565);
#1382=VERTEX_POINT('',#4568);
#1383=VERTEX_POINT('',#4569);
#1384=VERTEX_POINT('',#4571);
#1385=VERTEX_POINT('',#4573);
#1386=VERTEX_POINT('',#4575);
#1387=VERTEX_POINT('',#4577);
#1388=VERTEX_POINT('',#4579);
#1389=VERTEX_POINT('',#4581);
#1390=VERTEX_POINT('',#4585);
#1391=VERTEX_POINT('',#4586);
#1392=VERTEX_POINT('',#4591);
#1393=VERTEX_POINT('',#4595);
#1394=VERTEX_POINT('',#4597);
#1395=VERTEX_POINT('',#4599);
#1396=VERTEX_POINT('',#4601);
#1397=VERTEX_POINT('',#4603);
#1398=VERTEX_POINT('',#4605);
#1399=VERTEX_POINT('',#4607);
#1400=VERTEX_POINT('',#4609);
#1401=VERTEX_POINT('',#4611);
#1402=VERTEX_POINT('',#4613);
#1403=VERTEX_POINT('',#4617);
#1404=VERTEX_POINT('',#4619);
#1405=VERTEX_POINT('',#4621);
#1406=VERTEX_POINT('',#4623);
#1407=VERTEX_POINT('',#4625);
#1408=VERTEX_POINT('',#4627);
#1409=VERTEX_POINT('',#4629);
#1410=VERTEX_POINT('',#4631);
#1411=VERTEX_POINT('',#4633);
#1412=VERTEX_POINT('',#4634);
#1413=VERTEX_POINT('',#4636);
#1414=VERTEX_POINT('',#4638);
#1415=VERTEX_POINT('',#4640);
#1416=VERTEX_POINT('',#4642);
#1417=VERTEX_POINT('',#4644);
#1418=VERTEX_POINT('',#4646);
#1419=VERTEX_POINT('',#4649);
#1420=VERTEX_POINT('',#4651);
#1421=VERTEX_POINT('',#4653);
#1422=VERTEX_POINT('',#4654);
#1423=VERTEX_POINT('',#4656);
#1424=VERTEX_POINT('',#4658);
#1425=VERTEX_POINT('',#4660);
#1426=VERTEX_POINT('',#4662);
#1427=VERTEX_POINT('',#4664);
#1428=VERTEX_POINT('',#4666);
#1429=VERTEX_POINT('',#4669);
#1430=VERTEX_POINT('',#4671);
#1431=VERTEX_POINT('',#4719);
#1432=VERTEX_POINT('',#4723);
#1433=VERTEX_POINT('',#4729);
#1434=VERTEX_POINT('',#4732);
#1435=VERTEX_POINT('',#4734);
#1436=VERTEX_POINT('',#4737);
#1437=VERTEX_POINT('',#4739);
#1438=VERTEX_POINT('',#4742);
#1439=VERTEX_POINT('',#4744);
#1440=VERTEX_POINT('',#4781);
#1441=VERTEX_POINT('',#4783);
#1442=VERTEX_POINT('',#4787);
#1443=VERTEX_POINT('',#4789);
#1444=VERTEX_POINT('',#4793);
#1445=VERTEX_POINT('',#4795);
#1446=VERTEX_POINT('',#4799);
#1447=VERTEX_POINT('',#4801);
#1448=VERTEX_POINT('',#4805);
#1449=VERTEX_POINT('',#4807);
#1450=VERTEX_POINT('',#4811);
#1451=VERTEX_POINT('',#4813);
#1452=EDGE_CURVE('',#1218,#1218,#1052,.T.);
#1453=EDGE_CURVE('',#1218,#1219,#680,.T.);
#1454=EDGE_CURVE('',#1219,#1219,#1053,.T.);
#1455=EDGE_CURVE('',#1220,#1220,#1054,.T.);
#1456=EDGE_CURVE('',#1220,#1221,#681,.T.);
#1457=EDGE_CURVE('',#1221,#1221,#1055,.T.);
#1458=EDGE_CURVE('',#1222,#1222,#1056,.T.);
#1459=EDGE_CURVE('',#1222,#1223,#682,.T.);
#1460=EDGE_CURVE('',#1223,#1223,#1057,.T.);
#1461=EDGE_CURVE('',#1224,#1224,#1058,.T.);
#1462=EDGE_CURVE('',#1224,#1225,#683,.T.);
#1463=EDGE_CURVE('',#1225,#1225,#1059,.T.);
#1464=EDGE_CURVE('',#1226,#1226,#1060,.T.);
#1465=EDGE_CURVE('',#1226,#1227,#684,.T.);
#1466=EDGE_CURVE('',#1227,#1227,#1061,.T.);
#1467=EDGE_CURVE('',#1228,#1228,#1062,.T.);
#1468=EDGE_CURVE('',#1228,#1229,#685,.T.);
#1469=EDGE_CURVE('',#1229,#1229,#1063,.T.);
#1470=EDGE_CURVE('',#1230,#1231,#1064,.T.);
#1471=EDGE_CURVE('',#1231,#1232,#686,.T.);
#1472=EDGE_CURVE('',#1232,#1233,#687,.T.);
#1473=EDGE_CURVE('',#1233,#1234,#1065,.T.);
#1474=EDGE_CURVE('',#1234,#1230,#688,.T.);
#1475=EDGE_CURVE('',#1232,#1235,#689,.T.);
#1476=EDGE_CURVE('',#1235,#1236,#690,.T.);
#1477=EDGE_CURVE('',#1236,#1233,#691,.T.);
#1478=EDGE_CURVE('',#1230,#1237,#692,.T.);
#1479=EDGE_CURVE('',#1238,#1237,#1066,.T.);
#1480=EDGE_CURVE('',#1238,#1239,#1067,.T.);
#1481=EDGE_CURVE('',#1240,#1239,#1068,.T.);
#1482=EDGE_CURVE('',#1240,#1241,#693,.T.);
#1483=EDGE_CURVE('',#1242,#1241,#1069,.T.);
#1484=EDGE_CURVE('',#1242,#1243,#694,.T.);
#1485=EDGE_CURVE('',#1243,#1244,#1070,.T.);
#1486=EDGE_CURVE('',#1244,#1245,#695,.T.);
#1487=EDGE_CURVE('',#1245,#1246,#1071,.T.);
#1488=EDGE_CURVE('',#1246,#1247,#696,.T.);
#1489=EDGE_CURVE('',#1247,#1248,#1072,.T.);
#1490=EDGE_CURVE('',#1248,#1231,#697,.T.);
#1491=EDGE_CURVE('',#1249,#1249,#1073,.T.);
#1492=EDGE_CURVE('',#1250,#1250,#1074,.T.);
#1493=EDGE_CURVE('',#1251,#1251,#1075,.T.);
#1494=EDGE_CURVE('',#1252,#1253,#1076,.T.);
#1495=EDGE_CURVE('',#1253,#1254,#698,.T.);
#1496=EDGE_CURVE('',#1254,#1242,#699,.T.);
#1497=EDGE_CURVE('',#1241,#1252,#700,.T.);
#1498=EDGE_CURVE('',#1253,#1255,#701,.T.);
#1499=EDGE_CURVE('',#1255,#1256,#702,.T.);
#1500=EDGE_CURVE('',#1256,#1254,#703,.T.);
#1501=EDGE_CURVE('',#1245,#1257,#704,.T.);
#1502=EDGE_CURVE('',#1258,#1244,#705,.T.);
#1503=EDGE_CURVE('',#1258,#1257,#706,.T.);
#1504=EDGE_CURVE('',#1259,#1246,#707,.T.);
#1505=EDGE_CURVE('',#1259,#1260,#708,.T.);
#1506=EDGE_CURVE('',#1260,#1247,#709,.T.);
#1507=EDGE_CURVE('',#1243,#1261,#710,.T.);
#1508=EDGE_CURVE('',#1261,#1258,#1077,.T.);
#1509=EDGE_CURVE('',#1251,#1262,#711,.T.);
#1510=EDGE_CURVE('',#1262,#1262,#1078,.T.);
#1511=EDGE_CURVE('',#1250,#1263,#712,.T.);
#1512=EDGE_CURVE('',#1263,#1263,#1079,.T.);
#1513=EDGE_CURVE('',#1249,#1264,#713,.T.);
#1514=EDGE_CURVE('',#1264,#1264,#1080,.T.);
#1515=EDGE_CURVE('',#1237,#1265,#714,.T.);
#1516=EDGE_CURVE('',#1265,#1266,#1081,.T.);
#1517=EDGE_CURVE('',#1266,#1238,#715,.T.);
#1518=EDGE_CURVE('',#1265,#1234,#716,.T.);
#1519=EDGE_CURVE('',#1239,#1267,#717,.T.);
#1520=EDGE_CURVE('',#1267,#1268,#1082,.T.);
#1521=EDGE_CURVE('',#1268,#1240,#718,.T.);
#1522=EDGE_CURVE('',#1267,#1266,#1083,.T.);
#1523=EDGE_CURVE('',#1252,#1268,#719,.T.);
#1524=EDGE_CURVE('',#1269,#1269,#1084,.T.);
#1525=EDGE_CURVE('',#1269,#1270,#720,.T.);
#1526=EDGE_CURVE('',#1270,#1270,#1085,.T.);
#1527=EDGE_CURVE('',#1271,#1271,#1086,.T.);
#1528=EDGE_CURVE('',#1271,#1272,#721,.T.);
#1529=EDGE_CURVE('',#1272,#1272,#1087,.T.);
#1530=EDGE_CURVE('',#1257,#1273,#1088,.T.);
#1531=EDGE_CURVE('',#1274,#1273,#722,.T.);
#1532=EDGE_CURVE('',#1275,#1274,#1089,.T.);
#1533=EDGE_CURVE('',#1276,#1275,#723,.T.);
#1534=EDGE_CURVE('',#1276,#1259,#1090,.T.);
#1535=EDGE_CURVE('',#1256,#1273,#724,.T.);
#1536=EDGE_CURVE('',#1274,#1255,#725,.T.);
#1537=EDGE_CURVE('',#1276,#1235,#726,.T.);
#1538=EDGE_CURVE('',#1236,#1275,#727,.T.);
#1539=EDGE_CURVE('',#1277,#1232,#728,.T.);
#1540=EDGE_CURVE('',#1260,#1277,#1091,.T.);
#1541=EDGE_CURVE('',#1254,#1261,#729,.T.);
#1542=EDGE_CURVE('',#1248,#1277,#730,.T.);
#1543=EDGE_CURVE('',#1278,#1278,#1092,.T.);
#1544=EDGE_CURVE('',#1278,#1279,#731,.T.);
#1545=EDGE_CURVE('',#1279,#1279,#1093,.T.);
#1546=EDGE_CURVE('',#1280,#1280,#1094,.T.);
#1547=EDGE_CURVE('',#1280,#1281,#732,.T.);
#1548=EDGE_CURVE('',#1281,#1281,#1095,.T.);
#1549=EDGE_CURVE('',#1282,#1282,#1096,.T.);
#1550=EDGE_CURVE('',#1282,#1283,#733,.T.);
#1551=EDGE_CURVE('',#1283,#1283,#1097,.T.);
#1552=EDGE_CURVE('',#1284,#1284,#1098,.T.);
#1553=EDGE_CURVE('',#1284,#1285,#734,.T.);
#1554=EDGE_CURVE('',#1285,#1285,#1099,.T.);
#1555=EDGE_CURVE('',#1286,#1286,#1100,.T.);
#1556=EDGE_CURVE('',#1286,#1287,#735,.T.);
#1557=EDGE_CURVE('',#1287,#1287,#1101,.T.);
#1558=EDGE_CURVE('',#1288,#1288,#1102,.T.);
#1559=EDGE_CURVE('',#1288,#1289,#736,.T.);
#1560=EDGE_CURVE('',#1289,#1289,#1103,.T.);
#1561=EDGE_CURVE('',#1290,#1290,#1104,.T.);
#1562=EDGE_CURVE('',#1290,#1291,#737,.T.);
#1563=EDGE_CURVE('',#1291,#1291,#1105,.T.);
#1564=EDGE_CURVE('',#1292,#1292,#1106,.T.);
#1565=EDGE_CURVE('',#1292,#1293,#738,.T.);
#1566=EDGE_CURVE('',#1293,#1293,#1107,.T.);
#1567=EDGE_CURVE('',#1294,#1294,#1108,.T.);
#1568=EDGE_CURVE('',#1294,#1295,#739,.T.);
#1569=EDGE_CURVE('',#1295,#1295,#1109,.T.);
#1570=EDGE_CURVE('',#1296,#1296,#1110,.T.);
#1571=EDGE_CURVE('',#1296,#1297,#740,.T.);
#1572=EDGE_CURVE('',#1297,#1297,#1111,.T.);
#1573=EDGE_CURVE('',#1298,#1298,#1112,.T.);
#1574=EDGE_CURVE('',#1298,#1299,#741,.T.);
#1575=EDGE_CURVE('',#1299,#1299,#1113,.T.);
#1576=EDGE_CURVE('',#1300,#1300,#1114,.T.);
#1577=EDGE_CURVE('',#1301,#1301,#1115,.T.);
#1578=EDGE_CURVE('',#1302,#1302,#1116,.T.);
#1579=EDGE_CURVE('',#1302,#1300,#742,.T.);
#1580=EDGE_CURVE('',#1301,#1303,#743,.T.);
#1581=EDGE_CURVE('',#1303,#1303,#1117,.T.);
#1582=EDGE_CURVE('',#1304,#1304,#1118,.T.);
#1583=EDGE_CURVE('',#1305,#1305,#1119,.T.);
#1584=EDGE_CURVE('',#1306,#1306,#1120,.T.);
#1585=EDGE_CURVE('',#1306,#1304,#744,.T.);
#1586=EDGE_CURVE('',#1305,#1307,#745,.T.);
#1587=EDGE_CURVE('',#1307,#1307,#1121,.T.);
#1588=EDGE_CURVE('',#1308,#1308,#1122,.T.);
#1589=EDGE_CURVE('',#1309,#1309,#1123,.T.);
#1590=EDGE_CURVE('',#1310,#1310,#1124,.T.);
#1591=EDGE_CURVE('',#1310,#1308,#746,.T.);
#1592=EDGE_CURVE('',#1309,#1311,#747,.T.);
#1593=EDGE_CURVE('',#1311,#1311,#1125,.T.);
#1594=EDGE_CURVE('',#1312,#1312,#1126,.T.);
#1595=EDGE_CURVE('',#1313,#1313,#1127,.T.);
#1596=EDGE_CURVE('',#1314,#1314,#1128,.T.);
#1597=EDGE_CURVE('',#1314,#1312,#748,.T.);
#1598=EDGE_CURVE('',#1313,#1315,#749,.T.);
#1599=EDGE_CURVE('',#1315,#1315,#1129,.T.);
#1600=EDGE_CURVE('',#1316,#1316,#1130,.T.);
#1601=EDGE_CURVE('',#1316,#1317,#750,.T.);
#1602=EDGE_CURVE('',#1317,#1317,#1131,.T.);
#1603=EDGE_CURVE('',#1318,#1319,#751,.T.);
#1604=EDGE_CURVE('',#1319,#1320,#752,.T.);
#1605=EDGE_CURVE('',#1321,#1320,#753,.T.);
#1606=EDGE_CURVE('',#1318,#1321,#754,.T.);
#1607=EDGE_CURVE('',#1322,#1318,#1132,.T.);
#1608=EDGE_CURVE('',#1323,#1321,#1133,.T.);
#1609=EDGE_CURVE('',#1322,#1323,#755,.T.);
#1610=EDGE_CURVE('',#1324,#1322,#756,.T.);
#1611=EDGE_CURVE('',#1325,#1323,#757,.T.);
#1612=EDGE_CURVE('',#1324,#1325,#758,.T.);
#1613=EDGE_CURVE('',#1319,#1324,#759,.T.);
#1614=EDGE_CURVE('',#1320,#1325,#760,.T.);
#1615=EDGE_CURVE('',#1326,#1326,#1134,.T.);
#1616=EDGE_CURVE('',#1326,#1327,#761,.T.);
#1617=EDGE_CURVE('',#1327,#1327,#1135,.T.);
#1618=EDGE_CURVE('',#1328,#1328,#1136,.T.);
#1619=EDGE_CURVE('',#1328,#1329,#762,.T.);
#1620=EDGE_CURVE('',#1329,#1329,#1137,.T.);
#1621=EDGE_CURVE('',#1330,#1330,#1138,.T.);
#1622=EDGE_CURVE('',#1330,#1331,#763,.T.);
#1623=EDGE_CURVE('',#1331,#1331,#1139,.T.);
#1624=EDGE_CURVE('',#1332,#1332,#1140,.T.);
#1625=EDGE_CURVE('',#1332,#1333,#764,.T.);
#1626=EDGE_CURVE('',#1333,#1333,#1141,.T.);
#1627=EDGE_CURVE('',#1334,#1334,#1142,.T.);
#1628=EDGE_CURVE('',#1334,#1335,#765,.T.);
#1629=EDGE_CURVE('',#1335,#1335,#1143,.T.);
#1630=EDGE_CURVE('',#1336,#1337,#1144,.T.);
#1631=EDGE_CURVE('',#1337,#1338,#766,.T.);
#1632=EDGE_CURVE('',#1339,#1338,#1145,.T.);
#1633=EDGE_CURVE('',#1336,#1339,#767,.T.);
#1634=EDGE_CURVE('',#1340,#1341,#768,.T.);
#1635=EDGE_CURVE('',#1341,#1342,#1146,.T.);
#1636=EDGE_CURVE('',#1343,#1342,#769,.T.);
#1637=EDGE_CURVE('',#1340,#1343,#1147,.T.);
#1638=EDGE_CURVE('',#1344,#1339,#770,.T.);
#1639=EDGE_CURVE('',#1345,#1344,#771,.T.);
#1640=EDGE_CURVE('',#1345,#1336,#772,.T.);
#1641=EDGE_CURVE('',#1346,#1347,#1148,.T.);
#1642=EDGE_CURVE('',#1347,#1348,#773,.T.);
#1643=EDGE_CURVE('',#1348,#1349,#1149,.T.);
#1644=EDGE_CURVE('',#1349,#1346,#774,.T.);
#1645=EDGE_CURVE('',#1349,#1350,#775,.T.);
#1646=EDGE_CURVE('',#1350,#1351,#776,.T.);
#1647=EDGE_CURVE('',#1351,#1352,#777,.T.);
#1648=EDGE_CURVE('',#1352,#1353,#778,.T.);
#1649=EDGE_CURVE('',#1346,#1353,#779,.T.);
#1650=EDGE_CURVE('',#1338,#1354,#780,.T.);
#1651=EDGE_CURVE('',#1354,#1355,#1150,.T.);
#1652=EDGE_CURVE('',#1355,#1340,#781,.T.);
#1653=EDGE_CURVE('',#1343,#1350,#782,.T.);
#1654=EDGE_CURVE('',#1356,#1348,#783,.T.);
#1655=EDGE_CURVE('',#1357,#1356,#1151,.T.);
#1656=EDGE_CURVE('',#1358,#1357,#784,.T.);
#1657=EDGE_CURVE('',#1359,#1358,#1152,.T.);
#1658=EDGE_CURVE('',#1359,#1360,#1153,.T.);
#1659=EDGE_CURVE('',#1361,#1360,#1154,.T.);
#1660=EDGE_CURVE('',#1362,#1361,#785,.T.);
#1661=EDGE_CURVE('',#1363,#1362,#1155,.T.);
#1662=EDGE_CURVE('',#1364,#1363,#786,.T.);
#1663=EDGE_CURVE('',#1365,#1364,#1156,.T.);
#1664=EDGE_CURVE('',#1344,#1365,#787,.T.);
#1665=EDGE_CURVE('',#1366,#1366,#1157,.T.);
#1666=EDGE_CURVE('',#1367,#1367,#1158,.T.);
#1667=EDGE_CURVE('',#1368,#1368,#1159,.T.);
#1668=EDGE_CURVE('',#1369,#1369,#1160,.T.);
#1669=EDGE_CURVE('',#1370,#1370,#1161,.T.);
#1670=EDGE_CURVE('',#1371,#1371,#1162,.T.);
#1671=EDGE_CURVE('',#1372,#1372,#1163,.T.);
#1672=EDGE_CURVE('',#1373,#1373,#1164,.T.);
#1673=EDGE_CURVE('',#1374,#1375,#788,.T.);
#1674=EDGE_CURVE('',#1376,#1375,#1165,.T.);
#1675=EDGE_CURVE('',#1376,#1377,#789,.T.);
#1676=EDGE_CURVE('',#1378,#1377,#1166,.T.);
#1677=EDGE_CURVE('',#1378,#1379,#790,.T.);
#1678=EDGE_CURVE('',#1380,#1379,#1167,.T.);
#1679=EDGE_CURVE('',#1380,#1381,#791,.T.);
#1680=EDGE_CURVE('',#1374,#1381,#1168,.T.);
#1681=EDGE_CURVE('',#1382,#1383,#792,.T.);
#1682=EDGE_CURVE('',#1384,#1383,#1169,.T.);
#1683=EDGE_CURVE('',#1384,#1385,#793,.T.);
#1684=EDGE_CURVE('',#1386,#1385,#1170,.T.);
#1685=EDGE_CURVE('',#1386,#1387,#794,.T.);
#1686=EDGE_CURVE('',#1388,#1387,#1171,.T.);
#1687=EDGE_CURVE('',#1388,#1389,#795,.T.);
#1688=EDGE_CURVE('',#1382,#1389,#1172,.T.);
#1689=EDGE_CURVE('',#1390,#1391,#1173,.T.);
#1690=EDGE_CURVE('',#1391,#1357,#796,.T.);
#1691=EDGE_CURVE('',#1356,#1390,#797,.T.);
#1692=EDGE_CURVE('',#1392,#1391,#798,.T.);
#1693=EDGE_CURVE('',#1358,#1392,#799,.T.);
#1694=EDGE_CURVE('',#1353,#1393,#800,.T.);
#1695=EDGE_CURVE('',#1393,#1394,#1174,.T.);
#1696=EDGE_CURVE('',#1394,#1395,#801,.T.);
#1697=EDGE_CURVE('',#1395,#1396,#802,.T.);
#1698=EDGE_CURVE('',#1397,#1396,#1175,.T.);
#1699=EDGE_CURVE('',#1397,#1398,#803,.T.);
#1700=EDGE_CURVE('',#1399,#1398,#1176,.T.);
#1701=EDGE_CURVE('',#1399,#1400,#804,.T.);
#1702=EDGE_CURVE('',#1401,#1400,#1177,.T.);
#1703=EDGE_CURVE('',#1401,#1402,#1178,.T.);
#1704=EDGE_CURVE('',#1392,#1402,#1179,.T.);
#1705=EDGE_CURVE('',#1390,#1347,#805,.T.);
#1706=EDGE_CURVE('',#1403,#1403,#1180,.T.);
#1707=EDGE_CURVE('',#1404,#1404,#1181,.T.);
#1708=EDGE_CURVE('',#1405,#1405,#1182,.T.);
#1709=EDGE_CURVE('',#1406,#1406,#1183,.T.);
#1710=EDGE_CURVE('',#1407,#1407,#1184,.T.);
#1711=EDGE_CURVE('',#1408,#1408,#1185,.T.);
#1712=EDGE_CURVE('',#1409,#1409,#1186,.T.);
#1713=EDGE_CURVE('',#1410,#1410,#1187,.T.);
#1714=EDGE_CURVE('',#1411,#1412,#806,.T.);
#1715=EDGE_CURVE('',#1413,#1412,#1188,.T.);
#1716=EDGE_CURVE('',#1413,#1414,#807,.T.);
#1717=EDGE_CURVE('',#1415,#1414,#1189,.T.);
#1718=EDGE_CURVE('',#1415,#1416,#808,.T.);
#1719=EDGE_CURVE('',#1417,#1416,#1190,.T.);
#1720=EDGE_CURVE('',#1417,#1418,#809,.T.);
#1721=EDGE_CURVE('',#1411,#1418,#1191,.T.);
#1722=EDGE_CURVE('',#1419,#1419,#1192,.T.);
#1723=EDGE_CURVE('',#1420,#1420,#1193,.T.);
#1724=EDGE_CURVE('',#1421,#1422,#810,.T.);
#1725=EDGE_CURVE('',#1423,#1422,#1194,.T.);
#1726=EDGE_CURVE('',#1423,#1424,#811,.T.);
#1727=EDGE_CURVE('',#1425,#1424,#1195,.T.);
#1728=EDGE_CURVE('',#1425,#1426,#812,.T.);
#1729=EDGE_CURVE('',#1427,#1426,#1196,.T.);
#1730=EDGE_CURVE('',#1427,#1428,#813,.T.);
#1731=EDGE_CURVE('',#1421,#1428,#1197,.T.);
#1732=EDGE_CURVE('',#1429,#1429,#1198,.T.);
#1733=EDGE_CURVE('',#1430,#1430,#1199,.T.);
#1734=EDGE_CURVE('',#1398,#1363,#814,.T.);
#1735=EDGE_CURVE('',#1362,#1399,#815,.T.);
#1736=EDGE_CURVE('',#1364,#1397,#816,.T.);
#1737=EDGE_CURVE('',#1396,#1365,#817,.T.);
#1738=EDGE_CURVE('',#1402,#1359,#818,.T.);
#1739=EDGE_CURVE('',#1360,#1401,#819,.T.);
#1740=EDGE_CURVE('',#1400,#1361,#820,.T.);
#1741=EDGE_CURVE('',#1414,#1380,#821,.T.);
#1742=EDGE_CURVE('',#1379,#1415,#822,.T.);
#1743=EDGE_CURVE('',#1381,#1413,#823,.T.);
#1744=EDGE_CURVE('',#1416,#1378,#824,.T.);
#1745=EDGE_CURVE('',#1377,#1417,#825,.T.);
#1746=EDGE_CURVE('',#1418,#1376,#826,.T.);
#1747=EDGE_CURVE('',#1375,#1411,#827,.T.);
#1748=EDGE_CURVE('',#1412,#1374,#828,.T.);
#1749=EDGE_CURVE('',#1424,#1388,#829,.T.);
#1750=EDGE_CURVE('',#1387,#1425,#830,.T.);
#1751=EDGE_CURVE('',#1389,#1423,#831,.T.);
#1752=EDGE_CURVE('',#1426,#1386,#832,.T.);
#1753=EDGE_CURVE('',#1385,#1427,#833,.T.);
#1754=EDGE_CURVE('',#1428,#1384,#834,.T.);
#1755=EDGE_CURVE('',#1383,#1421,#835,.T.);
#1756=EDGE_CURVE('',#1422,#1382,#836,.T.);
#1757=EDGE_CURVE('',#1431,#1341,#837,.T.);
#1758=EDGE_CURVE('',#1431,#1355,#838,.T.);
#1759=EDGE_CURVE('',#1337,#1432,#839,.T.);
#1760=EDGE_CURVE('',#1432,#1354,#840,.T.);
#1761=EDGE_CURVE('',#1342,#1351,#841,.T.);
#1762=EDGE_CURVE('',#1433,#1431,#1200,.T.);
#1763=EDGE_CURVE('',#1352,#1433,#842,.T.);
#1764=EDGE_CURVE('',#1434,#1434,#1201,.T.);
#1765=EDGE_CURVE('',#1435,#1435,#1202,.T.);
#1766=EDGE_CURVE('',#1436,#1345,#843,.T.);
#1767=EDGE_CURVE('',#1437,#1436,#844,.T.);
#1768=EDGE_CURVE('',#1432,#1437,#1203,.T.);
#1769=EDGE_CURVE('',#1438,#1438,#1204,.T.);
#1770=EDGE_CURVE('',#1439,#1439,#1205,.T.);
#1771=EDGE_CURVE('',#1393,#1433,#845,.T.);
#1772=EDGE_CURVE('',#1395,#1436,#846,.T.);
#1773=EDGE_CURVE('',#1394,#1437,#847,.T.);
#1774=EDGE_CURVE('',#1430,#1439,#848,.T.);
#1775=EDGE_CURVE('',#1429,#1434,#849,.T.);
#1776=EDGE_CURVE('',#1420,#1438,#850,.T.);
#1777=EDGE_CURVE('',#1419,#1435,#851,.T.);
#1778=EDGE_CURVE('',#1403,#1373,#852,.T.);
#1779=EDGE_CURVE('',#1404,#1372,#853,.T.);
#1780=EDGE_CURVE('',#1405,#1371,#854,.T.);
#1781=EDGE_CURVE('',#1406,#1370,#855,.T.);
#1782=EDGE_CURVE('',#1407,#1369,#856,.T.);
#1783=EDGE_CURVE('',#1408,#1368,#857,.T.);
#1784=EDGE_CURVE('',#1409,#1367,#858,.T.);
#1785=EDGE_CURVE('',#1410,#1366,#859,.T.);
#1786=EDGE_CURVE('',#1440,#1440,#1206,.T.);
#1787=EDGE_CURVE('',#1440,#1441,#860,.T.);
#1788=EDGE_CURVE('',#1441,#1441,#1207,.T.);
#1789=EDGE_CURVE('',#1442,#1442,#1208,.T.);
#1790=EDGE_CURVE('',#1442,#1443,#861,.T.);
#1791=EDGE_CURVE('',#1443,#1443,#1209,.T.);
#1792=EDGE_CURVE('',#1444,#1444,#1210,.T.);
#1793=EDGE_CURVE('',#1444,#1445,#862,.T.);
#1794=EDGE_CURVE('',#1445,#1445,#1211,.T.);
#1795=EDGE_CURVE('',#1446,#1446,#1212,.T.);
#1796=EDGE_CURVE('',#1446,#1447,#863,.T.);
#1797=EDGE_CURVE('',#1447,#1447,#1213,.T.);
#1798=EDGE_CURVE('',#1448,#1448,#1214,.T.);
#1799=EDGE_CURVE('',#1448,#1449,#864,.T.);
#1800=EDGE_CURVE('',#1449,#1449,#1215,.T.);
#1801=EDGE_CURVE('',#1450,#1450,#1216,.T.);
#1802=EDGE_CURVE('',#1450,#1451,#865,.T.);
#1803=EDGE_CURVE('',#1451,#1451,#1217,.T.);
#1804=ORIENTED_EDGE('',*,*,#1452,.F.);
#1805=ORIENTED_EDGE('',*,*,#1453,.T.);
#1806=ORIENTED_EDGE('',*,*,#1454,.F.);
#1807=ORIENTED_EDGE('',*,*,#1453,.F.);
#1808=ORIENTED_EDGE('',*,*,#1455,.F.);
#1809=ORIENTED_EDGE('',*,*,#1456,.T.);
#1810=ORIENTED_EDGE('',*,*,#1457,.F.);
#1811=ORIENTED_EDGE('',*,*,#1456,.F.);
#1812=ORIENTED_EDGE('',*,*,#1458,.F.);
#1813=ORIENTED_EDGE('',*,*,#1459,.T.);
#1814=ORIENTED_EDGE('',*,*,#1460,.F.);
#1815=ORIENTED_EDGE('',*,*,#1459,.F.);
#1816=ORIENTED_EDGE('',*,*,#1461,.F.);
#1817=ORIENTED_EDGE('',*,*,#1462,.T.);
#1818=ORIENTED_EDGE('',*,*,#1463,.F.);
#1819=ORIENTED_EDGE('',*,*,#1462,.F.);
#1820=ORIENTED_EDGE('',*,*,#1464,.F.);
#1821=ORIENTED_EDGE('',*,*,#1465,.T.);
#1822=ORIENTED_EDGE('',*,*,#1466,.F.);
#1823=ORIENTED_EDGE('',*,*,#1465,.F.);
#1824=ORIENTED_EDGE('',*,*,#1467,.F.);
#1825=ORIENTED_EDGE('',*,*,#1468,.T.);
#1826=ORIENTED_EDGE('',*,*,#1469,.T.);
#1827=ORIENTED_EDGE('',*,*,#1468,.F.);
#1828=ORIENTED_EDGE('',*,*,#1467,.T.);
#1829=ORIENTED_EDGE('',*,*,#1452,.T.);
#1830=ORIENTED_EDGE('',*,*,#1455,.T.);
#1831=ORIENTED_EDGE('',*,*,#1458,.T.);
#1832=ORIENTED_EDGE('',*,*,#1461,.T.);
#1833=ORIENTED_EDGE('',*,*,#1464,.T.);
#1834=ORIENTED_EDGE('',*,*,#1469,.F.);
#1835=ORIENTED_EDGE('',*,*,#1454,.T.);
#1836=ORIENTED_EDGE('',*,*,#1457,.T.);
#1837=ORIENTED_EDGE('',*,*,#1460,.T.);
#1838=ORIENTED_EDGE('',*,*,#1463,.T.);
#1839=ORIENTED_EDGE('',*,*,#1466,.T.);
#1840=ORIENTED_EDGE('',*,*,#1470,.T.);
#1841=ORIENTED_EDGE('',*,*,#1471,.T.);
#1842=ORIENTED_EDGE('',*,*,#1472,.T.);
#1843=ORIENTED_EDGE('',*,*,#1473,.T.);
#1844=ORIENTED_EDGE('',*,*,#1474,.T.);
#1845=ORIENTED_EDGE('',*,*,#1472,.F.);
#1846=ORIENTED_EDGE('',*,*,#1475,.T.);
#1847=ORIENTED_EDGE('',*,*,#1476,.T.);
#1848=ORIENTED_EDGE('',*,*,#1477,.T.);
#1849=ORIENTED_EDGE('',*,*,#1470,.F.);
#1850=ORIENTED_EDGE('',*,*,#1478,.T.);
#1851=ORIENTED_EDGE('',*,*,#1479,.F.);
#1852=ORIENTED_EDGE('',*,*,#1480,.T.);
#1853=ORIENTED_EDGE('',*,*,#1481,.F.);
#1854=ORIENTED_EDGE('',*,*,#1482,.T.);
#1855=ORIENTED_EDGE('',*,*,#1483,.F.);
#1856=ORIENTED_EDGE('',*,*,#1484,.T.);
#1857=ORIENTED_EDGE('',*,*,#1485,.T.);
#1858=ORIENTED_EDGE('',*,*,#1486,.T.);
#1859=ORIENTED_EDGE('',*,*,#1487,.T.);
#1860=ORIENTED_EDGE('',*,*,#1488,.T.);
#1861=ORIENTED_EDGE('',*,*,#1489,.T.);
#1862=ORIENTED_EDGE('',*,*,#1490,.T.);
#1863=ORIENTED_EDGE('',*,*,#1491,.T.);
#1864=ORIENTED_EDGE('',*,*,#1492,.T.);
#1865=ORIENTED_EDGE('',*,*,#1493,.T.);
#1866=ORIENTED_EDGE('',*,*,#1494,.T.);
#1867=ORIENTED_EDGE('',*,*,#1495,.T.);
#1868=ORIENTED_EDGE('',*,*,#1496,.T.);
#1869=ORIENTED_EDGE('',*,*,#1483,.T.);
#1870=ORIENTED_EDGE('',*,*,#1497,.T.);
#1871=ORIENTED_EDGE('',*,*,#1495,.F.);
#1872=ORIENTED_EDGE('',*,*,#1498,.T.);
#1873=ORIENTED_EDGE('',*,*,#1499,.T.);
#1874=ORIENTED_EDGE('',*,*,#1500,.T.);
#1875=ORIENTED_EDGE('',*,*,#1501,.F.);
#1876=ORIENTED_EDGE('',*,*,#1486,.F.);
#1877=ORIENTED_EDGE('',*,*,#1502,.F.);
#1878=ORIENTED_EDGE('',*,*,#1503,.T.);
#1879=ORIENTED_EDGE('',*,*,#1504,.F.);
#1880=ORIENTED_EDGE('',*,*,#1505,.T.);
#1881=ORIENTED_EDGE('',*,*,#1506,.T.);
#1882=ORIENTED_EDGE('',*,*,#1488,.F.);
#1883=ORIENTED_EDGE('',*,*,#1502,.T.);
#1884=ORIENTED_EDGE('',*,*,#1485,.F.);
#1885=ORIENTED_EDGE('',*,*,#1507,.T.);
#1886=ORIENTED_EDGE('',*,*,#1508,.T.);
#1887=ORIENTED_EDGE('',*,*,#1493,.F.);
#1888=ORIENTED_EDGE('',*,*,#1509,.T.);
#1889=ORIENTED_EDGE('',*,*,#1510,.F.);
#1890=ORIENTED_EDGE('',*,*,#1509,.F.);
#1891=ORIENTED_EDGE('',*,*,#1492,.F.);
#1892=ORIENTED_EDGE('',*,*,#1511,.T.);
#1893=ORIENTED_EDGE('',*,*,#1512,.F.);
#1894=ORIENTED_EDGE('',*,*,#1511,.F.);
#1895=ORIENTED_EDGE('',*,*,#1491,.F.);
#1896=ORIENTED_EDGE('',*,*,#1513,.T.);
#1897=ORIENTED_EDGE('',*,*,#1514,.F.);
#1898=ORIENTED_EDGE('',*,*,#1513,.F.);
#1899=ORIENTED_EDGE('',*,*,#1479,.T.);
#1900=ORIENTED_EDGE('',*,*,#1515,.T.);
#1901=ORIENTED_EDGE('',*,*,#1516,.T.);
#1902=ORIENTED_EDGE('',*,*,#1517,.T.);
#1903=ORIENTED_EDGE('',*,*,#1474,.F.);
#1904=ORIENTED_EDGE('',*,*,#1518,.F.);
#1905=ORIENTED_EDGE('',*,*,#1515,.F.);
#1906=ORIENTED_EDGE('',*,*,#1478,.F.);
#1907=ORIENTED_EDGE('',*,*,#1481,.T.);
#1908=ORIENTED_EDGE('',*,*,#1519,.T.);
#1909=ORIENTED_EDGE('',*,*,#1520,.T.);
#1910=ORIENTED_EDGE('',*,*,#1521,.T.);
#1911=ORIENTED_EDGE('',*,*,#1517,.F.);
#1912=ORIENTED_EDGE('',*,*,#1522,.F.);
#1913=ORIENTED_EDGE('',*,*,#1519,.F.);
#1914=ORIENTED_EDGE('',*,*,#1480,.F.);
#1915=ORIENTED_EDGE('',*,*,#1497,.F.);
#1916=ORIENTED_EDGE('',*,*,#1482,.F.);
#1917=ORIENTED_EDGE('',*,*,#1521,.F.);
#1918=ORIENTED_EDGE('',*,*,#1523,.F.);
#1919=ORIENTED_EDGE('',*,*,#1524,.F.);
#1920=ORIENTED_EDGE('',*,*,#1525,.T.);
#1921=ORIENTED_EDGE('',*,*,#1526,.F.);
#1922=ORIENTED_EDGE('',*,*,#1525,.F.);
#1923=ORIENTED_EDGE('',*,*,#1527,.F.);
#1924=ORIENTED_EDGE('',*,*,#1528,.T.);
#1925=ORIENTED_EDGE('',*,*,#1529,.F.);
#1926=ORIENTED_EDGE('',*,*,#1528,.F.);
#1927=ORIENTED_EDGE('',*,*,#1504,.T.);
#1928=ORIENTED_EDGE('',*,*,#1487,.F.);
#1929=ORIENTED_EDGE('',*,*,#1501,.T.);
#1930=ORIENTED_EDGE('',*,*,#1530,.T.);
#1931=ORIENTED_EDGE('',*,*,#1531,.F.);
#1932=ORIENTED_EDGE('',*,*,#1532,.F.);
#1933=ORIENTED_EDGE('',*,*,#1533,.F.);
#1934=ORIENTED_EDGE('',*,*,#1534,.T.);
#1935=ORIENTED_EDGE('',*,*,#1535,.F.);
#1936=ORIENTED_EDGE('',*,*,#1499,.F.);
#1937=ORIENTED_EDGE('',*,*,#1536,.F.);
#1938=ORIENTED_EDGE('',*,*,#1531,.T.);
#1939=ORIENTED_EDGE('',*,*,#1537,.F.);
#1940=ORIENTED_EDGE('',*,*,#1533,.T.);
#1941=ORIENTED_EDGE('',*,*,#1538,.F.);
#1942=ORIENTED_EDGE('',*,*,#1476,.F.);
#1943=ORIENTED_EDGE('',*,*,#1537,.T.);
#1944=ORIENTED_EDGE('',*,*,#1475,.F.);
#1945=ORIENTED_EDGE('',*,*,#1539,.F.);
#1946=ORIENTED_EDGE('',*,*,#1540,.F.);
#1947=ORIENTED_EDGE('',*,*,#1505,.F.);
#1948=ORIENTED_EDGE('',*,*,#1534,.F.);
#1949=ORIENTED_EDGE('',*,*,#1527,.T.);
#1950=ORIENTED_EDGE('',*,*,#1484,.F.);
#1951=ORIENTED_EDGE('',*,*,#1496,.F.);
#1952=ORIENTED_EDGE('',*,*,#1541,.T.);
#1953=ORIENTED_EDGE('',*,*,#1507,.F.);
#1954=ORIENTED_EDGE('',*,*,#1490,.F.);
#1955=ORIENTED_EDGE('',*,*,#1542,.T.);
#1956=ORIENTED_EDGE('',*,*,#1539,.T.);
#1957=ORIENTED_EDGE('',*,*,#1471,.F.);
#1958=ORIENTED_EDGE('',*,*,#1506,.F.);
#1959=ORIENTED_EDGE('',*,*,#1540,.T.);
#1960=ORIENTED_EDGE('',*,*,#1542,.F.);
#1961=ORIENTED_EDGE('',*,*,#1489,.F.);
#1962=ORIENTED_EDGE('',*,*,#1535,.T.);
#1963=ORIENTED_EDGE('',*,*,#1530,.F.);
#1964=ORIENTED_EDGE('',*,*,#1503,.F.);
#1965=ORIENTED_EDGE('',*,*,#1508,.F.);
#1966=ORIENTED_EDGE('',*,*,#1541,.F.);
#1967=ORIENTED_EDGE('',*,*,#1500,.F.);
#1968=ORIENTED_EDGE('',*,*,#1524,.T.);
#1969=ORIENTED_EDGE('',*,*,#1473,.F.);
#1970=ORIENTED_EDGE('',*,*,#1477,.F.);
#1971=ORIENTED_EDGE('',*,*,#1538,.T.);
#1972=ORIENTED_EDGE('',*,*,#1532,.T.);
#1973=ORIENTED_EDGE('',*,*,#1536,.T.);
#1974=ORIENTED_EDGE('',*,*,#1498,.F.);
#1975=ORIENTED_EDGE('',*,*,#1494,.F.);
#1976=ORIENTED_EDGE('',*,*,#1523,.T.);
#1977=ORIENTED_EDGE('',*,*,#1520,.F.);
#1978=ORIENTED_EDGE('',*,*,#1522,.T.);
#1979=ORIENTED_EDGE('',*,*,#1516,.F.);
#1980=ORIENTED_EDGE('',*,*,#1518,.T.);
#1981=ORIENTED_EDGE('',*,*,#1510,.T.);
#1982=ORIENTED_EDGE('',*,*,#1512,.T.);
#1983=ORIENTED_EDGE('',*,*,#1514,.T.);
#1984=ORIENTED_EDGE('',*,*,#1526,.T.);
#1985=ORIENTED_EDGE('',*,*,#1529,.T.);
#1986=ORIENTED_EDGE('',*,*,#1543,.F.);
#1987=ORIENTED_EDGE('',*,*,#1544,.T.);
#1988=ORIENTED_EDGE('',*,*,#1545,.F.);
#1989=ORIENTED_EDGE('',*,*,#1544,.F.);
#1990=ORIENTED_EDGE('',*,*,#1546,.F.);
#1991=ORIENTED_EDGE('',*,*,#1547,.T.);
#1992=ORIENTED_EDGE('',*,*,#1548,.F.);
#1993=ORIENTED_EDGE('',*,*,#1547,.F.);
#1994=ORIENTED_EDGE('',*,*,#1549,.F.);
#1995=ORIENTED_EDGE('',*,*,#1550,.T.);
#1996=ORIENTED_EDGE('',*,*,#1551,.F.);
#1997=ORIENTED_EDGE('',*,*,#1550,.F.);
#1998=ORIENTED_EDGE('',*,*,#1552,.F.);
#1999=ORIENTED_EDGE('',*,*,#1553,.T.);
#2000=ORIENTED_EDGE('',*,*,#1554,.F.);
#2001=ORIENTED_EDGE('',*,*,#1553,.F.);
#2002=ORIENTED_EDGE('',*,*,#1555,.F.);
#2003=ORIENTED_EDGE('',*,*,#1556,.T.);
#2004=ORIENTED_EDGE('',*,*,#1557,.F.);
#2005=ORIENTED_EDGE('',*,*,#1556,.F.);
#2006=ORIENTED_EDGE('',*,*,#1558,.F.);
#2007=ORIENTED_EDGE('',*,*,#1559,.T.);
#2008=ORIENTED_EDGE('',*,*,#1560,.T.);
#2009=ORIENTED_EDGE('',*,*,#1559,.F.);
#2010=ORIENTED_EDGE('',*,*,#1558,.T.);
#2011=ORIENTED_EDGE('',*,*,#1543,.T.);
#2012=ORIENTED_EDGE('',*,*,#1546,.T.);
#2013=ORIENTED_EDGE('',*,*,#1549,.T.);
#2014=ORIENTED_EDGE('',*,*,#1552,.T.);
#2015=ORIENTED_EDGE('',*,*,#1555,.T.);
#2016=ORIENTED_EDGE('',*,*,#1560,.F.);
#2017=ORIENTED_EDGE('',*,*,#1545,.T.);
#2018=ORIENTED_EDGE('',*,*,#1548,.T.);
#2019=ORIENTED_EDGE('',*,*,#1551,.T.);
#2020=ORIENTED_EDGE('',*,*,#1554,.T.);
#2021=ORIENTED_EDGE('',*,*,#1557,.T.);
#2022=ORIENTED_EDGE('',*,*,#1561,.F.);
#2023=ORIENTED_EDGE('',*,*,#1562,.T.);
#2024=ORIENTED_EDGE('',*,*,#1563,.F.);
#2025=ORIENTED_EDGE('',*,*,#1562,.F.);
#2026=ORIENTED_EDGE('',*,*,#1564,.F.);
#2027=ORIENTED_EDGE('',*,*,#1565,.T.);
#2028=ORIENTED_EDGE('',*,*,#1566,.F.);
#2029=ORIENTED_EDGE('',*,*,#1565,.F.);
#2030=ORIENTED_EDGE('',*,*,#1567,.F.);
#2031=ORIENTED_EDGE('',*,*,#1568,.T.);
#2032=ORIENTED_EDGE('',*,*,#1569,.F.);
#2033=ORIENTED_EDGE('',*,*,#1568,.F.);
#2034=ORIENTED_EDGE('',*,*,#1570,.F.);
#2035=ORIENTED_EDGE('',*,*,#1571,.T.);
#2036=ORIENTED_EDGE('',*,*,#1572,.F.);
#2037=ORIENTED_EDGE('',*,*,#1571,.F.);
#2038=ORIENTED_EDGE('',*,*,#1573,.F.);
#2039=ORIENTED_EDGE('',*,*,#1574,.T.);
#2040=ORIENTED_EDGE('',*,*,#1575,.F.);
#2041=ORIENTED_EDGE('',*,*,#1574,.F.);
#2042=ORIENTED_EDGE('',*,*,#1576,.T.);
#2043=ORIENTED_EDGE('',*,*,#1577,.F.);
#2044=ORIENTED_EDGE('',*,*,#1578,.F.);
#2045=ORIENTED_EDGE('',*,*,#1579,.T.);
#2046=ORIENTED_EDGE('',*,*,#1576,.F.);
#2047=ORIENTED_EDGE('',*,*,#1579,.F.);
#2048=ORIENTED_EDGE('',*,*,#1577,.T.);
#2049=ORIENTED_EDGE('',*,*,#1580,.T.);
#2050=ORIENTED_EDGE('',*,*,#1581,.F.);
#2051=ORIENTED_EDGE('',*,*,#1580,.F.);
#2052=ORIENTED_EDGE('',*,*,#1582,.T.);
#2053=ORIENTED_EDGE('',*,*,#1583,.F.);
#2054=ORIENTED_EDGE('',*,*,#1584,.F.);
#2055=ORIENTED_EDGE('',*,*,#1585,.T.);
#2056=ORIENTED_EDGE('',*,*,#1582,.F.);
#2057=ORIENTED_EDGE('',*,*,#1585,.F.);
#2058=ORIENTED_EDGE('',*,*,#1583,.T.);
#2059=ORIENTED_EDGE('',*,*,#1586,.T.);
#2060=ORIENTED_EDGE('',*,*,#1587,.F.);
#2061=ORIENTED_EDGE('',*,*,#1586,.F.);
#2062=ORIENTED_EDGE('',*,*,#1588,.T.);
#2063=ORIENTED_EDGE('',*,*,#1589,.F.);
#2064=ORIENTED_EDGE('',*,*,#1590,.F.);
#2065=ORIENTED_EDGE('',*,*,#1591,.T.);
#2066=ORIENTED_EDGE('',*,*,#1588,.F.);
#2067=ORIENTED_EDGE('',*,*,#1591,.F.);
#2068=ORIENTED_EDGE('',*,*,#1589,.T.);
#2069=ORIENTED_EDGE('',*,*,#1592,.T.);
#2070=ORIENTED_EDGE('',*,*,#1593,.F.);
#2071=ORIENTED_EDGE('',*,*,#1592,.F.);
#2072=ORIENTED_EDGE('',*,*,#1594,.T.);
#2073=ORIENTED_EDGE('',*,*,#1595,.F.);
#2074=ORIENTED_EDGE('',*,*,#1596,.F.);
#2075=ORIENTED_EDGE('',*,*,#1597,.T.);
#2076=ORIENTED_EDGE('',*,*,#1594,.F.);
#2077=ORIENTED_EDGE('',*,*,#1597,.F.);
#2078=ORIENTED_EDGE('',*,*,#1595,.T.);
#2079=ORIENTED_EDGE('',*,*,#1598,.T.);
#2080=ORIENTED_EDGE('',*,*,#1599,.F.);
#2081=ORIENTED_EDGE('',*,*,#1598,.F.);
#2082=ORIENTED_EDGE('',*,*,#1600,.F.);
#2083=ORIENTED_EDGE('',*,*,#1601,.T.);
#2084=ORIENTED_EDGE('',*,*,#1602,.F.);
#2085=ORIENTED_EDGE('',*,*,#1601,.F.);
#2086=ORIENTED_EDGE('',*,*,#1603,.T.);
#2087=ORIENTED_EDGE('',*,*,#1604,.T.);
#2088=ORIENTED_EDGE('',*,*,#1605,.F.);
#2089=ORIENTED_EDGE('',*,*,#1606,.F.);
#2090=ORIENTED_EDGE('',*,*,#1607,.T.);
#2091=ORIENTED_EDGE('',*,*,#1606,.T.);
#2092=ORIENTED_EDGE('',*,*,#1608,.F.);
#2093=ORIENTED_EDGE('',*,*,#1609,.F.);
#2094=ORIENTED_EDGE('',*,*,#1610,.T.);
#2095=ORIENTED_EDGE('',*,*,#1609,.T.);
#2096=ORIENTED_EDGE('',*,*,#1611,.F.);
#2097=ORIENTED_EDGE('',*,*,#1612,.F.);
#2098=ORIENTED_EDGE('',*,*,#1613,.T.);
#2099=ORIENTED_EDGE('',*,*,#1612,.T.);
#2100=ORIENTED_EDGE('',*,*,#1614,.F.);
#2101=ORIENTED_EDGE('',*,*,#1604,.F.);
#2102=ORIENTED_EDGE('',*,*,#1614,.T.);
#2103=ORIENTED_EDGE('',*,*,#1611,.T.);
#2104=ORIENTED_EDGE('',*,*,#1608,.T.);
#2105=ORIENTED_EDGE('',*,*,#1605,.T.);
#2106=ORIENTED_EDGE('',*,*,#1561,.T.);
#2107=ORIENTED_EDGE('',*,*,#1564,.T.);
#2108=ORIENTED_EDGE('',*,*,#1567,.T.);
#2109=ORIENTED_EDGE('',*,*,#1570,.T.);
#2110=ORIENTED_EDGE('',*,*,#1573,.T.);
#2111=ORIENTED_EDGE('',*,*,#1578,.T.);
#2112=ORIENTED_EDGE('',*,*,#1584,.T.);
#2113=ORIENTED_EDGE('',*,*,#1590,.T.);
#2114=ORIENTED_EDGE('',*,*,#1596,.T.);
#2115=ORIENTED_EDGE('',*,*,#1600,.T.);
#2116=ORIENTED_EDGE('',*,*,#1613,.F.);
#2117=ORIENTED_EDGE('',*,*,#1603,.F.);
#2118=ORIENTED_EDGE('',*,*,#1607,.F.);
#2119=ORIENTED_EDGE('',*,*,#1610,.F.);
#2120=ORIENTED_EDGE('',*,*,#1563,.T.);
#2121=ORIENTED_EDGE('',*,*,#1566,.T.);
#2122=ORIENTED_EDGE('',*,*,#1569,.T.);
#2123=ORIENTED_EDGE('',*,*,#1572,.T.);
#2124=ORIENTED_EDGE('',*,*,#1575,.T.);
#2125=ORIENTED_EDGE('',*,*,#1581,.T.);
#2126=ORIENTED_EDGE('',*,*,#1587,.T.);
#2127=ORIENTED_EDGE('',*,*,#1593,.T.);
#2128=ORIENTED_EDGE('',*,*,#1599,.T.);
#2129=ORIENTED_EDGE('',*,*,#1602,.T.);
#2130=ORIENTED_EDGE('',*,*,#1615,.F.);
#2131=ORIENTED_EDGE('',*,*,#1616,.T.);
#2132=ORIENTED_EDGE('',*,*,#1617,.F.);
#2133=ORIENTED_EDGE('',*,*,#1616,.F.);
#2134=ORIENTED_EDGE('',*,*,#1618,.F.);
#2135=ORIENTED_EDGE('',*,*,#1619,.T.);
#2136=ORIENTED_EDGE('',*,*,#1620,.F.);
#2137=ORIENTED_EDGE('',*,*,#1619,.F.);
#2138=ORIENTED_EDGE('',*,*,#1621,.F.);
#2139=ORIENTED_EDGE('',*,*,#1622,.T.);
#2140=ORIENTED_EDGE('',*,*,#1623,.F.);
#2141=ORIENTED_EDGE('',*,*,#1622,.F.);
#2142=ORIENTED_EDGE('',*,*,#1624,.F.);
#2143=ORIENTED_EDGE('',*,*,#1625,.T.);
#2144=ORIENTED_EDGE('',*,*,#1626,.F.);
#2145=ORIENTED_EDGE('',*,*,#1625,.F.);
#2146=ORIENTED_EDGE('',*,*,#1627,.F.);
#2147=ORIENTED_EDGE('',*,*,#1628,.T.);
#2148=ORIENTED_EDGE('',*,*,#1629,.F.);
#2149=ORIENTED_EDGE('',*,*,#1628,.F.);
#2150=ORIENTED_EDGE('',*,*,#1630,.T.);
#2151=ORIENTED_EDGE('',*,*,#1631,.T.);
#2152=ORIENTED_EDGE('',*,*,#1632,.F.);
#2153=ORIENTED_EDGE('',*,*,#1633,.F.);
#2154=ORIENTED_EDGE('',*,*,#1634,.T.);
#2155=ORIENTED_EDGE('',*,*,#1635,.T.);
#2156=ORIENTED_EDGE('',*,*,#1636,.F.);
#2157=ORIENTED_EDGE('',*,*,#1637,.F.);
#2158=ORIENTED_EDGE('',*,*,#1633,.T.);
#2159=ORIENTED_EDGE('',*,*,#1638,.F.);
#2160=ORIENTED_EDGE('',*,*,#1639,.F.);
#2161=ORIENTED_EDGE('',*,*,#1640,.T.);
#2162=ORIENTED_EDGE('',*,*,#1641,.T.);
#2163=ORIENTED_EDGE('',*,*,#1642,.T.);
#2164=ORIENTED_EDGE('',*,*,#1643,.T.);
#2165=ORIENTED_EDGE('',*,*,#1644,.T.);
#2166=ORIENTED_EDGE('',*,*,#1644,.F.);
#2167=ORIENTED_EDGE('',*,*,#1645,.T.);
#2168=ORIENTED_EDGE('',*,*,#1646,.T.);
#2169=ORIENTED_EDGE('',*,*,#1647,.T.);
#2170=ORIENTED_EDGE('',*,*,#1648,.T.);
#2171=ORIENTED_EDGE('',*,*,#1649,.F.);
#2172=ORIENTED_EDGE('',*,*,#1632,.T.);
#2173=ORIENTED_EDGE('',*,*,#1650,.T.);
#2174=ORIENTED_EDGE('',*,*,#1651,.T.);
#2175=ORIENTED_EDGE('',*,*,#1652,.T.);
#2176=ORIENTED_EDGE('',*,*,#1637,.T.);
#2177=ORIENTED_EDGE('',*,*,#1653,.T.);
#2178=ORIENTED_EDGE('',*,*,#1645,.F.);
#2179=ORIENTED_EDGE('',*,*,#1643,.F.);
#2180=ORIENTED_EDGE('',*,*,#1654,.F.);
#2181=ORIENTED_EDGE('',*,*,#1655,.F.);
#2182=ORIENTED_EDGE('',*,*,#1656,.F.);
#2183=ORIENTED_EDGE('',*,*,#1657,.F.);
#2184=ORIENTED_EDGE('',*,*,#1658,.T.);
#2185=ORIENTED_EDGE('',*,*,#1659,.F.);
#2186=ORIENTED_EDGE('',*,*,#1660,.F.);
#2187=ORIENTED_EDGE('',*,*,#1661,.F.);
#2188=ORIENTED_EDGE('',*,*,#1662,.F.);
#2189=ORIENTED_EDGE('',*,*,#1663,.F.);
#2190=ORIENTED_EDGE('',*,*,#1664,.F.);
#2191=ORIENTED_EDGE('',*,*,#1638,.T.);
#2192=ORIENTED_EDGE('',*,*,#1617,.T.);
#2193=ORIENTED_EDGE('',*,*,#1620,.T.);
#2194=ORIENTED_EDGE('',*,*,#1623,.T.);
#2195=ORIENTED_EDGE('',*,*,#1626,.T.);
#2196=ORIENTED_EDGE('',*,*,#1629,.T.);
#2197=ORIENTED_EDGE('',*,*,#1665,.T.);
#2198=ORIENTED_EDGE('',*,*,#1666,.T.);
#2199=ORIENTED_EDGE('',*,*,#1667,.T.);
#2200=ORIENTED_EDGE('',*,*,#1668,.T.);
#2201=ORIENTED_EDGE('',*,*,#1669,.T.);
#2202=ORIENTED_EDGE('',*,*,#1670,.T.);
#2203=ORIENTED_EDGE('',*,*,#1671,.T.);
#2204=ORIENTED_EDGE('',*,*,#1672,.T.);
#2205=ORIENTED_EDGE('',*,*,#1673,.T.);
#2206=ORIENTED_EDGE('',*,*,#1674,.F.);
#2207=ORIENTED_EDGE('',*,*,#1675,.T.);
#2208=ORIENTED_EDGE('',*,*,#1676,.F.);
#2209=ORIENTED_EDGE('',*,*,#1677,.T.);
#2210=ORIENTED_EDGE('',*,*,#1678,.F.);
#2211=ORIENTED_EDGE('',*,*,#1679,.T.);
#2212=ORIENTED_EDGE('',*,*,#1680,.F.);
#2213=ORIENTED_EDGE('',*,*,#1681,.T.);
#2214=ORIENTED_EDGE('',*,*,#1682,.F.);
#2215=ORIENTED_EDGE('',*,*,#1683,.T.);
#2216=ORIENTED_EDGE('',*,*,#1684,.F.);
#2217=ORIENTED_EDGE('',*,*,#1685,.T.);
#2218=ORIENTED_EDGE('',*,*,#1686,.F.);
#2219=ORIENTED_EDGE('',*,*,#1687,.T.);
#2220=ORIENTED_EDGE('',*,*,#1688,.F.);
#2221=ORIENTED_EDGE('',*,*,#1689,.T.);
#2222=ORIENTED_EDGE('',*,*,#1690,.T.);
#2223=ORIENTED_EDGE('',*,*,#1655,.T.);
#2224=ORIENTED_EDGE('',*,*,#1691,.T.);
#2225=ORIENTED_EDGE('',*,*,#1690,.F.);
#2226=ORIENTED_EDGE('',*,*,#1692,.F.);
#2227=ORIENTED_EDGE('',*,*,#1693,.F.);
#2228=ORIENTED_EDGE('',*,*,#1656,.T.);
#2229=ORIENTED_EDGE('',*,*,#1641,.F.);
#2230=ORIENTED_EDGE('',*,*,#1649,.T.);
#2231=ORIENTED_EDGE('',*,*,#1694,.T.);
#2232=ORIENTED_EDGE('',*,*,#1695,.T.);
#2233=ORIENTED_EDGE('',*,*,#1696,.T.);
#2234=ORIENTED_EDGE('',*,*,#1697,.T.);
#2235=ORIENTED_EDGE('',*,*,#1698,.F.);
#2236=ORIENTED_EDGE('',*,*,#1699,.T.);
#2237=ORIENTED_EDGE('',*,*,#1700,.F.);
#2238=ORIENTED_EDGE('',*,*,#1701,.T.);
#2239=ORIENTED_EDGE('',*,*,#1702,.F.);
#2240=ORIENTED_EDGE('',*,*,#1703,.T.);
#2241=ORIENTED_EDGE('',*,*,#1704,.F.);
#2242=ORIENTED_EDGE('',*,*,#1692,.T.);
#2243=ORIENTED_EDGE('',*,*,#1689,.F.);
#2244=ORIENTED_EDGE('',*,*,#1705,.T.);
#2245=ORIENTED_EDGE('',*,*,#1615,.T.);
#2246=ORIENTED_EDGE('',*,*,#1618,.T.);
#2247=ORIENTED_EDGE('',*,*,#1621,.T.);
#2248=ORIENTED_EDGE('',*,*,#1624,.T.);
#2249=ORIENTED_EDGE('',*,*,#1627,.T.);
#2250=ORIENTED_EDGE('',*,*,#1706,.T.);
#2251=ORIENTED_EDGE('',*,*,#1707,.T.);
#2252=ORIENTED_EDGE('',*,*,#1708,.T.);
#2253=ORIENTED_EDGE('',*,*,#1709,.T.);
#2254=ORIENTED_EDGE('',*,*,#1710,.T.);
#2255=ORIENTED_EDGE('',*,*,#1711,.T.);
#2256=ORIENTED_EDGE('',*,*,#1712,.T.);
#2257=ORIENTED_EDGE('',*,*,#1713,.T.);
#2258=ORIENTED_EDGE('',*,*,#1714,.T.);
#2259=ORIENTED_EDGE('',*,*,#1715,.F.);
#2260=ORIENTED_EDGE('',*,*,#1716,.T.);
#2261=ORIENTED_EDGE('',*,*,#1717,.F.);
#2262=ORIENTED_EDGE('',*,*,#1718,.T.);
#2263=ORIENTED_EDGE('',*,*,#1719,.F.);
#2264=ORIENTED_EDGE('',*,*,#1720,.T.);
#2265=ORIENTED_EDGE('',*,*,#1721,.F.);
#2266=ORIENTED_EDGE('',*,*,#1722,.T.);
#2267=ORIENTED_EDGE('',*,*,#1723,.T.);
#2268=ORIENTED_EDGE('',*,*,#1724,.T.);
#2269=ORIENTED_EDGE('',*,*,#1725,.F.);
#2270=ORIENTED_EDGE('',*,*,#1726,.T.);
#2271=ORIENTED_EDGE('',*,*,#1727,.F.);
#2272=ORIENTED_EDGE('',*,*,#1728,.T.);
#2273=ORIENTED_EDGE('',*,*,#1729,.F.);
#2274=ORIENTED_EDGE('',*,*,#1730,.T.);
#2275=ORIENTED_EDGE('',*,*,#1731,.F.);
#2276=ORIENTED_EDGE('',*,*,#1732,.T.);
#2277=ORIENTED_EDGE('',*,*,#1733,.T.);
#2278=ORIENTED_EDGE('',*,*,#1700,.T.);
#2279=ORIENTED_EDGE('',*,*,#1734,.T.);
#2280=ORIENTED_EDGE('',*,*,#1661,.T.);
#2281=ORIENTED_EDGE('',*,*,#1735,.T.);
#2282=ORIENTED_EDGE('',*,*,#1734,.F.);
#2283=ORIENTED_EDGE('',*,*,#1699,.F.);
#2284=ORIENTED_EDGE('',*,*,#1736,.F.);
#2285=ORIENTED_EDGE('',*,*,#1662,.T.);
#2286=ORIENTED_EDGE('',*,*,#1698,.T.);
#2287=ORIENTED_EDGE('',*,*,#1737,.T.);
#2288=ORIENTED_EDGE('',*,*,#1663,.T.);
#2289=ORIENTED_EDGE('',*,*,#1736,.T.);
#2290=ORIENTED_EDGE('',*,*,#1704,.T.);
#2291=ORIENTED_EDGE('',*,*,#1738,.T.);
#2292=ORIENTED_EDGE('',*,*,#1657,.T.);
#2293=ORIENTED_EDGE('',*,*,#1693,.T.);
#2294=ORIENTED_EDGE('',*,*,#1738,.F.);
#2295=ORIENTED_EDGE('',*,*,#1703,.F.);
#2296=ORIENTED_EDGE('',*,*,#1739,.F.);
#2297=ORIENTED_EDGE('',*,*,#1658,.F.);
#2298=ORIENTED_EDGE('',*,*,#1659,.T.);
#2299=ORIENTED_EDGE('',*,*,#1739,.T.);
#2300=ORIENTED_EDGE('',*,*,#1702,.T.);
#2301=ORIENTED_EDGE('',*,*,#1740,.T.);
#2302=ORIENTED_EDGE('',*,*,#1717,.T.);
#2303=ORIENTED_EDGE('',*,*,#1741,.T.);
#2304=ORIENTED_EDGE('',*,*,#1678,.T.);
#2305=ORIENTED_EDGE('',*,*,#1742,.T.);
#2306=ORIENTED_EDGE('',*,*,#1741,.F.);
#2307=ORIENTED_EDGE('',*,*,#1716,.F.);
#2308=ORIENTED_EDGE('',*,*,#1743,.F.);
#2309=ORIENTED_EDGE('',*,*,#1679,.F.);
#2310=ORIENTED_EDGE('',*,*,#1719,.T.);
#2311=ORIENTED_EDGE('',*,*,#1744,.T.);
#2312=ORIENTED_EDGE('',*,*,#1676,.T.);
#2313=ORIENTED_EDGE('',*,*,#1745,.T.);
#2314=ORIENTED_EDGE('',*,*,#1742,.F.);
#2315=ORIENTED_EDGE('',*,*,#1677,.F.);
#2316=ORIENTED_EDGE('',*,*,#1744,.F.);
#2317=ORIENTED_EDGE('',*,*,#1718,.F.);
#2318=ORIENTED_EDGE('',*,*,#1721,.T.);
#2319=ORIENTED_EDGE('',*,*,#1746,.T.);
#2320=ORIENTED_EDGE('',*,*,#1674,.T.);
#2321=ORIENTED_EDGE('',*,*,#1747,.T.);
#2322=ORIENTED_EDGE('',*,*,#1745,.F.);
#2323=ORIENTED_EDGE('',*,*,#1675,.F.);
#2324=ORIENTED_EDGE('',*,*,#1746,.F.);
#2325=ORIENTED_EDGE('',*,*,#1720,.F.);
#2326=ORIENTED_EDGE('',*,*,#1715,.T.);
#2327=ORIENTED_EDGE('',*,*,#1748,.T.);
#2328=ORIENTED_EDGE('',*,*,#1680,.T.);
#2329=ORIENTED_EDGE('',*,*,#1743,.T.);
#2330=ORIENTED_EDGE('',*,*,#1747,.F.);
#2331=ORIENTED_EDGE('',*,*,#1673,.F.);
#2332=ORIENTED_EDGE('',*,*,#1748,.F.);
#2333=ORIENTED_EDGE('',*,*,#1714,.F.);
#2334=ORIENTED_EDGE('',*,*,#1727,.T.);
#2335=ORIENTED_EDGE('',*,*,#1749,.T.);
#2336=ORIENTED_EDGE('',*,*,#1686,.T.);
#2337=ORIENTED_EDGE('',*,*,#1750,.T.);
#2338=ORIENTED_EDGE('',*,*,#1749,.F.);
#2339=ORIENTED_EDGE('',*,*,#1726,.F.);
#2340=ORIENTED_EDGE('',*,*,#1751,.F.);
#2341=ORIENTED_EDGE('',*,*,#1687,.F.);
#2342=ORIENTED_EDGE('',*,*,#1729,.T.);
#2343=ORIENTED_EDGE('',*,*,#1752,.T.);
#2344=ORIENTED_EDGE('',*,*,#1684,.T.);
#2345=ORIENTED_EDGE('',*,*,#1753,.T.);
#2346=ORIENTED_EDGE('',*,*,#1750,.F.);
#2347=ORIENTED_EDGE('',*,*,#1685,.F.);
#2348=ORIENTED_EDGE('',*,*,#1752,.F.);
#2349=ORIENTED_EDGE('',*,*,#1728,.F.);
#2350=ORIENTED_EDGE('',*,*,#1731,.T.);
#2351=ORIENTED_EDGE('',*,*,#1754,.T.);
#2352=ORIENTED_EDGE('',*,*,#1682,.T.);
#2353=ORIENTED_EDGE('',*,*,#1755,.T.);
#2354=ORIENTED_EDGE('',*,*,#1753,.F.);
#2355=ORIENTED_EDGE('',*,*,#1683,.F.);
#2356=ORIENTED_EDGE('',*,*,#1754,.F.);
#2357=ORIENTED_EDGE('',*,*,#1730,.F.);
#2358=ORIENTED_EDGE('',*,*,#1725,.T.);
#2359=ORIENTED_EDGE('',*,*,#1756,.T.);
#2360=ORIENTED_EDGE('',*,*,#1688,.T.);
#2361=ORIENTED_EDGE('',*,*,#1751,.T.);
#2362=ORIENTED_EDGE('',*,*,#1755,.F.);
#2363=ORIENTED_EDGE('',*,*,#1681,.F.);
#2364=ORIENTED_EDGE('',*,*,#1756,.F.);
#2365=ORIENTED_EDGE('',*,*,#1724,.F.);
#2366=ORIENTED_EDGE('',*,*,#1757,.T.);
#2367=ORIENTED_EDGE('',*,*,#1634,.F.);
#2368=ORIENTED_EDGE('',*,*,#1652,.F.);
#2369=ORIENTED_EDGE('',*,*,#1758,.F.);
#2370=ORIENTED_EDGE('',*,*,#1759,.T.);
#2371=ORIENTED_EDGE('',*,*,#1760,.T.);
#2372=ORIENTED_EDGE('',*,*,#1650,.F.);
#2373=ORIENTED_EDGE('',*,*,#1631,.F.);
#2374=ORIENTED_EDGE('',*,*,#1636,.T.);
#2375=ORIENTED_EDGE('',*,*,#1761,.T.);
#2376=ORIENTED_EDGE('',*,*,#1646,.F.);
#2377=ORIENTED_EDGE('',*,*,#1653,.F.);
#2378=ORIENTED_EDGE('',*,*,#1757,.F.);
#2379=ORIENTED_EDGE('',*,*,#1762,.F.);
#2380=ORIENTED_EDGE('',*,*,#1763,.F.);
#2381=ORIENTED_EDGE('',*,*,#1647,.F.);
#2382=ORIENTED_EDGE('',*,*,#1761,.F.);
#2383=ORIENTED_EDGE('',*,*,#1635,.F.);
#2384=ORIENTED_EDGE('',*,*,#1764,.F.);
#2385=ORIENTED_EDGE('',*,*,#1765,.F.);
#2386=ORIENTED_EDGE('',*,*,#1759,.F.);
#2387=ORIENTED_EDGE('',*,*,#1630,.F.);
#2388=ORIENTED_EDGE('',*,*,#1640,.F.);
#2389=ORIENTED_EDGE('',*,*,#1766,.F.);
#2390=ORIENTED_EDGE('',*,*,#1767,.F.);
#2391=ORIENTED_EDGE('',*,*,#1768,.F.);
#2392=ORIENTED_EDGE('',*,*,#1769,.F.);
#2393=ORIENTED_EDGE('',*,*,#1770,.F.);
#2394=ORIENTED_EDGE('',*,*,#1763,.T.);
#2395=ORIENTED_EDGE('',*,*,#1771,.F.);
#2396=ORIENTED_EDGE('',*,*,#1694,.F.);
#2397=ORIENTED_EDGE('',*,*,#1648,.F.);
#2398=ORIENTED_EDGE('',*,*,#1767,.T.);
#2399=ORIENTED_EDGE('',*,*,#1772,.F.);
#2400=ORIENTED_EDGE('',*,*,#1696,.F.);
#2401=ORIENTED_EDGE('',*,*,#1773,.T.);
#2402=ORIENTED_EDGE('',*,*,#1768,.T.);
#2403=ORIENTED_EDGE('',*,*,#1773,.F.);
#2404=ORIENTED_EDGE('',*,*,#1695,.F.);
#2405=ORIENTED_EDGE('',*,*,#1771,.T.);
#2406=ORIENTED_EDGE('',*,*,#1762,.T.);
#2407=ORIENTED_EDGE('',*,*,#1758,.T.);
#2408=ORIENTED_EDGE('',*,*,#1651,.F.);
#2409=ORIENTED_EDGE('',*,*,#1760,.F.);
#2410=ORIENTED_EDGE('',*,*,#1733,.F.);
#2411=ORIENTED_EDGE('',*,*,#1774,.T.);
#2412=ORIENTED_EDGE('',*,*,#1770,.T.);
#2413=ORIENTED_EDGE('',*,*,#1774,.F.);
#2414=ORIENTED_EDGE('',*,*,#1732,.F.);
#2415=ORIENTED_EDGE('',*,*,#1775,.T.);
#2416=ORIENTED_EDGE('',*,*,#1764,.T.);
#2417=ORIENTED_EDGE('',*,*,#1775,.F.);
#2418=ORIENTED_EDGE('',*,*,#1723,.F.);
#2419=ORIENTED_EDGE('',*,*,#1776,.T.);
#2420=ORIENTED_EDGE('',*,*,#1769,.T.);
#2421=ORIENTED_EDGE('',*,*,#1776,.F.);
#2422=ORIENTED_EDGE('',*,*,#1722,.F.);
#2423=ORIENTED_EDGE('',*,*,#1777,.T.);
#2424=ORIENTED_EDGE('',*,*,#1765,.T.);
#2425=ORIENTED_EDGE('',*,*,#1777,.F.);
#2426=ORIENTED_EDGE('',*,*,#1737,.F.);
#2427=ORIENTED_EDGE('',*,*,#1697,.F.);
#2428=ORIENTED_EDGE('',*,*,#1772,.T.);
#2429=ORIENTED_EDGE('',*,*,#1766,.T.);
#2430=ORIENTED_EDGE('',*,*,#1639,.T.);
#2431=ORIENTED_EDGE('',*,*,#1664,.T.);
#2432=ORIENTED_EDGE('',*,*,#1706,.F.);
#2433=ORIENTED_EDGE('',*,*,#1778,.T.);
#2434=ORIENTED_EDGE('',*,*,#1672,.F.);
#2435=ORIENTED_EDGE('',*,*,#1778,.F.);
#2436=ORIENTED_EDGE('',*,*,#1707,.F.);
#2437=ORIENTED_EDGE('',*,*,#1779,.T.);
#2438=ORIENTED_EDGE('',*,*,#1671,.F.);
#2439=ORIENTED_EDGE('',*,*,#1779,.F.);
#2440=ORIENTED_EDGE('',*,*,#1708,.F.);
#2441=ORIENTED_EDGE('',*,*,#1780,.T.);
#2442=ORIENTED_EDGE('',*,*,#1670,.F.);
#2443=ORIENTED_EDGE('',*,*,#1780,.F.);
#2444=ORIENTED_EDGE('',*,*,#1709,.F.);
#2445=ORIENTED_EDGE('',*,*,#1781,.T.);
#2446=ORIENTED_EDGE('',*,*,#1669,.F.);
#2447=ORIENTED_EDGE('',*,*,#1781,.F.);
#2448=ORIENTED_EDGE('',*,*,#1710,.F.);
#2449=ORIENTED_EDGE('',*,*,#1782,.T.);
#2450=ORIENTED_EDGE('',*,*,#1668,.F.);
#2451=ORIENTED_EDGE('',*,*,#1782,.F.);
#2452=ORIENTED_EDGE('',*,*,#1711,.F.);
#2453=ORIENTED_EDGE('',*,*,#1783,.T.);
#2454=ORIENTED_EDGE('',*,*,#1667,.F.);
#2455=ORIENTED_EDGE('',*,*,#1783,.F.);
#2456=ORIENTED_EDGE('',*,*,#1712,.F.);
#2457=ORIENTED_EDGE('',*,*,#1784,.T.);
#2458=ORIENTED_EDGE('',*,*,#1666,.F.);
#2459=ORIENTED_EDGE('',*,*,#1784,.F.);
#2460=ORIENTED_EDGE('',*,*,#1713,.F.);
#2461=ORIENTED_EDGE('',*,*,#1785,.T.);
#2462=ORIENTED_EDGE('',*,*,#1665,.F.);
#2463=ORIENTED_EDGE('',*,*,#1785,.F.);
#2464=ORIENTED_EDGE('',*,*,#1642,.F.);
#2465=ORIENTED_EDGE('',*,*,#1705,.F.);
#2466=ORIENTED_EDGE('',*,*,#1691,.F.);
#2467=ORIENTED_EDGE('',*,*,#1654,.T.);
#2468=ORIENTED_EDGE('',*,*,#1735,.F.);
#2469=ORIENTED_EDGE('',*,*,#1660,.T.);
#2470=ORIENTED_EDGE('',*,*,#1740,.F.);
#2471=ORIENTED_EDGE('',*,*,#1701,.F.);
#2472=ORIENTED_EDGE('',*,*,#1786,.F.);
#2473=ORIENTED_EDGE('',*,*,#1787,.T.);
#2474=ORIENTED_EDGE('',*,*,#1788,.F.);
#2475=ORIENTED_EDGE('',*,*,#1787,.F.);
#2476=ORIENTED_EDGE('',*,*,#1789,.F.);
#2477=ORIENTED_EDGE('',*,*,#1790,.T.);
#2478=ORIENTED_EDGE('',*,*,#1791,.F.);
#2479=ORIENTED_EDGE('',*,*,#1790,.F.);
#2480=ORIENTED_EDGE('',*,*,#1792,.F.);
#2481=ORIENTED_EDGE('',*,*,#1793,.T.);
#2482=ORIENTED_EDGE('',*,*,#1794,.F.);
#2483=ORIENTED_EDGE('',*,*,#1793,.F.);
#2484=ORIENTED_EDGE('',*,*,#1795,.F.);
#2485=ORIENTED_EDGE('',*,*,#1796,.T.);
#2486=ORIENTED_EDGE('',*,*,#1797,.F.);
#2487=ORIENTED_EDGE('',*,*,#1796,.F.);
#2488=ORIENTED_EDGE('',*,*,#1798,.F.);
#2489=ORIENTED_EDGE('',*,*,#1799,.T.);
#2490=ORIENTED_EDGE('',*,*,#1800,.F.);
#2491=ORIENTED_EDGE('',*,*,#1799,.F.);
#2492=ORIENTED_EDGE('',*,*,#1801,.F.);
#2493=ORIENTED_EDGE('',*,*,#1802,.T.);
#2494=ORIENTED_EDGE('',*,*,#1803,.T.);
#2495=ORIENTED_EDGE('',*,*,#1802,.F.);
#2496=ORIENTED_EDGE('',*,*,#1801,.T.);
#2497=ORIENTED_EDGE('',*,*,#1786,.T.);
#2498=ORIENTED_EDGE('',*,*,#1789,.T.);
#2499=ORIENTED_EDGE('',*,*,#1792,.T.);
#2500=ORIENTED_EDGE('',*,*,#1795,.T.);
#2501=ORIENTED_EDGE('',*,*,#1798,.T.);
#2502=ORIENTED_EDGE('',*,*,#1803,.F.);
#2503=ORIENTED_EDGE('',*,*,#1788,.T.);
#2504=ORIENTED_EDGE('',*,*,#1791,.T.);
#2505=ORIENTED_EDGE('',*,*,#1794,.T.);
#2506=ORIENTED_EDGE('',*,*,#1797,.T.);
#2507=ORIENTED_EDGE('',*,*,#1800,.T.);
#2508=CYLINDRICAL_SURFACE('',#2870,3.25);
#2509=CYLINDRICAL_SURFACE('',#2873,1.55);
#2510=CYLINDRICAL_SURFACE('',#2876,1.55);
#2511=CYLINDRICAL_SURFACE('',#2879,1.55);
#2512=CYLINDRICAL_SURFACE('',#2882,1.55);
#2513=CYLINDRICAL_SURFACE('',#2885,10.);
#2514=CYLINDRICAL_SURFACE('',#2892,3.);
#2515=CYLINDRICAL_SURFACE('',#2907,3.);
#2516=CYLINDRICAL_SURFACE('',#2912,1.05);
#2517=CYLINDRICAL_SURFACE('',#2914,0.7835);
#2518=CYLINDRICAL_SURFACE('',#2916,0.7835);
#2519=CYLINDRICAL_SURFACE('',#2918,0.7835);
#2520=CYLINDRICAL_SURFACE('',#2920,3.);
#2521=CYLINDRICAL_SURFACE('',#2923,3.);
#2522=CYLINDRICAL_SURFACE('',#2925,24.);
#2523=CYLINDRICAL_SURFACE('',#2928,1.05);
#2524=CYLINDRICAL_SURFACE('',#2931,1.05);
#2525=CYLINDRICAL_SURFACE('',#2934,10.5);
#2526=CYLINDRICAL_SURFACE('',#2944,1.05);
#2527=CYLINDRICAL_SURFACE('',#2951,3.25);
#2528=CYLINDRICAL_SURFACE('',#2954,1.55);
#2529=CYLINDRICAL_SURFACE('',#2957,1.55);
#2530=CYLINDRICAL_SURFACE('',#2960,1.55);
#2531=CYLINDRICAL_SURFACE('',#2963,1.55);
#2532=CYLINDRICAL_SURFACE('',#2966,10.);
#2533=CYLINDRICAL_SURFACE('',#2985,1.55);
#2534=CYLINDRICAL_SURFACE('',#2988,1.55);
#2535=CYLINDRICAL_SURFACE('',#2991,1.55);
#2536=CYLINDRICAL_SURFACE('',#2994,1.55);
#2537=CYLINDRICAL_SURFACE('',#2997,1.55);
#2538=CYLINDRICAL_SURFACE('',#3003,2.25);
#2539=CYLINDRICAL_SURFACE('',#3005,1.05);
#2540=CYLINDRICAL_SURFACE('',#3010,2.25);
#2541=CYLINDRICAL_SURFACE('',#3012,1.05);
#2542=CYLINDRICAL_SURFACE('',#3017,2.25);
#2543=CYLINDRICAL_SURFACE('',#3019,1.05);
#2544=CYLINDRICAL_SURFACE('',#3024,2.25);
#2545=CYLINDRICAL_SURFACE('',#3026,1.05);
#2546=CYLINDRICAL_SURFACE('',#3028,10.5);
#2547=CYLINDRICAL_SURFACE('',#3032,25.);
#2548=CYLINDRICAL_SURFACE('',#3040,1.2295);
#2549=CYLINDRICAL_SURFACE('',#3043,1.2295);
#2550=CYLINDRICAL_SURFACE('',#3046,1.2295);
#2551=CYLINDRICAL_SURFACE('',#3049,1.2295);
#2552=CYLINDRICAL_SURFACE('',#3052,1.2295);
#2553=CYLINDRICAL_SURFACE('',#3055,1.05);
#2554=CYLINDRICAL_SURFACE('',#3058,1.05);
#2555=CYLINDRICAL_SURFACE('',#3062,2.);
#2556=CYLINDRICAL_SURFACE('',#3090,2.);
#2557=CYLINDRICAL_SURFACE('',#3120,2.);
#2558=CYLINDRICAL_SURFACE('',#3122,2.);
#2559=CYLINDRICAL_SURFACE('',#3123,2.);
#2560=CYLINDRICAL_SURFACE('',#3124,25.);
#2561=CYLINDRICAL_SURFACE('',#3125,2.);
#2562=CYLINDRICAL_SURFACE('',#3126,2.);
#2563=CYLINDRICAL_SURFACE('',#3128,2.);
#2564=CYLINDRICAL_SURFACE('',#3130,2.);
#2565=CYLINDRICAL_SURFACE('',#3132,2.);
#2566=CYLINDRICAL_SURFACE('',#3134,2.);
#2567=CYLINDRICAL_SURFACE('',#3136,2.);
#2568=CYLINDRICAL_SURFACE('',#3138,2.);
#2569=CYLINDRICAL_SURFACE('',#3140,2.);
#2570=CYLINDRICAL_SURFACE('',#3155,11.6845367901342);
#2571=CYLINDRICAL_SURFACE('',#3156,1.05);
#2572=CYLINDRICAL_SURFACE('',#3157,1.05);
#2573=CYLINDRICAL_SURFACE('',#3158,1.05);
#2574=CYLINDRICAL_SURFACE('',#3159,1.05);
#2575=CYLINDRICAL_SURFACE('',#3161,1.55);
#2576=CYLINDRICAL_SURFACE('',#3162,1.55);
#2577=CYLINDRICAL_SURFACE('',#3163,1.55);
#2578=CYLINDRICAL_SURFACE('',#3164,1.55);
#2579=CYLINDRICAL_SURFACE('',#3165,1.55);
#2580=CYLINDRICAL_SURFACE('',#3166,1.55);
#2581=CYLINDRICAL_SURFACE('',#3167,1.55);
#2582=CYLINDRICAL_SURFACE('',#3168,1.55);
#2583=CYLINDRICAL_SURFACE('',#3172,3.25);
#2584=CYLINDRICAL_SURFACE('',#3175,1.55);
#2585=CYLINDRICAL_SURFACE('',#3178,1.55);
#2586=CYLINDRICAL_SURFACE('',#3181,1.55);
#2587=CYLINDRICAL_SURFACE('',#3184,1.55);
#2588=CYLINDRICAL_SURFACE('',#3187,10.);
#2589=ADVANCED_FACE('',(#310),#2508,.F.);
#2590=ADVANCED_FACE('',(#311),#2509,.F.);
#2591=ADVANCED_FACE('',(#312),#2510,.F.);
#2592=ADVANCED_FACE('',(#313),#2511,.F.);
#2593=ADVANCED_FACE('',(#314),#2512,.F.);
#2594=ADVANCED_FACE('',(#315),#2513,.T.);
#2595=ADVANCED_FACE('',(#316,#155,#156,#157,#158,#159),#257,.T.);
#2596=ADVANCED_FACE('',(#317,#160,#161,#162,#163,#164),#258,.F.);
#2597=ADVANCED_FACE('',(#318),#2514,.T.);
#2598=ADVANCED_FACE('',(#319),#259,.T.);
#2599=ADVANCED_FACE('',(#320,#165,#166,#167),#260,.T.);
#2600=ADVANCED_FACE('',(#321),#2515,.T.);
#2601=ADVANCED_FACE('',(#322),#261,.T.);
#2602=ADVANCED_FACE('',(#323),#262,.F.);
#2603=ADVANCED_FACE('',(#324),#263,.F.);
#2604=ADVANCED_FACE('',(#325),#2516,.F.);
#2605=ADVANCED_FACE('',(#326),#2517,.F.);
#2606=ADVANCED_FACE('',(#327),#2518,.F.);
#2607=ADVANCED_FACE('',(#328),#2519,.F.);
#2608=ADVANCED_FACE('',(#329),#2520,.F.);
#2609=ADVANCED_FACE('',(#330),#264,.F.);
#2610=ADVANCED_FACE('',(#331),#2521,.F.);
#2611=ADVANCED_FACE('',(#332),#2522,.T.);
#2612=ADVANCED_FACE('',(#333),#265,.F.);
#2613=ADVANCED_FACE('',(#334),#2523,.F.);
#2614=ADVANCED_FACE('',(#335),#2524,.F.);
#2615=ADVANCED_FACE('',(#336),#2525,.F.);
#2616=ADVANCED_FACE('',(#337),#266,.F.);
#2617=ADVANCED_FACE('',(#338),#267,.F.);
#2618=ADVANCED_FACE('',(#339,#168),#268,.T.);
#2619=ADVANCED_FACE('',(#340),#269,.F.);
#2620=ADVANCED_FACE('',(#341),#270,.F.);
#2621=ADVANCED_FACE('',(#342),#2526,.F.);
#2622=ADVANCED_FACE('',(#343,#169),#271,.T.);
#2623=ADVANCED_FACE('',(#344,#170,#171,#172,#173,#174),#272,.F.);
#2624=ADVANCED_FACE('',(#345),#2527,.F.);
#2625=ADVANCED_FACE('',(#346),#2528,.F.);
#2626=ADVANCED_FACE('',(#347),#2529,.F.);
#2627=ADVANCED_FACE('',(#348),#2530,.F.);
#2628=ADVANCED_FACE('',(#349),#2531,.F.);
#2629=ADVANCED_FACE('',(#350),#2532,.T.);
#2630=ADVANCED_FACE('',(#351,#175,#176,#177,#178,#179),#273,.T.);
#2631=ADVANCED_FACE('',(#352,#180,#181,#182,#183,#184),#274,.F.);
#2632=ADVANCED_FACE('',(#353),#2533,.F.);
#2633=ADVANCED_FACE('',(#354),#2534,.F.);
#2634=ADVANCED_FACE('',(#355),#2535,.F.);
#2635=ADVANCED_FACE('',(#356),#2536,.F.);
#2636=ADVANCED_FACE('',(#357),#2537,.F.);
#2637=ADVANCED_FACE('',(#358,#185),#275,.T.);
#2638=ADVANCED_FACE('',(#359),#2538,.F.);
#2639=ADVANCED_FACE('',(#360),#2539,.F.);
#2640=ADVANCED_FACE('',(#361,#186),#276,.T.);
#2641=ADVANCED_FACE('',(#362),#2540,.F.);
#2642=ADVANCED_FACE('',(#363),#2541,.F.);
#2643=ADVANCED_FACE('',(#364,#187),#277,.T.);
#2644=ADVANCED_FACE('',(#365),#2542,.F.);
#2645=ADVANCED_FACE('',(#366),#2543,.F.);
#2646=ADVANCED_FACE('',(#367,#188),#278,.T.);
#2647=ADVANCED_FACE('',(#368),#2544,.F.);
#2648=ADVANCED_FACE('',(#369),#2545,.F.);
#2649=ADVANCED_FACE('',(#370),#2546,.F.);
#2650=ADVANCED_FACE('',(#371),#279,.T.);
#2651=ADVANCED_FACE('',(#372),#2547,.T.);
#2652=ADVANCED_FACE('',(#373),#280,.T.);
#2653=ADVANCED_FACE('',(#374),#281,.T.);
#2654=ADVANCED_FACE('',(#375,#189,#190,#191,#192,#193,#194,#195,#196,#197,
#198),#282,.T.);
#2655=ADVANCED_FACE('',(#376,#199,#200,#201,#202,#203,#204,#205,#206,#207,
#208),#283,.F.);
#2656=ADVANCED_FACE('',(#377),#2548,.F.);
#2657=ADVANCED_FACE('',(#378),#2549,.F.);
#2658=ADVANCED_FACE('',(#379),#2550,.F.);
#2659=ADVANCED_FACE('',(#380),#2551,.F.);
#2660=ADVANCED_FACE('',(#381),#2552,.F.);
#2661=ADVANCED_FACE('',(#382),#2553,.F.);
#2662=ADVANCED_FACE('',(#383),#2554,.F.);
#2663=ADVANCED_FACE('',(#384),#284,.F.);
#2664=ADVANCED_FACE('',(#385),#2555,.T.);
#2665=ADVANCED_FACE('',(#386),#285,.T.);
#2666=ADVANCED_FACE('',(#387,#209,#210,#211,#212,#213,#214,#215,#216,#217,
#218,#219,#220,#221,#222,#223),#286,.F.);
#2667=ADVANCED_FACE('',(#388),#2556,.T.);
#2668=ADVANCED_FACE('',(#389),#287,.T.);
#2669=ADVANCED_FACE('',(#390,#224,#225,#226,#227,#228,#229,#230,#231,#232,
#233,#234,#235,#236,#237,#238,#239,#240,#241,#242),#288,.T.);
#2670=ADVANCED_FACE('',(#391),#2557,.T.);
#2671=ADVANCED_FACE('',(#392),#289,.T.);
#2672=ADVANCED_FACE('',(#393),#2558,.T.);
#2673=ADVANCED_FACE('',(#394),#2559,.F.);
#2674=ADVANCED_FACE('',(#395),#2560,.T.);
#2675=ADVANCED_FACE('',(#396),#2561,.F.);
#2676=ADVANCED_FACE('',(#397),#2562,.F.);
#2677=ADVANCED_FACE('',(#398),#290,.F.);
#2678=ADVANCED_FACE('',(#399),#2563,.F.);
#2679=ADVANCED_FACE('',(#400),#291,.F.);
#2680=ADVANCED_FACE('',(#401),#2564,.F.);
#2681=ADVANCED_FACE('',(#402),#292,.F.);
#2682=ADVANCED_FACE('',(#403),#2565,.F.);
#2683=ADVANCED_FACE('',(#404),#293,.F.);
#2684=ADVANCED_FACE('',(#405),#2566,.F.);
#2685=ADVANCED_FACE('',(#406),#294,.F.);
#2686=ADVANCED_FACE('',(#407),#2567,.F.);
#2687=ADVANCED_FACE('',(#408),#295,.F.);
#2688=ADVANCED_FACE('',(#409),#2568,.F.);
#2689=ADVANCED_FACE('',(#410),#296,.F.);
#2690=ADVANCED_FACE('',(#411),#2569,.F.);
#2691=ADVANCED_FACE('',(#412),#297,.F.);
#2692=ADVANCED_FACE('',(#413),#298,.T.);
#2693=ADVANCED_FACE('',(#414),#299,.T.);
#2694=ADVANCED_FACE('',(#415),#300,.F.);
#2695=ADVANCED_FACE('',(#416,#243,#244),#301,.T.);
#2696=ADVANCED_FACE('',(#417,#245,#246),#302,.T.);
#2697=ADVANCED_FACE('',(#418),#303,.F.);
#2698=ADVANCED_FACE('',(#419),#304,.F.);
#2699=ADVANCED_FACE('',(#420),#2570,.F.);
#2700=ADVANCED_FACE('',(#421),#2571,.F.);
#2701=ADVANCED_FACE('',(#422),#2572,.F.);
#2702=ADVANCED_FACE('',(#423),#2573,.F.);
#2703=ADVANCED_FACE('',(#424),#2574,.F.);
#2704=ADVANCED_FACE('',(#425),#305,.T.);
#2705=ADVANCED_FACE('',(#426),#2575,.F.);
#2706=ADVANCED_FACE('',(#427),#2576,.F.);
#2707=ADVANCED_FACE('',(#428),#2577,.F.);
#2708=ADVANCED_FACE('',(#429),#2578,.F.);
#2709=ADVANCED_FACE('',(#430),#2579,.F.);
#2710=ADVANCED_FACE('',(#431),#2580,.F.);
#2711=ADVANCED_FACE('',(#432),#2581,.F.);
#2712=ADVANCED_FACE('',(#433),#2582,.F.);
#2713=ADVANCED_FACE('',(#434),#306,.T.);
#2714=ADVANCED_FACE('',(#435),#307,.T.);
#2715=ADVANCED_FACE('',(#436),#2583,.F.);
#2716=ADVANCED_FACE('',(#437),#2584,.F.);
#2717=ADVANCED_FACE('',(#438),#2585,.F.);
#2718=ADVANCED_FACE('',(#439),#2586,.F.);
#2719=ADVANCED_FACE('',(#440),#2587,.F.);
#2720=ADVANCED_FACE('',(#441),#2588,.T.);
#2721=ADVANCED_FACE('',(#442,#247,#248,#249,#250,#251),#308,.T.);
#2722=ADVANCED_FACE('',(#443,#252,#253,#254,#255,#256),#309,.F.);
#2723=CLOSED_SHELL('',(#2589,#2590,#2591,#2592,#2593,#2594,#2595,#2596));
#2724=CLOSED_SHELL('',(#2597,#2598,#2599,#2600,#2601,#2602,#2603,#2604,
#2605,#2606,#2607,#2608,#2609,#2610,#2611,#2612,#2613,#2614,#2615,#2616,
#2617,#2618,#2619,#2620,#2621,#2622,#2623));
#2725=CLOSED_SHELL('',(#2624,#2625,#2626,#2627,#2628,#2629,#2630,#2631));
#2726=CLOSED_SHELL('',(#2632,#2633,#2634,#2635,#2636,#2637,#2638,#2639,
#2640,#2641,#2642,#2643,#2644,#2645,#2646,#2647,#2648,#2649,#2650,#2651,
#2652,#2653,#2654,#2655));
#2727=CLOSED_SHELL('',(#2656,#2657,#2658,#2659,#2660,#2661,#2662,#2663,
#2664,#2665,#2666,#2667,#2668,#2669,#2670,#2671,#2672,#2673,#2674,#2675,
#2676,#2677,#2678,#2679,#2680,#2681,#2682,#2683,#2684,#2685,#2686,#2687,
#2688,#2689,#2690,#2691,#2692,#2693,#2694,#2695,#2696,#2697,#2698,#2699,
#2700,#2701,#2702,#2703,#2704,#2705,#2706,#2707,#2708,#2709,#2710,#2711,
#2712,#2713,#2714));
#2728=CLOSED_SHELL('',(#2715,#2716,#2717,#2718,#2719,#2720,#2721,#2722));
#2729=DERIVED_UNIT_ELEMENT(#2742,1.);
#2730=DERIVED_UNIT_ELEMENT(#4857,-3.);
#2731=DERIVED_UNIT_ELEMENT(#2742,1.);
#2732=DERIVED_UNIT_ELEMENT(#4857,-3.);
#2733=DERIVED_UNIT_ELEMENT(#2742,1.);
#2734=DERIVED_UNIT_ELEMENT(#4857,-3.);
#2735=DERIVED_UNIT_ELEMENT(#2742,1.);
#2736=DERIVED_UNIT_ELEMENT(#4857,-3.);
#2737=DERIVED_UNIT_ELEMENT(#2742,1.);
#2738=DERIVED_UNIT_ELEMENT(#4857,-3.);
#2739=DERIVED_UNIT_ELEMENT(#2742,1.);
#2740=DERIVED_UNIT_ELEMENT(#4857,-3.);
#2741=DIMENSIONAL_EXPONENTS(0.,1.,0.,0.,0.,0.,0.);
#2742=(
CONVERSION_BASED_UNIT('gram',#2744)
MASS_UNIT()
NAMED_UNIT(#2741)
);
#2743=(
MASS_UNIT()
NAMED_UNIT(*)
SI_UNIT(.KILO.,.GRAM.)
);
#2744=MASS_MEASURE_WITH_UNIT(MASS_MEASURE(0.001),#2743);
#2745=DERIVED_UNIT((#2729,#2730));
#2746=DERIVED_UNIT((#2731,#2732));
#2747=DERIVED_UNIT((#2733,#2734));
#2748=DERIVED_UNIT((#2735,#2736));
#2749=DERIVED_UNIT((#2737,#2738));
#2750=DERIVED_UNIT((#2739,#2740));
#2751=MEASURE_REPRESENTATION_ITEM('density measure',
POSITIVE_RATIO_MEASURE(2.7),#2745);
#2752=MEASURE_REPRESENTATION_ITEM('density measure',
POSITIVE_RATIO_MEASURE(2.7),#2746);
#2753=MEASURE_REPRESENTATION_ITEM('density measure',
POSITIVE_RATIO_MEASURE(2.7),#2747);
#2754=MEASURE_REPRESENTATION_ITEM('density measure',
POSITIVE_RATIO_MEASURE(2.7),#2748);
#2755=MEASURE_REPRESENTATION_ITEM('density measure',
POSITIVE_RATIO_MEASURE(2.7),#2749);
#2756=MEASURE_REPRESENTATION_ITEM('density measure',
POSITIVE_RATIO_MEASURE(2.7),#2750);
#2757=PROPERTY_DEFINITION_REPRESENTATION(#2787,#2769);
#2758=PROPERTY_DEFINITION_REPRESENTATION(#2788,#2770);
#2759=PROPERTY_DEFINITION_REPRESENTATION(#2789,#2771);
#2760=PROPERTY_DEFINITION_REPRESENTATION(#2790,#2772);
#2761=PROPERTY_DEFINITION_REPRESENTATION(#2791,#2773);
#2762=PROPERTY_DEFINITION_REPRESENTATION(#2792,#2774);
#2763=PROPERTY_DEFINITION_REPRESENTATION(#2793,#2775);
#2764=PROPERTY_DEFINITION_REPRESENTATION(#2794,#2776);
#2765=PROPERTY_DEFINITION_REPRESENTATION(#2795,#2777);
#2766=PROPERTY_DEFINITION_REPRESENTATION(#2796,#2778);
#2767=PROPERTY_DEFINITION_REPRESENTATION(#2797,#2779);
#2768=PROPERTY_DEFINITION_REPRESENTATION(#2798,#2780);
#2769=REPRESENTATION('material name',(#2781),#4846);
#2770=REPRESENTATION('density',(#2751),#4846);
#2771=REPRESENTATION('material name',(#2782),#4848);
#2772=REPRESENTATION('density',(#2752),#4848);
#2773=REPRESENTATION('material name',(#2783),#4850);
#2774=REPRESENTATION('density',(#2753),#4850);
#2775=REPRESENTATION('material name',(#2784),#4852);
#2776=REPRESENTATION('density',(#2754),#4852);
#2777=REPRESENTATION('material name',(#2785),#4853);
#2778=REPRESENTATION('density',(#2755),#4853);
#2779=REPRESENTATION('material name',(#2786),#4854);
#2780=REPRESENTATION('density',(#2756),#4854);
#2781=DESCRIPTIVE_REPRESENTATION_ITEM('\X2\30A230EB30DF30CB30A630E0\X0\ 
6061','\X2\30A230EB30DF30CB30A630E0\X0\ 6061');
#2782=DESCRIPTIVE_REPRESENTATION_ITEM('\X2\30A230EB30DF30CB30A630E0\X0\ 
6061','\X2\30A230EB30DF30CB30A630E0\X0\ 6061');
#2783=DESCRIPTIVE_REPRESENTATION_ITEM('\X2\30A230EB30DF30CB30A630E0\X0\ 
6061','\X2\30A230EB30DF30CB30A630E0\X0\ 6061');
#2784=DESCRIPTIVE_REPRESENTATION_ITEM('\X2\30A230EB30DF30CB30A630E0\X0\ 
6061','\X2\30A230EB30DF30CB30A630E0\X0\ 6061');
#2785=DESCRIPTIVE_REPRESENTATION_ITEM('\X2\30A230EB30DF30CB30A630E0\X0\ 
6061','\X2\30A230EB30DF30CB30A630E0\X0\ 6061');
#2786=DESCRIPTIVE_REPRESENTATION_ITEM('\X2\30A230EB30DF30CB30A630E0\X0\ 
6061','\X2\30A230EB30DF30CB30A630E0\X0\ 6061');
#2787=PROPERTY_DEFINITION('material property','material name',#4922);
#2788=PROPERTY_DEFINITION('material property','density of part',#4922);
#2789=PROPERTY_DEFINITION('material property','material name',#4924);
#2790=PROPERTY_DEFINITION('material property','density of part',#4924);
#2791=PROPERTY_DEFINITION('material property','material name',#4926);
#2792=PROPERTY_DEFINITION('material property','density of part',#4926);
#2793=PROPERTY_DEFINITION('material property','material name',#4928);
#2794=PROPERTY_DEFINITION('material property','density of part',#4928);
#2795=PROPERTY_DEFINITION('material property','material name',#4929);
#2796=PROPERTY_DEFINITION('material property','density of part',#4929);
#2797=PROPERTY_DEFINITION('material property','material name',#4930);
#2798=PROPERTY_DEFINITION('material property','density of part',#4930);
#2799=PRESENTATION_STYLE_ASSIGNMENT((#2800));
#2800=SURFACE_STYLE_USAGE(.BOTH.,#2803);
#2801=SURFACE_STYLE_RENDERING_WITH_PROPERTIES($,#2807,(#2802));
#2802=SURFACE_STYLE_TRANSPARENT(0.);
#2803=SURFACE_SIDE_STYLE('',(#2804,#2801));
#2804=SURFACE_STYLE_FILL_AREA(#2805);
#2805=FILL_AREA_STYLE('',(#2806));
#2806=FILL_AREA_STYLE_COLOUR('',#2807);
#2807=COLOUR_RGB('',0.996078431372549,0.996078431372549,1.);
#2808=DATE_TIME_ROLE('creation_date');
#2809=DATE_TIME_ROLE('creation_date');
#2810=DATE_TIME_ROLE('creation_date');
#2811=DATE_TIME_ROLE('creation_date');
#2812=DATE_TIME_ROLE('creation_date');
#2813=DATE_TIME_ROLE('creation_date');
#2814=DATE_TIME_ROLE('creation_date');
#2815=DATE_TIME_ROLE('creation_date');
#2816=DATE_TIME_ROLE('creation_date');
#2817=DATE_TIME_ROLE('creation_date');
#2818=APPLIED_DATE_AND_TIME_ASSIGNMENT(#2828,#2808,(#4921));
#2819=APPLIED_DATE_AND_TIME_ASSIGNMENT(#2829,#2809,(#4922));
#2820=APPLIED_DATE_AND_TIME_ASSIGNMENT(#2830,#2810,(#4923));
#2821=APPLIED_DATE_AND_TIME_ASSIGNMENT(#2831,#2811,(#4924));
#2822=APPLIED_DATE_AND_TIME_ASSIGNMENT(#2832,#2812,(#4925));
#2823=APPLIED_DATE_AND_TIME_ASSIGNMENT(#2833,#2813,(#4926));
#2824=APPLIED_DATE_AND_TIME_ASSIGNMENT(#2834,#2814,(#4927));
#2825=APPLIED_DATE_AND_TIME_ASSIGNMENT(#2835,#2815,(#4928));
#2826=APPLIED_DATE_AND_TIME_ASSIGNMENT(#2836,#2816,(#4929));
#2827=APPLIED_DATE_AND_TIME_ASSIGNMENT(#2837,#2817,(#4930));
#2828=DATE_AND_TIME(#2838,#2848);
#2829=DATE_AND_TIME(#2839,#2849);
#2830=DATE_AND_TIME(#2840,#2850);
#2831=DATE_AND_TIME(#2841,#2851);
#2832=DATE_AND_TIME(#2842,#2852);
#2833=DATE_AND_TIME(#2843,#2853);
#2834=DATE_AND_TIME(#2844,#2854);
#2835=DATE_AND_TIME(#2845,#2855);
#2836=DATE_AND_TIME(#2846,#2856);
#2837=DATE_AND_TIME(#2847,#2857);
#2838=CALENDAR_DATE(2025,27,4);
#2839=CALENDAR_DATE(2023,10,11);
#2840=CALENDAR_DATE(2025,27,4);
#2841=CALENDAR_DATE(2023,10,11);
#2842=CALENDAR_DATE(2025,27,4);
#2843=CALENDAR_DATE(2023,10,11);
#2844=CALENDAR_DATE(2025,27,4);
#2845=CALENDAR_DATE(2023,14,11);
#2846=CALENDAR_DATE(2023,14,11);
#2847=CALENDAR_DATE(2023,10,11);
#2848=LOCAL_TIME(0,0,0.,#2858);
#2849=LOCAL_TIME(0,0,0.,#2859);
#2850=LOCAL_TIME(0,0,0.,#2860);
#2851=LOCAL_TIME(0,0,0.,#2861);
#2852=LOCAL_TIME(0,0,0.,#2862);
#2853=LOCAL_TIME(0,0,0.,#2863);
#2854=LOCAL_TIME(0,0,0.,#2864);
#2855=LOCAL_TIME(0,0,0.,#2865);
#2856=LOCAL_TIME(0,0,0.,#2866);
#2857=LOCAL_TIME(0,0,0.,#2867);
#2858=COORDINATED_UNIVERSAL_TIME_OFFSET(0,0,.BEHIND.);
#2859=COORDINATED_UNIVERSAL_TIME_OFFSET(0,0,.BEHIND.);
#2860=COORDINATED_UNIVERSAL_TIME_OFFSET(0,0,.BEHIND.);
#2861=COORDINATED_UNIVERSAL_TIME_OFFSET(0,0,.BEHIND.);
#2862=COORDINATED_UNIVERSAL_TIME_OFFSET(0,0,.BEHIND.);
#2863=COORDINATED_UNIVERSAL_TIME_OFFSET(0,0,.BEHIND.);
#2864=COORDINATED_UNIVERSAL_TIME_OFFSET(0,0,.BEHIND.);
#2865=COORDINATED_UNIVERSAL_TIME_OFFSET(0,0,.BEHIND.);
#2866=COORDINATED_UNIVERSAL_TIME_OFFSET(0,0,.BEHIND.);
#2867=COORDINATED_UNIVERSAL_TIME_OFFSET(0,0,.BEHIND.);
#2868=AXIS2_PLACEMENT_3D('',#4074,#3208,#3209);
#2869=AXIS2_PLACEMENT_3D('',#4075,#3210,#3211);
#2870=AXIS2_PLACEMENT_3D('',#4076,#3212,#3213);
#2871=AXIS2_PLACEMENT_3D('',#4078,#3214,#3215);
#2872=AXIS2_PLACEMENT_3D('',#4081,#3217,#3218);
#2873=AXIS2_PLACEMENT_3D('',#4082,#3219,#3220);
#2874=AXIS2_PLACEMENT_3D('',#4084,#3221,#3222);
#2875=AXIS2_PLACEMENT_3D('',#4087,#3224,#3225);
#2876=AXIS2_PLACEMENT_3D('',#4088,#3226,#3227);
#2877=AXIS2_PLACEMENT_3D('',#4090,#3228,#3229);
#2878=AXIS2_PLACEMENT_3D('',#4093,#3231,#3232);
#2879=AXIS2_PLACEMENT_3D('',#4094,#3233,#3234);
#2880=AXIS2_PLACEMENT_3D('',#4096,#3235,#3236);
#2881=AXIS2_PLACEMENT_3D('',#4099,#3238,#3239);
#2882=AXIS2_PLACEMENT_3D('',#4100,#3240,#3241);
#2883=AXIS2_PLACEMENT_3D('',#4102,#3242,#3243);
#2884=AXIS2_PLACEMENT_3D('',#4105,#3245,#3246);
#2885=AXIS2_PLACEMENT_3D('',#4106,#3247,#3248);
#2886=AXIS2_PLACEMENT_3D('',#4108,#3249,#3250);
#2887=AXIS2_PLACEMENT_3D('',#4111,#3252,#3253);
#2888=AXIS2_PLACEMENT_3D('',#4112,#3254,#3255);
#2889=AXIS2_PLACEMENT_3D('',#4113,#3256,#3257);
#2890=AXIS2_PLACEMENT_3D('',#4114,#3258,#3259);
#2891=AXIS2_PLACEMENT_3D('',#4115,#3260,#3261);
#2892=AXIS2_PLACEMENT_3D('',#4116,#3262,#3263);
#2893=AXIS2_PLACEMENT_3D('',#4119,#3264,#3265);
#2894=AXIS2_PLACEMENT_3D('',#4125,#3268,#3269);
#2895=AXIS2_PLACEMENT_3D('',#4127,#3271,#3272);
#2896=AXIS2_PLACEMENT_3D('',#4133,#3276,#3277);
#2897=AXIS2_PLACEMENT_3D('',#4137,#3279,#3280);
#2898=AXIS2_PLACEMENT_3D('',#4139,#3281,#3282);
#2899=AXIS2_PLACEMENT_3D('',#4141,#3283,#3284);
#2900=AXIS2_PLACEMENT_3D('',#4145,#3286,#3287);
#2901=AXIS2_PLACEMENT_3D('',#4149,#3289,#3290);
#2902=AXIS2_PLACEMENT_3D('',#4153,#3292,#3293);
#2903=AXIS2_PLACEMENT_3D('',#4157,#3295,#3296);
#2904=AXIS2_PLACEMENT_3D('',#4160,#3298,#3299);
#2905=AXIS2_PLACEMENT_3D('',#4162,#3300,#3301);
#2906=AXIS2_PLACEMENT_3D('',#4164,#3302,#3303);
#2907=AXIS2_PLACEMENT_3D('',#4165,#3304,#3305);
#2908=AXIS2_PLACEMENT_3D('',#4168,#3306,#3307);
#2909=AXIS2_PLACEMENT_3D('',#4173,#3311,#3312);
#2910=AXIS2_PLACEMENT_3D('',#4179,#3316,#3317);
#2911=AXIS2_PLACEMENT_3D('',#4185,#3321,#3322);
#2912=AXIS2_PLACEMENT_3D('',#4191,#3326,#3327);
#2913=AXIS2_PLACEMENT_3D('',#4194,#3329,#3330);
#2914=AXIS2_PLACEMENT_3D('',#4195,#3331,#3332);
#2915=AXIS2_PLACEMENT_3D('',#4198,#3334,#3335);
#2916=AXIS2_PLACEMENT_3D('',#4199,#3336,#3337);
#2917=AXIS2_PLACEMENT_3D('',#4202,#3339,#3340);
#2918=AXIS2_PLACEMENT_3D('',#4203,#3341,#3342);
#2919=AXIS2_PLACEMENT_3D('',#4206,#3344,#3345);
#2920=AXIS2_PLACEMENT_3D('',#4207,#3346,#3347);
#2921=AXIS2_PLACEMENT_3D('',#4211,#3349,#3350);
#2922=AXIS2_PLACEMENT_3D('',#4213,#3352,#3353);
#2923=AXIS2_PLACEMENT_3D('',#4215,#3355,#3356);
#2924=AXIS2_PLACEMENT_3D('',#4219,#3358,#3359);
#2925=AXIS2_PLACEMENT_3D('',#4221,#3361,#3362);
#2926=AXIS2_PLACEMENT_3D('',#4222,#3363,#3364);
#2927=AXIS2_PLACEMENT_3D('',#4223,#3365,#3366);
#2928=AXIS2_PLACEMENT_3D('',#4225,#3368,#3369);
#2929=AXIS2_PLACEMENT_3D('',#4227,#3370,#3371);
#2930=AXIS2_PLACEMENT_3D('',#4230,#3373,#3374);
#2931=AXIS2_PLACEMENT_3D('',#4231,#3375,#3376);
#2932=AXIS2_PLACEMENT_3D('',#4233,#3377,#3378);
#2933=AXIS2_PLACEMENT_3D('',#4236,#3380,#3381);
#2934=AXIS2_PLACEMENT_3D('',#4237,#3382,#3383);
#2935=AXIS2_PLACEMENT_3D('',#4239,#3384,#3385);
#2936=AXIS2_PLACEMENT_3D('',#4243,#3387,#3388);
#2937=AXIS2_PLACEMENT_3D('',#4246,#3390,#3391);
#2938=AXIS2_PLACEMENT_3D('',#4247,#3392,#3393);
#2939=AXIS2_PLACEMENT_3D('',#4250,#3396,#3397);
#2940=AXIS2_PLACEMENT_3D('',#4253,#3400,#3401);
#2941=AXIS2_PLACEMENT_3D('',#4256,#3403,#3404);
#2942=AXIS2_PLACEMENT_3D('',#4257,#3405,#3406);
#2943=AXIS2_PLACEMENT_3D('',#4259,#3408,#3409);
#2944=AXIS2_PLACEMENT_3D('',#4261,#3411,#3412);
#2945=AXIS2_PLACEMENT_3D('',#4262,#3413,#3414);
#2946=AXIS2_PLACEMENT_3D('',#4263,#3415,#3416);
#2947=AXIS2_PLACEMENT_3D('',#4264,#3417,#3418);
#2948=AXIS2_PLACEMENT_3D('',#4265,#3419,#3420);
#2949=AXIS2_PLACEMENT_3D('',#4266,#3421,#3422);
#2950=AXIS2_PLACEMENT_3D('',#4267,#3423,#3424);
#2951=AXIS2_PLACEMENT_3D('',#4268,#3425,#3426);
#2952=AXIS2_PLACEMENT_3D('',#4270,#3427,#3428);
#2953=AXIS2_PLACEMENT_3D('',#4273,#3430,#3431);
#2954=AXIS2_PLACEMENT_3D('',#4274,#3432,#3433);
#2955=AXIS2_PLACEMENT_3D('',#4276,#3434,#3435);
#2956=AXIS2_PLACEMENT_3D('',#4279,#3437,#3438);
#2957=AXIS2_PLACEMENT_3D('',#4280,#3439,#3440);
#2958=AXIS2_PLACEMENT_3D('',#4282,#3441,#3442);
#2959=AXIS2_PLACEMENT_3D('',#4285,#3444,#3445);
#2960=AXIS2_PLACEMENT_3D('',#4286,#3446,#3447);
#2961=AXIS2_PLACEMENT_3D('',#4288,#3448,#3449);
#2962=AXIS2_PLACEMENT_3D('',#4291,#3451,#3452);
#2963=AXIS2_PLACEMENT_3D('',#4292,#3453,#3454);
#2964=AXIS2_PLACEMENT_3D('',#4294,#3455,#3456);
#2965=AXIS2_PLACEMENT_3D('',#4297,#3458,#3459);
#2966=AXIS2_PLACEMENT_3D('',#4298,#3460,#3461);
#2967=AXIS2_PLACEMENT_3D('',#4300,#3462,#3463);
#2968=AXIS2_PLACEMENT_3D('',#4303,#3465,#3466);
#2969=AXIS2_PLACEMENT_3D('',#4304,#3467,#3468);
#2970=AXIS2_PLACEMENT_3D('',#4305,#3469,#3470);
#2971=AXIS2_PLACEMENT_3D('',#4306,#3471,#3472);
#2972=AXIS2_PLACEMENT_3D('',#4307,#3473,#3474);
#2973=AXIS2_PLACEMENT_3D('',#4308,#3475,#3476);
#2974=AXIS2_PLACEMENT_3D('',#4309,#3477,#3478);
#2975=AXIS2_PLACEMENT_3D('',#4310,#3479,#3480);
#2976=AXIS2_PLACEMENT_3D('',#4311,#3481,#3482);
#2977=AXIS2_PLACEMENT_3D('',#4312,#3483,#3484);
#2978=AXIS2_PLACEMENT_3D('',#4313,#3485,#3486);
#2979=AXIS2_PLACEMENT_3D('',#4314,#3487,#3488);
#2980=AXIS2_PLACEMENT_3D('',#4315,#3489,#3490);
#2981=AXIS2_PLACEMENT_3D('',#4316,#3491,#3492);
#2982=AXIS2_PLACEMENT_3D('',#4317,#3493,#3494);
#2983=AXIS2_PLACEMENT_3D('',#4318,#3495,#3496);
#2984=AXIS2_PLACEMENT_3D('',#4319,#3497,#3498);
#2985=AXIS2_PLACEMENT_3D('',#4320,#3499,#3500);
#2986=AXIS2_PLACEMENT_3D('',#4322,#3501,#3502);
#2987=AXIS2_PLACEMENT_3D('',#4325,#3504,#3505);
#2988=AXIS2_PLACEMENT_3D('',#4326,#3506,#3507);
#2989=AXIS2_PLACEMENT_3D('',#4328,#3508,#3509);
#2990=AXIS2_PLACEMENT_3D('',#4331,#3511,#3512);
#2991=AXIS2_PLACEMENT_3D('',#4332,#3513,#3514);
#2992=AXIS2_PLACEMENT_3D('',#4334,#3515,#3516);
#2993=AXIS2_PLACEMENT_3D('',#4337,#3518,#3519);
#2994=AXIS2_PLACEMENT_3D('',#4338,#3520,#3521);
#2995=AXIS2_PLACEMENT_3D('',#4340,#3522,#3523);
#2996=AXIS2_PLACEMENT_3D('',#4343,#3525,#3526);
#2997=AXIS2_PLACEMENT_3D('',#4344,#3527,#3528);
#2998=AXIS2_PLACEMENT_3D('',#4346,#3529,#3530);
#2999=AXIS2_PLACEMENT_3D('',#4349,#3532,#3533);
#3000=AXIS2_PLACEMENT_3D('',#4350,#3534,#3535);
#3001=AXIS2_PLACEMENT_3D('',#4352,#3536,#3537);
#3002=AXIS2_PLACEMENT_3D('',#4354,#3538,#3539);
#3003=AXIS2_PLACEMENT_3D('',#4355,#3540,#3541);
#3004=AXIS2_PLACEMENT_3D('',#4357,#3542,#3543);
#3005=AXIS2_PLACEMENT_3D('',#4359,#3545,#3546);
#3006=AXIS2_PLACEMENT_3D('',#4362,#3548,#3549);
#3007=AXIS2_PLACEMENT_3D('',#4363,#3550,#3551);
#3008=AXIS2_PLACEMENT_3D('',#4365,#3552,#3553);
#3009=AXIS2_PLACEMENT_3D('',#4367,#3554,#3555);
#3010=AXIS2_PLACEMENT_3D('',#4368,#3556,#3557);
#3011=AXIS2_PLACEMENT_3D('',#4370,#3558,#3559);
#3012=AXIS2_PLACEMENT_3D('',#4372,#3561,#3562);
#3013=AXIS2_PLACEMENT_3D('',#4375,#3564,#3565);
#3014=AXIS2_PLACEMENT_3D('',#4376,#3566,#3567);
#3015=AXIS2_PLACEMENT_3D('',#4378,#3568,#3569);
#3016=AXIS2_PLACEMENT_3D('',#4380,#3570,#3571);
#3017=AXIS2_PLACEMENT_3D('',#4381,#3572,#3573);
#3018=AXIS2_PLACEMENT_3D('',#4383,#3574,#3575);
#3019=AXIS2_PLACEMENT_3D('',#4385,#3577,#3578);
#3020=AXIS2_PLACEMENT_3D('',#4388,#3580,#3581);
#3021=AXIS2_PLACEMENT_3D('',#4389,#3582,#3583);
#3022=AXIS2_PLACEMENT_3D('',#4391,#3584,#3585);
#3023=AXIS2_PLACEMENT_3D('',#4393,#3586,#3587);
#3024=AXIS2_PLACEMENT_3D('',#4394,#3588,#3589);
#3025=AXIS2_PLACEMENT_3D('',#4396,#3590,#3591);
#3026=AXIS2_PLACEMENT_3D('',#4398,#3593,#3594);
#3027=AXIS2_PLACEMENT_3D('',#4401,#3596,#3597);
#3028=AXIS2_PLACEMENT_3D('',#4402,#3598,#3599);
#3029=AXIS2_PLACEMENT_3D('',#4404,#3600,#3601);
#3030=AXIS2_PLACEMENT_3D('',#4407,#3603,#3604);
#3031=AXIS2_PLACEMENT_3D('',#4408,#3605,#3606);
#3032=AXIS2_PLACEMENT_3D('',#4417,#3611,#3612);
#3033=AXIS2_PLACEMENT_3D('',#4419,#3613,#3614);
#3034=AXIS2_PLACEMENT_3D('',#4421,#3615,#3616);
#3035=AXIS2_PLACEMENT_3D('',#4423,#3618,#3619);
#3036=AXIS2_PLACEMENT_3D('',#4429,#3623,#3624);
#3037=AXIS2_PLACEMENT_3D('',#4432,#3627,#3628);
#3038=AXIS2_PLACEMENT_3D('',#4433,#3629,#3630);
#3039=AXIS2_PLACEMENT_3D('',#4434,#3631,#3632);
#3040=AXIS2_PLACEMENT_3D('',#4435,#3633,#3634);
#3041=AXIS2_PLACEMENT_3D('',#4437,#3635,#3636);
#3042=AXIS2_PLACEMENT_3D('',#4440,#3638,#3639);
#3043=AXIS2_PLACEMENT_3D('',#4441,#3640,#3641);
#3044=AXIS2_PLACEMENT_3D('',#4443,#3642,#3643);
#3045=AXIS2_PLACEMENT_3D('',#4446,#3645,#3646);
#3046=AXIS2_PLACEMENT_3D('',#4447,#3647,#3648);
#3047=AXIS2_PLACEMENT_3D('',#4449,#3649,#3650);
#3048=AXIS2_PLACEMENT_3D('',#4452,#3652,#3653);
#3049=AXIS2_PLACEMENT_3D('',#4453,#3654,#3655);
#3050=AXIS2_PLACEMENT_3D('',#4455,#3656,#3657);
#3051=AXIS2_PLACEMENT_3D('',#4458,#3659,#3660);
#3052=AXIS2_PLACEMENT_3D('',#4459,#3661,#3662);
#3053=AXIS2_PLACEMENT_3D('',#4461,#3663,#3664);
#3054=AXIS2_PLACEMENT_3D('',#4464,#3666,#3667);
#3055=AXIS2_PLACEMENT_3D('',#4465,#3668,#3669);
#3056=AXIS2_PLACEMENT_3D('',#4468,#3670,#3671);
#3057=AXIS2_PLACEMENT_3D('',#4472,#3673,#3674);
#3058=AXIS2_PLACEMENT_3D('',#4474,#3676,#3677);
#3059=AXIS2_PLACEMENT_3D('',#4479,#3679,#3680);
#3060=AXIS2_PLACEMENT_3D('',#4482,#3682,#3683);
#3061=AXIS2_PLACEMENT_3D('',#4483,#3684,#3685);
#3062=AXIS2_PLACEMENT_3D('',#4489,#3689,#3690);
#3063=AXIS2_PLACEMENT_3D('',#4492,#3691,#3692);
#3064=AXIS2_PLACEMENT_3D('',#4496,#3694,#3695);
#3065=AXIS2_PLACEMENT_3D('',#4498,#3697,#3698);
#3066=AXIS2_PLACEMENT_3D('',#4508,#3704,#3705);
#3067=AXIS2_PLACEMENT_3D('',#4512,#3707,#3708);
#3068=AXIS2_PLACEMENT_3D('',#4518,#3712,#3713);
#3069=AXIS2_PLACEMENT_3D('',#4522,#3715,#3716);
#3070=AXIS2_PLACEMENT_3D('',#4524,#3717,#3718);
#3071=AXIS2_PLACEMENT_3D('',#4526,#3719,#3720);
#3072=AXIS2_PLACEMENT_3D('',#4530,#3722,#3723);
#3073=AXIS2_PLACEMENT_3D('',#4534,#3725,#3726);
#3074=AXIS2_PLACEMENT_3D('',#4537,#3728,#3729);
#3075=AXIS2_PLACEMENT_3D('',#4539,#3730,#3731);
#3076=AXIS2_PLACEMENT_3D('',#4541,#3732,#3733);
#3077=AXIS2_PLACEMENT_3D('',#4543,#3734,#3735);
#3078=AXIS2_PLACEMENT_3D('',#4545,#3736,#3737);
#3079=AXIS2_PLACEMENT_3D('',#4547,#3738,#3739);
#3080=AXIS2_PLACEMENT_3D('',#4549,#3740,#3741);
#3081=AXIS2_PLACEMENT_3D('',#4551,#3742,#3743);
#3082=AXIS2_PLACEMENT_3D('',#4556,#3745,#3746);
#3083=AXIS2_PLACEMENT_3D('',#4560,#3748,#3749);
#3084=AXIS2_PLACEMENT_3D('',#4564,#3751,#3752);
#3085=AXIS2_PLACEMENT_3D('',#4567,#3754,#3755);
#3086=AXIS2_PLACEMENT_3D('',#4572,#3757,#3758);
#3087=AXIS2_PLACEMENT_3D('',#4576,#3760,#3761);
#3088=AXIS2_PLACEMENT_3D('',#4580,#3763,#3764);
#3089=AXIS2_PLACEMENT_3D('',#4583,#3766,#3767);
#3090=AXIS2_PLACEMENT_3D('',#4584,#3768,#3769);
#3091=AXIS2_PLACEMENT_3D('',#4587,#3770,#3771);
#3092=AXIS2_PLACEMENT_3D('',#4590,#3774,#3775);
#3093=AXIS2_PLACEMENT_3D('',#4594,#3778,#3779);
#3094=AXIS2_PLACEMENT_3D('',#4598,#3781,#3782);
#3095=AXIS2_PLACEMENT_3D('',#4604,#3785,#3786);
#3096=AXIS2_PLACEMENT_3D('',#4608,#3788,#3789);
#3097=AXIS2_PLACEMENT_3D('',#4612,#3791,#3792);
#3098=AXIS2_PLACEMENT_3D('',#4614,#3793,#3794);
#3099=AXIS2_PLACEMENT_3D('',#4615,#3795,#3796);
#3100=AXIS2_PLACEMENT_3D('',#4618,#3798,#3799);
#3101=AXIS2_PLACEMENT_3D('',#4620,#3800,#3801);
#3102=AXIS2_PLACEMENT_3D('',#4622,#3802,#3803);
#3103=AXIS2_PLACEMENT_3D('',#4624,#3804,#3805);
#3104=AXIS2_PLACEMENT_3D('',#4626,#3806,#3807);
#3105=AXIS2_PLACEMENT_3D('',#4628,#3808,#3809);
#3106=AXIS2_PLACEMENT_3D('',#4630,#3810,#3811);
#3107=AXIS2_PLACEMENT_3D('',#4632,#3812,#3813);
#3108=AXIS2_PLACEMENT_3D('',#4637,#3815,#3816);
#3109=AXIS2_PLACEMENT_3D('',#4641,#3818,#3819);
#3110=AXIS2_PLACEMENT_3D('',#4645,#3821,#3822);
#3111=AXIS2_PLACEMENT_3D('',#4648,#3824,#3825);
#3112=AXIS2_PLACEMENT_3D('',#4650,#3826,#3827);
#3113=AXIS2_PLACEMENT_3D('',#4652,#3828,#3829);
#3114=AXIS2_PLACEMENT_3D('',#4657,#3831,#3832);
#3115=AXIS2_PLACEMENT_3D('',#4661,#3834,#3835);
#3116=AXIS2_PLACEMENT_3D('',#4665,#3837,#3838);
#3117=AXIS2_PLACEMENT_3D('',#4668,#3840,#3841);
#3118=AXIS2_PLACEMENT_3D('',#4670,#3842,#3843);
#3119=AXIS2_PLACEMENT_3D('',#4672,#3844,#3845);
#3120=AXIS2_PLACEMENT_3D('',#4673,#3846,#3847);
#3121=AXIS2_PLACEMENT_3D('',#4676,#3850,#3851);
#3122=AXIS2_PLACEMENT_3D('',#4678,#3853,#3854);
#3123=AXIS2_PLACEMENT_3D('',#4680,#3856,#3857);
#3124=AXIS2_PLACEMENT_3D('',#4682,#3859,#3860);
#3125=AXIS2_PLACEMENT_3D('',#4684,#3862,#3863);
#3126=AXIS2_PLACEMENT_3D('',#4686,#3865,#3866);
#3127=AXIS2_PLACEMENT_3D('',#4689,#3869,#3870);
#3128=AXIS2_PLACEMENT_3D('',#4691,#3872,#3873);
#3129=AXIS2_PLACEMENT_3D('',#4694,#3876,#3877);
#3130=AXIS2_PLACEMENT_3D('',#4695,#3878,#3879);
#3131=AXIS2_PLACEMENT_3D('',#4698,#3882,#3883);
#3132=AXIS2_PLACEMENT_3D('',#4699,#3884,#3885);
#3133=AXIS2_PLACEMENT_3D('',#4701,#3887,#3888);
#3134=AXIS2_PLACEMENT_3D('',#4702,#3889,#3890);
#3135=AXIS2_PLACEMENT_3D('',#4705,#3893,#3894);
#3136=AXIS2_PLACEMENT_3D('',#4707,#3896,#3897);
#3137=AXIS2_PLACEMENT_3D('',#4710,#3900,#3901);
#3138=AXIS2_PLACEMENT_3D('',#4711,#3902,#3903);
#3139=AXIS2_PLACEMENT_3D('',#4714,#3906,#3907);
#3140=AXIS2_PLACEMENT_3D('',#4715,#3908,#3909);
#3141=AXIS2_PLACEMENT_3D('',#4717,#3911,#3912);
#3142=AXIS2_PLACEMENT_3D('',#4718,#3913,#3914);
#3143=AXIS2_PLACEMENT_3D('',#4722,#3917,#3918);
#3144=AXIS2_PLACEMENT_3D('',#4726,#3921,#3922);
#3145=AXIS2_PLACEMENT_3D('',#4728,#3924,#3925);
#3146=AXIS2_PLACEMENT_3D('',#4730,#3926,#3927);
#3147=AXIS2_PLACEMENT_3D('',#4733,#3929,#3930);
#3148=AXIS2_PLACEMENT_3D('',#4735,#3931,#3932);
#3149=AXIS2_PLACEMENT_3D('',#4736,#3933,#3934);
#3150=AXIS2_PLACEMENT_3D('',#4741,#3937,#3938);
#3151=AXIS2_PLACEMENT_3D('',#4743,#3939,#3940);
#3152=AXIS2_PLACEMENT_3D('',#4745,#3941,#3942);
#3153=AXIS2_PLACEMENT_3D('',#4746,#3943,#3944);
#3154=AXIS2_PLACEMENT_3D('',#4748,#3946,#3947);
#3155=AXIS2_PLACEMENT_3D('',#4751,#3950,#3951);
#3156=AXIS2_PLACEMENT_3D('',#4752,#3952,#3953);
#3157=AXIS2_PLACEMENT_3D('',#4754,#3955,#3956);
#3158=AXIS2_PLACEMENT_3D('',#4756,#3958,#3959);
#3159=AXIS2_PLACEMENT_3D('',#4758,#3961,#3962);
#3160=AXIS2_PLACEMENT_3D('',#4760,#3964,#3965);
#3161=AXIS2_PLACEMENT_3D('',#4761,#3966,#3967);
#3162=AXIS2_PLACEMENT_3D('',#4763,#3969,#3970);
#3163=AXIS2_PLACEMENT_3D('',#4765,#3972,#3973);
#3164=AXIS2_PLACEMENT_3D('',#4767,#3975,#3976);
#3165=AXIS2_PLACEMENT_3D('',#4769,#3978,#3979);
#3166=AXIS2_PLACEMENT_3D('',#4771,#3981,#3982);
#3167=AXIS2_PLACEMENT_3D('',#4773,#3984,#3985);
#3168=AXIS2_PLACEMENT_3D('',#4775,#3987,#3988);
#3169=AXIS2_PLACEMENT_3D('',#4777,#3990,#3991);
#3170=AXIS2_PLACEMENT_3D('',#4778,#3992,#3993);
#3171=AXIS2_PLACEMENT_3D('',#4779,#3994,#3995);
#3172=AXIS2_PLACEMENT_3D('',#4780,#3996,#3997);
#3173=AXIS2_PLACEMENT_3D('',#4782,#3998,#3999);
#3174=AXIS2_PLACEMENT_3D('',#4785,#4001,#4002);
#3175=AXIS2_PLACEMENT_3D('',#4786,#4003,#4004);
#3176=AXIS2_PLACEMENT_3D('',#4788,#4005,#4006);
#3177=AXIS2_PLACEMENT_3D('',#4791,#4008,#4009);
#3178=AXIS2_PLACEMENT_3D('',#4792,#4010,#4011);
#3179=AXIS2_PLACEMENT_3D('',#4794,#4012,#4013);
#3180=AXIS2_PLACEMENT_3D('',#4797,#4015,#4016);
#3181=AXIS2_PLACEMENT_3D('',#4798,#4017,#4018);
#3182=AXIS2_PLACEMENT_3D('',#4800,#4019,#4020);
#3183=AXIS2_PLACEMENT_3D('',#4803,#4022,#4023);
#3184=AXIS2_PLACEMENT_3D('',#4804,#4024,#4025);
#3185=AXIS2_PLACEMENT_3D('',#4806,#4026,#4027);
#3186=AXIS2_PLACEMENT_3D('',#4809,#4029,#4030);
#3187=AXIS2_PLACEMENT_3D('',#4810,#4031,#4032);
#3188=AXIS2_PLACEMENT_3D('',#4812,#4033,#4034);
#3189=AXIS2_PLACEMENT_3D('',#4815,#4036,#4037);
#3190=AXIS2_PLACEMENT_3D('',#4816,#4038,#4039);
#3191=AXIS2_PLACEMENT_3D('',#4817,#4040,#4041);
#3192=AXIS2_PLACEMENT_3D('',#4818,#4042,#4043);
#3193=AXIS2_PLACEMENT_3D('',#4819,#4044,#4045);
#3194=AXIS2_PLACEMENT_3D('',#4820,#4046,#4047);
#3195=AXIS2_PLACEMENT_3D('',#4821,#4048,#4049);
#3196=AXIS2_PLACEMENT_3D('',#4822,#4050,#4051);
#3197=AXIS2_PLACEMENT_3D('',#4823,#4052,#4053);
#3198=AXIS2_PLACEMENT_3D('',#4824,#4054,#4055);
#3199=AXIS2_PLACEMENT_3D('',#4825,#4056,#4057);
#3200=AXIS2_PLACEMENT_3D('',#4826,#4058,#4059);
#3201=AXIS2_PLACEMENT_3D('',#4827,#4060,#4061);
#3202=AXIS2_PLACEMENT_3D('',#4828,#4062,#4063);
#3203=AXIS2_PLACEMENT_3D('',#4829,#4064,#4065);
#3204=AXIS2_PLACEMENT_3D('',#4830,#4066,#4067);
#3205=AXIS2_PLACEMENT_3D('',#4831,#4068,#4069);
#3206=AXIS2_PLACEMENT_3D('',#4832,#4070,#4071);
#3207=AXIS2_PLACEMENT_3D('',#4833,#4072,#4073);
#3208=DIRECTION('axis',(0.,0.,1.));
#3209=DIRECTION('refdir',(1.,0.,0.));
#3210=DIRECTION('axis',(0.,0.,1.));
#3211=DIRECTION('refdir',(1.,0.,0.));
#3212=DIRECTION('center_axis',(0.,1.,0.));
#3213=DIRECTION('ref_axis',(1.,0.,0.));
#3214=DIRECTION('center_axis',(0.,-1.,0.));
#3215=DIRECTION('ref_axis',(1.,0.,0.));
#3216=DIRECTION('',(0.,-1.,0.));
#3217=DIRECTION('center_axis',(0.,1.,0.));
#3218=DIRECTION('ref_axis',(1.,0.,0.));
#3219=DIRECTION('center_axis',(0.,1.,0.));
#3220=DIRECTION('ref_axis',(1.,0.,0.));
#3221=DIRECTION('center_axis',(0.,-1.,0.));
#3222=DIRECTION('ref_axis',(1.,0.,0.));
#3223=DIRECTION('',(0.,-1.,0.));
#3224=DIRECTION('center_axis',(0.,1.,0.));
#3225=DIRECTION('ref_axis',(1.,0.,0.));
#3226=DIRECTION('center_axis',(0.,1.,0.));
#3227=DIRECTION('ref_axis',(1.,0.,0.));
#3228=DIRECTION('center_axis',(0.,-1.,0.));
#3229=DIRECTION('ref_axis',(1.,0.,0.));
#3230=DIRECTION('',(0.,-1.,0.));
#3231=DIRECTION('center_axis',(0.,1.,0.));
#3232=DIRECTION('ref_axis',(1.,0.,0.));
#3233=DIRECTION('center_axis',(0.,1.,0.));
#3234=DIRECTION('ref_axis',(1.,0.,0.));
#3235=DIRECTION('center_axis',(0.,-1.,0.));
#3236=DIRECTION('ref_axis',(1.,0.,0.));
#3237=DIRECTION('',(0.,-1.,0.));
#3238=DIRECTION('center_axis',(0.,1.,0.));
#3239=DIRECTION('ref_axis',(1.,0.,0.));
#3240=DIRECTION('center_axis',(0.,1.,0.));
#3241=DIRECTION('ref_axis',(1.,0.,0.));
#3242=DIRECTION('center_axis',(0.,-1.,0.));
#3243=DIRECTION('ref_axis',(1.,0.,0.));
#3244=DIRECTION('',(0.,-1.,0.));
#3245=DIRECTION('center_axis',(0.,1.,0.));
#3246=DIRECTION('ref_axis',(1.,0.,0.));
#3247=DIRECTION('center_axis',(0.,1.,0.));
#3248=DIRECTION('ref_axis',(-1.,0.,0.));
#3249=DIRECTION('center_axis',(0.,1.,0.));
#3250=DIRECTION('ref_axis',(-1.,0.,0.));
#3251=DIRECTION('',(0.,-1.,0.));
#3252=DIRECTION('center_axis',(0.,1.,0.));
#3253=DIRECTION('ref_axis',(-1.,0.,0.));
#3254=DIRECTION('center_axis',(0.,1.,0.));
#3255=DIRECTION('ref_axis',(0.,0.,1.));
#3256=DIRECTION('center_axis',(0.,1.,0.));
#3257=DIRECTION('ref_axis',(0.,0.,1.));
#3258=DIRECTION('axis',(0.,0.,1.));
#3259=DIRECTION('refdir',(1.,0.,0.));
#3260=DIRECTION('axis',(0.,0.,1.));
#3261=DIRECTION('refdir',(1.,0.,0.));
#3262=DIRECTION('center_axis',(0.,1.,0.));
#3263=DIRECTION('ref_axis',(0.707106781186547,0.,0.707106781186547));
#3264=DIRECTION('center_axis',(0.,-1.,0.));
#3265=DIRECTION('ref_axis',(0.707106781186547,0.,0.707106781186547));
#3266=DIRECTION('',(0.,-1.,0.));
#3267=DIRECTION('',(0.,-1.,0.));
#3268=DIRECTION('center_axis',(0.,1.,0.));
#3269=DIRECTION('ref_axis',(0.707106781186547,0.,0.707106781186547));
#3270=DIRECTION('',(0.,1.,0.));
#3271=DIRECTION('center_axis',(0.,0.,1.));
#3272=DIRECTION('ref_axis',(1.,0.,0.));
#3273=DIRECTION('',(-1.,0.,0.));
#3274=DIRECTION('',(0.,-1.,0.));
#3275=DIRECTION('',(1.,0.,0.));
#3276=DIRECTION('center_axis',(0.,1.,0.));
#3277=DIRECTION('ref_axis',(0.,0.,1.));
#3278=DIRECTION('',(-1.31566642684283E-16,0.,-1.));
#3279=DIRECTION('center_axis',(0.,1.,0.));
#3280=DIRECTION('ref_axis',(-0.917575307233387,0.,-0.397562014729218));
#3281=DIRECTION('center_axis',(0.,1.,0.));
#3282=DIRECTION('ref_axis',(-1.,0.,0.));
#3283=DIRECTION('center_axis',(0.,1.,0.));
#3284=DIRECTION('ref_axis',(0.917575307233387,0.,-0.397562014729218));
#3285=DIRECTION('',(2.63133285368566E-16,0.,1.));
#3286=DIRECTION('center_axis',(0.,-1.,0.));
#3287=DIRECTION('ref_axis',(-0.707106781186547,0.,0.707106781186547));
#3288=DIRECTION('',(-4.39885856113864E-16,0.,-1.));
#3289=DIRECTION('center_axis',(0.,-1.,0.));
#3290=DIRECTION('ref_axis',(1.,0.,0.));
#3291=DIRECTION('',(1.,0.,0.));
#3292=DIRECTION('center_axis',(0.,-1.,0.));
#3293=DIRECTION('ref_axis',(1.,0.,0.));
#3294=DIRECTION('',(1.,0.,0.));
#3295=DIRECTION('center_axis',(0.,-1.,0.));
#3296=DIRECTION('ref_axis',(1.,0.,0.));
#3297=DIRECTION('',(5.86514474818485E-16,0.,1.));
#3298=DIRECTION('center_axis',(0.,-1.,0.));
#3299=DIRECTION('ref_axis',(1.,0.,0.));
#3300=DIRECTION('center_axis',(0.,-1.,0.));
#3301=DIRECTION('ref_axis',(1.,0.,0.));
#3302=DIRECTION('center_axis',(0.,-1.,0.));
#3303=DIRECTION('ref_axis',(1.,0.,0.));
#3304=DIRECTION('center_axis',(0.,-1.,0.));
#3305=DIRECTION('ref_axis',(-0.707106781186547,0.,0.707106781186547));
#3306=DIRECTION('center_axis',(0.,1.,0.));
#3307=DIRECTION('ref_axis',(-0.707106781186547,0.,0.707106781186547));
#3308=DIRECTION('',(0.,1.,0.));
#3309=DIRECTION('',(0.,1.,0.));
#3310=DIRECTION('',(0.,-1.,0.));
#3311=DIRECTION('center_axis',(0.,0.,1.));
#3312=DIRECTION('ref_axis',(1.,0.,0.));
#3313=DIRECTION('',(1.,0.,0.));
#3314=DIRECTION('',(0.,1.,0.));
#3315=DIRECTION('',(-1.,0.,0.));
#3316=DIRECTION('center_axis',(0.,0.,-1.));
#3317=DIRECTION('ref_axis',(1.,0.,0.));
#3318=DIRECTION('',(0.,-1.,0.));
#3319=DIRECTION('',(0.,1.,0.));
#3320=DIRECTION('',(1.,0.,0.));
#3321=DIRECTION('center_axis',(0.,0.,-1.));
#3322=DIRECTION('ref_axis',(1.,0.,0.));
#3323=DIRECTION('',(0.,1.,0.));
#3324=DIRECTION('',(1.,0.,0.));
#3325=DIRECTION('',(0.,1.,0.));
#3326=DIRECTION('center_axis',(0.,-1.,0.));
#3327=DIRECTION('ref_axis',(1.,0.,0.));
#3328=DIRECTION('',(0.,-1.,0.));
#3329=DIRECTION('center_axis',(0.,-1.,0.));
#3330=DIRECTION('ref_axis',(1.,0.,0.));
#3331=DIRECTION('center_axis',(0.,1.,0.));
#3332=DIRECTION('ref_axis',(1.,0.,0.));
#3333=DIRECTION('',(0.,-1.,0.));
#3334=DIRECTION('center_axis',(0.,1.,0.));
#3335=DIRECTION('ref_axis',(1.,0.,0.));
#3336=DIRECTION('center_axis',(0.,1.,0.));
#3337=DIRECTION('ref_axis',(1.,0.,0.));
#3338=DIRECTION('',(0.,-1.,0.));
#3339=DIRECTION('center_axis',(0.,1.,0.));
#3340=DIRECTION('ref_axis',(1.,0.,0.));
#3341=DIRECTION('center_axis',(0.,1.,0.));
#3342=DIRECTION('ref_axis',(1.,0.,0.));
#3343=DIRECTION('',(0.,-1.,0.));
#3344=DIRECTION('center_axis',(0.,1.,0.));
#3345=DIRECTION('ref_axis',(1.,0.,0.));
#3346=DIRECTION('center_axis',(0.,-1.,0.));
#3347=DIRECTION('ref_axis',(-0.917575307233387,0.,-0.397562014729218));
#3348=DIRECTION('',(0.,-1.,0.));
#3349=DIRECTION('center_axis',(0.,-1.,0.));
#3350=DIRECTION('ref_axis',(-0.917575307233387,0.,-0.397562014729218));
#3351=DIRECTION('',(0.,1.,0.));
#3352=DIRECTION('center_axis',(-1.,0.,1.31566642684283E-16));
#3353=DIRECTION('ref_axis',(-1.31566642684283E-16,0.,-1.));
#3354=DIRECTION('',(1.31566642684283E-16,0.,1.));
#3355=DIRECTION('center_axis',(0.,-1.,0.));
#3356=DIRECTION('ref_axis',(0.917575307233387,0.,-0.397562014729218));
#3357=DIRECTION('',(0.,-1.,0.));
#3358=DIRECTION('center_axis',(0.,-1.,0.));
#3359=DIRECTION('ref_axis',(0.917575307233387,0.,-0.397562014729218));
#3360=DIRECTION('',(0.,1.,0.));
#3361=DIRECTION('center_axis',(0.,1.,0.));
#3362=DIRECTION('ref_axis',(1.83697019872103E-16,0.,-1.));
#3363=DIRECTION('center_axis',(0.,-1.,0.));
#3364=DIRECTION('ref_axis',(-1.,0.,0.));
#3365=DIRECTION('center_axis',(1.,0.,-2.63133285368566E-16));
#3366=DIRECTION('ref_axis',(2.63133285368566E-16,0.,1.));
#3367=DIRECTION('',(-2.63133285368566E-16,0.,-1.));
#3368=DIRECTION('center_axis',(0.,1.,0.));
#3369=DIRECTION('ref_axis',(1.,0.,0.));
#3370=DIRECTION('center_axis',(0.,-1.,0.));
#3371=DIRECTION('ref_axis',(1.,0.,0.));
#3372=DIRECTION('',(0.,-1.,0.));
#3373=DIRECTION('center_axis',(0.,1.,0.));
#3374=DIRECTION('ref_axis',(1.,0.,0.));
#3375=DIRECTION('center_axis',(0.,1.,0.));
#3376=DIRECTION('ref_axis',(1.,0.,0.));
#3377=DIRECTION('center_axis',(0.,-1.,0.));
#3378=DIRECTION('ref_axis',(1.,0.,0.));
#3379=DIRECTION('',(0.,-1.,0.));
#3380=DIRECTION('center_axis',(0.,1.,0.));
#3381=DIRECTION('ref_axis',(1.,0.,0.));
#3382=DIRECTION('center_axis',(0.,-1.,0.));
#3383=DIRECTION('ref_axis',(6.12323399573677E-17,0.,-1.));
#3384=DIRECTION('center_axis',(0.,1.,0.));
#3385=DIRECTION('ref_axis',(1.,0.,0.));
#3386=DIRECTION('',(0.,1.,0.));
#3387=DIRECTION('center_axis',(0.,1.,0.));
#3388=DIRECTION('ref_axis',(1.,0.,0.));
#3389=DIRECTION('',(0.,-1.,0.));
#3390=DIRECTION('center_axis',(0.,1.,0.));
#3391=DIRECTION('ref_axis',(1.,0.,0.));
#3392=DIRECTION('center_axis',(-1.,0.,1.98254111540206E-16));
#3393=DIRECTION('ref_axis',(-1.98254111540206E-16,0.,-1.));
#3394=DIRECTION('',(-1.98254111540206E-16,0.,-1.));
#3395=DIRECTION('',(1.98254111540206E-16,0.,1.));
#3396=DIRECTION('center_axis',(1.,0.,-2.77555756156289E-16));
#3397=DIRECTION('ref_axis',(2.77555756156289E-16,0.,1.));
#3398=DIRECTION('',(2.77555756156289E-16,0.,1.));
#3399=DIRECTION('',(-2.77555756156289E-16,0.,-1.));
#3400=DIRECTION('center_axis',(0.,1.,0.));
#3401=DIRECTION('ref_axis',(0.,0.,1.));
#3402=DIRECTION('',(5.86514474818485E-16,0.,1.));
#3403=DIRECTION('center_axis',(0.,-1.,0.));
#3404=DIRECTION('ref_axis',(1.,0.,0.));
#3405=DIRECTION('center_axis',(-1.,0.,4.39885856113864E-16));
#3406=DIRECTION('ref_axis',(-4.39885856113864E-16,0.,-1.));
#3407=DIRECTION('',(-4.39885856113864E-16,0.,-1.));
#3408=DIRECTION('center_axis',(1.,0.,-5.86514474818485E-16));
#3409=DIRECTION('ref_axis',(5.86514474818485E-16,0.,1.));
#3410=DIRECTION('',(0.,-1.,0.));
#3411=DIRECTION('center_axis',(0.,-1.,0.));
#3412=DIRECTION('ref_axis',(1.,0.,0.));
#3413=DIRECTION('center_axis',(0.,1.,0.));
#3414=DIRECTION('ref_axis',(0.,0.,1.));
#3415=DIRECTION('center_axis',(0.,1.,0.));
#3416=DIRECTION('ref_axis',(0.,0.,1.));
#3417=DIRECTION('',(0.,0.,1.));
#3418=DIRECTION('',(1.,0.,0.));
#3419=DIRECTION('',(6.79195705541092E-18,8.31774847634633E-34,-1.));
#3420=DIRECTION('',(-1.,-6.1232340019876E-17,-6.79195705541092E-18));
#3421=DIRECTION('axis',(0.,0.,1.));
#3422=DIRECTION('refdir',(1.,0.,0.));
#3423=DIRECTION('axis',(0.,0.,1.));
#3424=DIRECTION('refdir',(1.,0.,0.));
#3425=DIRECTION('center_axis',(0.,1.,0.));
#3426=DIRECTION('ref_axis',(1.,0.,0.));
#3427=DIRECTION('center_axis',(0.,-1.,0.));
#3428=DIRECTION('ref_axis',(1.,0.,0.));
#3429=DIRECTION('',(0.,-1.,0.));
#3430=DIRECTION('center_axis',(0.,1.,0.));
#3431=DIRECTION('ref_axis',(1.,0.,0.));
#3432=DIRECTION('center_axis',(0.,1.,0.));
#3433=DIRECTION('ref_axis',(1.,0.,0.));
#3434=DIRECTION('center_axis',(0.,-1.,0.));
#3435=DIRECTION('ref_axis',(1.,0.,0.));
#3436=DIRECTION('',(0.,-1.,0.));
#3437=DIRECTION('center_axis',(0.,1.,0.));
#3438=DIRECTION('ref_axis',(1.,0.,0.));
#3439=DIRECTION('center_axis',(0.,1.,0.));
#3440=DIRECTION('ref_axis',(1.,0.,0.));
#3441=DIRECTION('center_axis',(0.,-1.,0.));
#3442=DIRECTION('ref_axis',(1.,0.,0.));
#3443=DIRECTION('',(0.,-1.,0.));
#3444=DIRECTION('center_axis',(0.,1.,0.));
#3445=DIRECTION('ref_axis',(1.,0.,0.));
#3446=DIRECTION('center_axis',(0.,1.,0.));
#3447=DIRECTION('ref_axis',(1.,0.,0.));
#3448=DIRECTION('center_axis',(0.,-1.,0.));
#3449=DIRECTION('ref_axis',(1.,0.,0.));
#3450=DIRECTION('',(0.,-1.,0.));
#3451=DIRECTION('center_axis',(0.,1.,0.));
#3452=DIRECTION('ref_axis',(1.,0.,0.));
#3453=DIRECTION('center_axis',(0.,1.,0.));
#3454=DIRECTION('ref_axis',(1.,0.,0.));
#3455=DIRECTION('center_axis',(0.,-1.,0.));
#3456=DIRECTION('ref_axis',(1.,0.,0.));
#3457=DIRECTION('',(0.,-1.,0.));
#3458=DIRECTION('center_axis',(0.,1.,0.));
#3459=DIRECTION('ref_axis',(1.,0.,0.));
#3460=DIRECTION('center_axis',(0.,1.,0.));
#3461=DIRECTION('ref_axis',(-1.,0.,0.));
#3462=DIRECTION('center_axis',(0.,1.,0.));
#3463=DIRECTION('ref_axis',(-1.,0.,0.));
#3464=DIRECTION('',(0.,-1.,0.));
#3465=DIRECTION('center_axis',(0.,1.,0.));
#3466=DIRECTION('ref_axis',(-1.,0.,0.));
#3467=DIRECTION('center_axis',(0.,1.,0.));
#3468=DIRECTION('ref_axis',(0.,0.,1.));
#3469=DIRECTION('center_axis',(0.,1.,0.));
#3470=DIRECTION('ref_axis',(0.,0.,1.));
#3471=DIRECTION('',(0.,0.,1.));
#3472=DIRECTION('',(1.,0.,0.));
#3473=DIRECTION('',(0.,0.,1.));
#3474=DIRECTION('',(1.,0.,0.));
#3475=DIRECTION('',(0.,0.,1.));
#3476=DIRECTION('',(1.,0.,0.));
#3477=DIRECTION('',(0.,0.,1.));
#3478=DIRECTION('',(1.,0.,0.));
#3479=DIRECTION('',(0.,0.,1.));
#3480=DIRECTION('',(1.,0.,0.));
#3481=DIRECTION('',(0.,0.,1.));
#3482=DIRECTION('',(1.,0.,0.));
#3483=DIRECTION('',(0.,0.,1.));
#3484=DIRECTION('',(1.,0.,0.));
#3485=DIRECTION('',(0.,0.,1.));
#3486=DIRECTION('',(1.,0.,0.));
#3487=DIRECTION('',(0.,0.,1.));
#3488=DIRECTION('',(1.,0.,0.));
#3489=DIRECTION('',(0.,0.,1.));
#3490=DIRECTION('',(1.,0.,0.));
#3491=DIRECTION('',(0.,0.,1.));
#3492=DIRECTION('',(1.,0.,0.));
#3493=DIRECTION('',(0.,0.,1.));
#3494=DIRECTION('',(1.,0.,0.));
#3495=DIRECTION('axis',(0.,0.,1.));
#3496=DIRECTION('refdir',(1.,0.,0.));
#3497=DIRECTION('axis',(0.,0.,1.));
#3498=DIRECTION('refdir',(1.,0.,0.));
#3499=DIRECTION('center_axis',(0.,1.,0.));
#3500=DIRECTION('ref_axis',(1.,0.,0.));
#3501=DIRECTION('center_axis',(0.,-1.,0.));
#3502=DIRECTION('ref_axis',(1.,0.,0.));
#3503=DIRECTION('',(0.,-1.,0.));
#3504=DIRECTION('center_axis',(0.,1.,0.));
#3505=DIRECTION('ref_axis',(1.,0.,0.));
#3506=DIRECTION('center_axis',(0.,1.,0.));
#3507=DIRECTION('ref_axis',(1.,0.,0.));
#3508=DIRECTION('center_axis',(0.,-1.,0.));
#3509=DIRECTION('ref_axis',(1.,0.,0.));
#3510=DIRECTION('',(0.,-1.,0.));
#3511=DIRECTION('center_axis',(0.,1.,0.));
#3512=DIRECTION('ref_axis',(1.,0.,0.));
#3513=DIRECTION('center_axis',(0.,1.,0.));
#3514=DIRECTION('ref_axis',(1.,0.,0.));
#3515=DIRECTION('center_axis',(0.,-1.,0.));
#3516=DIRECTION('ref_axis',(1.,0.,0.));
#3517=DIRECTION('',(0.,-1.,0.));
#3518=DIRECTION('center_axis',(0.,1.,0.));
#3519=DIRECTION('ref_axis',(1.,0.,0.));
#3520=DIRECTION('center_axis',(0.,1.,0.));
#3521=DIRECTION('ref_axis',(1.,0.,0.));
#3522=DIRECTION('center_axis',(0.,-1.,0.));
#3523=DIRECTION('ref_axis',(1.,0.,0.));
#3524=DIRECTION('',(0.,-1.,0.));
#3525=DIRECTION('center_axis',(0.,1.,0.));
#3526=DIRECTION('ref_axis',(1.,0.,0.));
#3527=DIRECTION('center_axis',(0.,1.,0.));
#3528=DIRECTION('ref_axis',(1.,0.,0.));
#3529=DIRECTION('center_axis',(0.,-1.,0.));
#3530=DIRECTION('ref_axis',(1.,0.,0.));
#3531=DIRECTION('',(0.,-1.,0.));
#3532=DIRECTION('center_axis',(0.,1.,0.));
#3533=DIRECTION('ref_axis',(1.,0.,0.));
#3534=DIRECTION('center_axis',(0.,1.,0.));
#3535=DIRECTION('ref_axis',(1.,0.,0.));
#3536=DIRECTION('center_axis',(0.,1.,0.));
#3537=DIRECTION('ref_axis',(1.,0.,0.));
#3538=DIRECTION('center_axis',(0.,1.,0.));
#3539=DIRECTION('ref_axis',(1.,0.,0.));
#3540=DIRECTION('center_axis',(0.,1.,0.));
#3541=DIRECTION('ref_axis',(1.,0.,0.));
#3542=DIRECTION('center_axis',(0.,-1.,0.));
#3543=DIRECTION('ref_axis',(1.,0.,0.));
#3544=DIRECTION('',(0.,-1.,0.));
#3545=DIRECTION('center_axis',(0.,1.,0.));
#3546=DIRECTION('ref_axis',(1.,0.,0.));
#3547=DIRECTION('',(0.,-1.,0.));
#3548=DIRECTION('center_axis',(0.,1.,0.));
#3549=DIRECTION('ref_axis',(1.,0.,0.));
#3550=DIRECTION('center_axis',(0.,1.,0.));
#3551=DIRECTION('ref_axis',(1.,0.,0.));
#3552=DIRECTION('center_axis',(0.,1.,0.));
#3553=DIRECTION('ref_axis',(1.,0.,0.));
#3554=DIRECTION('center_axis',(0.,1.,0.));
#3555=DIRECTION('ref_axis',(1.,0.,0.));
#3556=DIRECTION('center_axis',(0.,1.,0.));
#3557=DIRECTION('ref_axis',(1.,0.,0.));
#3558=DIRECTION('center_axis',(0.,-1.,0.));
#3559=DIRECTION('ref_axis',(1.,0.,0.));
#3560=DIRECTION('',(0.,-1.,0.));
#3561=DIRECTION('center_axis',(0.,1.,0.));
#3562=DIRECTION('ref_axis',(1.,0.,0.));
#3563=DIRECTION('',(0.,-1.,0.));
#3564=DIRECTION('center_axis',(0.,1.,0.));
#3565=DIRECTION('ref_axis',(1.,0.,0.));
#3566=DIRECTION('center_axis',(0.,1.,0.));
#3567=DIRECTION('ref_axis',(1.,0.,0.));
#3568=DIRECTION('center_axis',(0.,1.,0.));
#3569=DIRECTION('ref_axis',(1.,0.,0.));
#3570=DIRECTION('center_axis',(0.,1.,0.));
#3571=DIRECTION('ref_axis',(1.,0.,0.));
#3572=DIRECTION('center_axis',(0.,1.,0.));
#3573=DIRECTION('ref_axis',(1.,0.,0.));
#3574=DIRECTION('center_axis',(0.,-1.,0.));
#3575=DIRECTION('ref_axis',(1.,0.,0.));
#3576=DIRECTION('',(0.,-1.,0.));
#3577=DIRECTION('center_axis',(0.,1.,0.));
#3578=DIRECTION('ref_axis',(1.,0.,0.));
#3579=DIRECTION('',(0.,-1.,0.));
#3580=DIRECTION('center_axis',(0.,1.,0.));
#3581=DIRECTION('ref_axis',(1.,0.,0.));
#3582=DIRECTION('center_axis',(0.,1.,0.));
#3583=DIRECTION('ref_axis',(1.,0.,0.));
#3584=DIRECTION('center_axis',(0.,1.,0.));
#3585=DIRECTION('ref_axis',(1.,0.,0.));
#3586=DIRECTION('center_axis',(0.,1.,0.));
#3587=DIRECTION('ref_axis',(1.,0.,0.));
#3588=DIRECTION('center_axis',(0.,1.,0.));
#3589=DIRECTION('ref_axis',(1.,0.,0.));
#3590=DIRECTION('center_axis',(0.,-1.,0.));
#3591=DIRECTION('ref_axis',(1.,0.,0.));
#3592=DIRECTION('',(0.,-1.,0.));
#3593=DIRECTION('center_axis',(0.,1.,0.));
#3594=DIRECTION('ref_axis',(1.,0.,0.));
#3595=DIRECTION('',(0.,-1.,0.));
#3596=DIRECTION('center_axis',(0.,1.,0.));
#3597=DIRECTION('ref_axis',(1.,0.,0.));
#3598=DIRECTION('center_axis',(0.,-1.,0.));
#3599=DIRECTION('ref_axis',(1.,0.,0.));
#3600=DIRECTION('center_axis',(0.,-1.,0.));
#3601=DIRECTION('ref_axis',(1.,0.,0.));
#3602=DIRECTION('',(0.,-1.,0.));
#3603=DIRECTION('center_axis',(0.,1.,0.));
#3604=DIRECTION('ref_axis',(1.,0.,0.));
#3605=DIRECTION('center_axis',(-1.,0.,3.78162824169795E-16));
#3606=DIRECTION('ref_axis',(3.78162824169795E-16,0.,1.));
#3607=DIRECTION('',(3.78162824169795E-16,0.,1.));
#3608=DIRECTION('',(0.,1.,0.));
#3609=DIRECTION('',(3.78162824169795E-16,0.,1.));
#3610=DIRECTION('',(0.,1.,0.));
#3611=DIRECTION('center_axis',(0.,1.,0.));
#3612=DIRECTION('ref_axis',(-1.,0.,0.));
#3613=DIRECTION('center_axis',(0.,1.,0.));
#3614=DIRECTION('ref_axis',(-1.,0.,0.));
#3615=DIRECTION('center_axis',(0.,1.,0.));
#3616=DIRECTION('ref_axis',(-1.,0.,0.));
#3617=DIRECTION('',(0.,1.,0.));
#3618=DIRECTION('center_axis',(1.,0.,-2.5210854944653E-16));
#3619=DIRECTION('ref_axis',(-2.5210854944653E-16,0.,-1.));
#3620=DIRECTION('',(-2.5210854944653E-16,0.,-1.));
#3621=DIRECTION('',(-2.5210854944653E-16,0.,-1.));
#3622=DIRECTION('',(0.,1.,0.));
#3623=DIRECTION('center_axis',(8.88178419700125E-17,0.,1.));
#3624=DIRECTION('ref_axis',(1.,0.,-8.88178419700125E-17));
#3625=DIRECTION('',(1.,0.,-8.88178419700125E-17));
#3626=DIRECTION('',(1.,0.,-8.88178419700125E-17));
#3627=DIRECTION('center_axis',(0.,1.,0.));
#3628=DIRECTION('ref_axis',(0.,0.,1.));
#3629=DIRECTION('center_axis',(0.,1.,0.));
#3630=DIRECTION('ref_axis',(0.,0.,1.));
#3631=DIRECTION('axis',(0.,0.,1.));
#3632=DIRECTION('refdir',(1.,0.,0.));
#3633=DIRECTION('center_axis',(0.,1.,0.));
#3634=DIRECTION('ref_axis',(1.,0.,0.));
#3635=DIRECTION('center_axis',(0.,-1.,0.));
#3636=DIRECTION('ref_axis',(1.,0.,0.));
#3637=DIRECTION('',(0.,-1.,0.));
#3638=DIRECTION('center_axis',(0.,1.,0.));
#3639=DIRECTION('ref_axis',(1.,0.,0.));
#3640=DIRECTION('center_axis',(0.,1.,0.));
#3641=DIRECTION('ref_axis',(1.,0.,0.));
#3642=DIRECTION('center_axis',(0.,-1.,0.));
#3643=DIRECTION('ref_axis',(1.,0.,0.));
#3644=DIRECTION('',(0.,-1.,0.));
#3645=DIRECTION('center_axis',(0.,1.,0.));
#3646=DIRECTION('ref_axis',(1.,0.,0.));
#3647=DIRECTION('center_axis',(0.,1.,0.));
#3648=DIRECTION('ref_axis',(1.,0.,0.));
#3649=DIRECTION('center_axis',(0.,-1.,0.));
#3650=DIRECTION('ref_axis',(1.,0.,0.));
#3651=DIRECTION('',(0.,-1.,0.));
#3652=DIRECTION('center_axis',(0.,1.,0.));
#3653=DIRECTION('ref_axis',(1.,0.,0.));
#3654=DIRECTION('center_axis',(0.,1.,0.));
#3655=DIRECTION('ref_axis',(1.,0.,0.));
#3656=DIRECTION('center_axis',(0.,-1.,0.));
#3657=DIRECTION('ref_axis',(1.,0.,0.));
#3658=DIRECTION('',(0.,-1.,0.));
#3659=DIRECTION('center_axis',(0.,1.,0.));
#3660=DIRECTION('ref_axis',(1.,0.,0.));
#3661=DIRECTION('center_axis',(0.,1.,0.));
#3662=DIRECTION('ref_axis',(1.,0.,0.));
#3663=DIRECTION('center_axis',(0.,-1.,0.));
#3664=DIRECTION('ref_axis',(1.,0.,0.));
#3665=DIRECTION('',(0.,-1.,0.));
#3666=DIRECTION('center_axis',(0.,1.,0.));
#3667=DIRECTION('ref_axis',(1.,0.,0.));
#3668=DIRECTION('center_axis',(0.,1.,0.));
#3669=DIRECTION('ref_axis',(1.,0.,0.));
#3670=DIRECTION('center_axis',(0.,1.,0.));
#3671=DIRECTION('ref_axis',(1.,0.,0.));
#3672=DIRECTION('',(0.,-1.,0.));
#3673=DIRECTION('center_axis',(0.,1.,0.));
#3674=DIRECTION('ref_axis',(1.,0.,0.));
#3675=DIRECTION('',(0.,-1.,0.));
#3676=DIRECTION('center_axis',(0.,1.,0.));
#3677=DIRECTION('ref_axis',(-1.,0.,-2.34291072916505E-15));
#3678=DIRECTION('',(0.,1.,0.));
#3679=DIRECTION('center_axis',(0.,1.,0.));
#3680=DIRECTION('ref_axis',(1.,0.,0.));
#3681=DIRECTION('',(0.,1.,0.));
#3682=DIRECTION('center_axis',(0.,1.,0.));
#3683=DIRECTION('ref_axis',(1.,0.,0.));
#3684=DIRECTION('center_axis',(1.,0.,-5.90151773887127E-16));
#3685=DIRECTION('ref_axis',(5.90151773887127E-16,0.,1.));
#3686=DIRECTION('',(6.61065644831386E-16,0.,-1.));
#3687=DIRECTION('',(0.,-1.,0.));
#3688=DIRECTION('',(6.61065644831386E-16,0.,-1.));
#3689=DIRECTION('center_axis',(0.,1.,0.));
#3690=DIRECTION('ref_axis',(-0.707106781186546,0.,0.707106781186549));
#3691=DIRECTION('center_axis',(0.,-1.,0.));
#3692=DIRECTION('ref_axis',(-0.707106781186546,0.,0.707106781186549));
#3693=DIRECTION('',(0.,-1.,0.));
#3694=DIRECTION('center_axis',(0.,1.,0.));
#3695=DIRECTION('ref_axis',(-0.707106781186546,0.,0.707106781186549));
#3696=DIRECTION('',(0.,1.,0.));
#3697=DIRECTION('center_axis',(0.,0.,1.));
#3698=DIRECTION('ref_axis',(1.,0.,0.));
#3699=DIRECTION('',(1.,0.,0.));
#3700=DIRECTION('',(0.,1.,0.));
#3701=DIRECTION('',(1.,0.,0.));
#3702=DIRECTION('',(0.,1.,0.));
#3703=DIRECTION('',(1.,0.,0.));
#3704=DIRECTION('center_axis',(0.,1.,0.));
#3705=DIRECTION('ref_axis',(0.,0.,1.));
#3706=DIRECTION('',(-1.,0.,0.));
#3707=DIRECTION('center_axis',(0.,1.,0.));
#3708=DIRECTION('ref_axis',(1.,0.,0.));
#3709=DIRECTION('',(-1.,0.,0.));
#3710=DIRECTION('',(-2.93806953258394E-16,0.,1.));
#3711=DIRECTION('',(0.,0.,1.));
#3712=DIRECTION('center_axis',(0.,1.,0.));
#3713=DIRECTION('ref_axis',(-0.707106781186546,0.,-0.707106781186549));
#3714=DIRECTION('',(-1.,0.,-1.27127806441011E-16));
#3715=DIRECTION('center_axis',(0.,-1.,0.));
#3716=DIRECTION('ref_axis',(0.527046276694731,0.,0.849836585598797));
#3717=DIRECTION('center_axis',(0.,-1.,0.));
#3718=DIRECTION('ref_axis',(1.,0.,0.));
#3719=DIRECTION('center_axis',(0.,-1.,0.));
#3720=DIRECTION('ref_axis',(-0.527046276694731,0.,0.849836585598797));
#3721=DIRECTION('',(-1.,0.,-1.27127806441011E-16));
#3722=DIRECTION('center_axis',(0.,1.,0.));
#3723=DIRECTION('ref_axis',(0.707106781186549,0.,-0.707106781186546));
#3724=DIRECTION('',(-3.92738633517632E-16,0.,-1.));
#3725=DIRECTION('center_axis',(0.,1.,0.));
#3726=DIRECTION('ref_axis',(0.707106781186549,0.,0.707106781186546));
#3727=DIRECTION('',(1.,0.,0.));
#3728=DIRECTION('center_axis',(0.,1.,0.));
#3729=DIRECTION('ref_axis',(1.,0.,0.));
#3730=DIRECTION('center_axis',(0.,1.,0.));
#3731=DIRECTION('ref_axis',(1.,0.,0.));
#3732=DIRECTION('center_axis',(0.,1.,0.));
#3733=DIRECTION('ref_axis',(1.,0.,0.));
#3734=DIRECTION('center_axis',(0.,1.,0.));
#3735=DIRECTION('ref_axis',(1.,0.,0.));
#3736=DIRECTION('center_axis',(0.,1.,0.));
#3737=DIRECTION('ref_axis',(1.,0.,0.));
#3738=DIRECTION('center_axis',(0.,1.,0.));
#3739=DIRECTION('ref_axis',(1.,0.,0.));
#3740=DIRECTION('center_axis',(0.,1.,0.));
#3741=DIRECTION('ref_axis',(1.,0.,0.));
#3742=DIRECTION('center_axis',(0.,1.,0.));
#3743=DIRECTION('ref_axis',(1.,0.,0.));
#3744=DIRECTION('',(0.,0.,1.));
#3745=DIRECTION('center_axis',(0.,-1.,0.));
#3746=DIRECTION('ref_axis',(-0.707106781186546,0.,0.707106781186549));
#3747=DIRECTION('',(1.,0.,-1.11022302462516E-16));
#3748=DIRECTION('center_axis',(0.,-1.,0.));
#3749=DIRECTION('ref_axis',(0.707106781186549,0.,0.707106781186546));
#3750=DIRECTION('',(0.,0.,-1.));
#3751=DIRECTION('center_axis',(0.,-1.,0.));
#3752=DIRECTION('ref_axis',(0.707106781186549,0.,-0.707106781186546));
#3753=DIRECTION('',(-1.,0.,4.44089209850063E-16));
#3754=DIRECTION('center_axis',(0.,-1.,0.));
#3755=DIRECTION('ref_axis',(-0.707106781186546,0.,-0.707106781186549));
#3756=DIRECTION('',(0.,0.,1.));
#3757=DIRECTION('center_axis',(0.,-1.,0.));
#3758=DIRECTION('ref_axis',(-0.707106781186546,0.,0.707106781186549));
#3759=DIRECTION('',(1.,0.,5.55111512312578E-17));
#3760=DIRECTION('center_axis',(0.,-1.,0.));
#3761=DIRECTION('ref_axis',(0.707106781186546,0.,0.707106781186549));
#3762=DIRECTION('',(2.22044604925031E-16,0.,-1.));
#3763=DIRECTION('center_axis',(0.,-1.,0.));
#3764=DIRECTION('ref_axis',(0.707106781186546,0.,-0.707106781186549));
#3765=DIRECTION('',(-1.,0.,0.));
#3766=DIRECTION('center_axis',(0.,-1.,0.));
#3767=DIRECTION('ref_axis',(-0.707106781186549,0.,-0.707106781186546));
#3768=DIRECTION('center_axis',(0.,1.,0.));
#3769=DIRECTION('ref_axis',(-0.707106781186546,0.,-0.707106781186549));
#3770=DIRECTION('center_axis',(0.,-1.,0.));
#3771=DIRECTION('ref_axis',(-0.707106781186546,0.,-0.707106781186549));
#3772=DIRECTION('',(0.,-1.,0.));
#3773=DIRECTION('',(0.,1.,0.));
#3774=DIRECTION('center_axis',(1.27127806441011E-16,0.,-1.));
#3775=DIRECTION('ref_axis',(-1.,0.,-1.27127806441011E-16));
#3776=DIRECTION('',(-1.,0.,-1.27127806441011E-16));
#3777=DIRECTION('',(0.,1.,0.));
#3778=DIRECTION('center_axis',(0.,1.,0.));
#3779=DIRECTION('ref_axis',(0.,0.,1.));
#3780=DIRECTION('',(3.84307970062554E-16,0.,-1.));
#3781=DIRECTION('center_axis',(0.,-1.,0.));
#3782=DIRECTION('ref_axis',(1.,0.,0.));
#3783=DIRECTION('',(-2.1350442781253E-16,0.,1.));
#3784=DIRECTION('',(1.,0.,0.));
#3785=DIRECTION('center_axis',(0.,-1.,0.));
#3786=DIRECTION('ref_axis',(0.707106781186549,0.,0.707106781186546));
#3787=DIRECTION('',(-3.92738633517632E-16,0.,-1.));
#3788=DIRECTION('center_axis',(0.,-1.,0.));
#3789=DIRECTION('ref_axis',(0.707106781186549,0.,-0.707106781186546));
#3790=DIRECTION('',(-1.,0.,-1.27127806441011E-16));
#3791=DIRECTION('center_axis',(0.,1.,0.));
#3792=DIRECTION('ref_axis',(-0.527046276694731,0.,0.849836585598797));
#3793=DIRECTION('center_axis',(0.,1.,0.));
#3794=DIRECTION('ref_axis',(1.,0.,0.));
#3795=DIRECTION('center_axis',(0.,1.,0.));
#3796=DIRECTION('ref_axis',(0.527046276694731,0.,0.849836585598797));
#3797=DIRECTION('',(0.,0.,1.));
#3798=DIRECTION('center_axis',(0.,-1.,0.));
#3799=DIRECTION('ref_axis',(1.,0.,0.));
#3800=DIRECTION('center_axis',(0.,-1.,0.));
#3801=DIRECTION('ref_axis',(1.,0.,0.));
#3802=DIRECTION('center_axis',(0.,-1.,0.));
#3803=DIRECTION('ref_axis',(1.,0.,0.));
#3804=DIRECTION('center_axis',(0.,-1.,0.));
#3805=DIRECTION('ref_axis',(1.,0.,0.));
#3806=DIRECTION('center_axis',(0.,-1.,0.));
#3807=DIRECTION('ref_axis',(1.,0.,0.));
#3808=DIRECTION('center_axis',(0.,-1.,0.));
#3809=DIRECTION('ref_axis',(1.,0.,0.));
#3810=DIRECTION('center_axis',(0.,-1.,0.));
#3811=DIRECTION('ref_axis',(1.,0.,0.));
#3812=DIRECTION('center_axis',(0.,-1.,0.));
#3813=DIRECTION('ref_axis',(1.,0.,0.));
#3814=DIRECTION('',(0.,0.,-1.));
#3815=DIRECTION('center_axis',(0.,1.,0.));
#3816=DIRECTION('ref_axis',(-0.707106781186546,0.,-0.707106781186549));
#3817=DIRECTION('',(1.,0.,-4.44089209850063E-16));
#3818=DIRECTION('center_axis',(0.,1.,0.));
#3819=DIRECTION('ref_axis',(0.707106781186549,0.,-0.707106781186546));
#3820=DIRECTION('',(0.,0.,1.));
#3821=DIRECTION('center_axis',(0.,1.,0.));
#3822=DIRECTION('ref_axis',(0.707106781186549,0.,0.707106781186546));
#3823=DIRECTION('',(-1.,0.,1.11022302462516E-16));
#3824=DIRECTION('center_axis',(0.,1.,0.));
#3825=DIRECTION('ref_axis',(-0.707106781186546,0.,0.707106781186549));
#3826=DIRECTION('center_axis',(0.,-1.,0.));
#3827=DIRECTION('ref_axis',(1.,0.,0.));
#3828=DIRECTION('center_axis',(0.,-1.,0.));
#3829=DIRECTION('ref_axis',(1.,0.,0.));
#3830=DIRECTION('',(0.,0.,-1.));
#3831=DIRECTION('center_axis',(0.,1.,0.));
#3832=DIRECTION('ref_axis',(-0.707106781186549,0.,-0.707106781186546));
#3833=DIRECTION('',(1.,0.,0.));
#3834=DIRECTION('center_axis',(0.,1.,0.));
#3835=DIRECTION('ref_axis',(0.707106781186546,0.,-0.707106781186549));
#3836=DIRECTION('',(-2.22044604925031E-16,0.,1.));
#3837=DIRECTION('center_axis',(0.,1.,0.));
#3838=DIRECTION('ref_axis',(0.707106781186546,0.,0.707106781186549));
#3839=DIRECTION('',(-1.,0.,-5.55111512312578E-17));
#3840=DIRECTION('center_axis',(0.,1.,0.));
#3841=DIRECTION('ref_axis',(-0.707106781186546,0.,0.707106781186549));
#3842=DIRECTION('center_axis',(0.,-1.,0.));
#3843=DIRECTION('ref_axis',(1.,0.,0.));
#3844=DIRECTION('center_axis',(0.,-1.,0.));
#3845=DIRECTION('ref_axis',(1.,0.,0.));
#3846=DIRECTION('center_axis',(0.,1.,0.));
#3847=DIRECTION('ref_axis',(0.707106781186549,0.,-0.707106781186546));
#3848=DIRECTION('',(0.,-1.,0.));
#3849=DIRECTION('',(0.,1.,0.));
#3850=DIRECTION('center_axis',(1.,0.,-3.92738633517632E-16));
#3851=DIRECTION('ref_axis',(-3.92738633517632E-16,0.,-1.));
#3852=DIRECTION('',(0.,1.,0.));
#3853=DIRECTION('center_axis',(0.,1.,0.));
#3854=DIRECTION('ref_axis',(0.707106781186549,0.,0.707106781186546));
#3855=DIRECTION('',(0.,-1.,0.));
#3856=DIRECTION('center_axis',(0.,-1.,0.));
#3857=DIRECTION('ref_axis',(0.527046276694731,0.,0.849836585598797));
#3858=DIRECTION('',(0.,-1.,0.));
#3859=DIRECTION('center_axis',(0.,-1.,0.));
#3860=DIRECTION('ref_axis',(1.,0.,0.));
#3861=DIRECTION('',(0.,1.,0.));
#3862=DIRECTION('center_axis',(0.,1.,0.));
#3863=DIRECTION('ref_axis',(-0.527046276694731,0.,0.849836585598797));
#3864=DIRECTION('',(0.,-1.,0.));
#3865=DIRECTION('center_axis',(0.,-1.,0.));
#3866=DIRECTION('ref_axis',(0.707106781186549,0.,-0.707106781186546));
#3867=DIRECTION('',(0.,-1.,0.));
#3868=DIRECTION('',(0.,1.,0.));
#3869=DIRECTION('center_axis',(-4.44089209850063E-16,0.,-1.));
#3870=DIRECTION('ref_axis',(1.,0.,-4.44089209850063E-16));
#3871=DIRECTION('',(0.,1.,0.));
#3872=DIRECTION('center_axis',(0.,-1.,0.));
#3873=DIRECTION('ref_axis',(0.707106781186549,0.,0.707106781186546));
#3874=DIRECTION('',(0.,-1.,0.));
#3875=DIRECTION('',(0.,1.,0.));
#3876=DIRECTION('center_axis',(1.,0.,0.));
#3877=DIRECTION('ref_axis',(0.,0.,1.));
#3878=DIRECTION('center_axis',(0.,-1.,0.));
#3879=DIRECTION('ref_axis',(-0.707106781186546,0.,0.707106781186549));
#3880=DIRECTION('',(0.,-1.,0.));
#3881=DIRECTION('',(0.,1.,0.));
#3882=DIRECTION('center_axis',(1.11022302462516E-16,0.,1.));
#3883=DIRECTION('ref_axis',(-1.,0.,1.11022302462516E-16));
#3884=DIRECTION('center_axis',(0.,-1.,0.));
#3885=DIRECTION('ref_axis',(-0.707106781186546,0.,-0.707106781186549));
#3886=DIRECTION('',(0.,-1.,0.));
#3887=DIRECTION('center_axis',(-1.,0.,0.));
#3888=DIRECTION('ref_axis',(0.,0.,-1.));
#3889=DIRECTION('center_axis',(0.,-1.,0.));
#3890=DIRECTION('ref_axis',(0.707106781186546,0.,-0.707106781186549));
#3891=DIRECTION('',(0.,-1.,0.));
#3892=DIRECTION('',(0.,1.,0.));
#3893=DIRECTION('center_axis',(0.,0.,-1.));
#3894=DIRECTION('ref_axis',(1.,0.,0.));
#3895=DIRECTION('',(0.,1.,0.));
#3896=DIRECTION('center_axis',(0.,-1.,0.));
#3897=DIRECTION('ref_axis',(0.707106781186546,0.,0.707106781186549));
#3898=DIRECTION('',(0.,-1.,0.));
#3899=DIRECTION('',(0.,1.,0.));
#3900=DIRECTION('center_axis',(1.,0.,2.22044604925031E-16));
#3901=DIRECTION('ref_axis',(-2.22044604925031E-16,0.,1.));
#3902=DIRECTION('center_axis',(0.,-1.,0.));
#3903=DIRECTION('ref_axis',(-0.707106781186546,0.,0.707106781186549));
#3904=DIRECTION('',(0.,-1.,0.));
#3905=DIRECTION('',(0.,1.,0.));
#3906=DIRECTION('center_axis',(-5.55111512312578E-17,0.,1.));
#3907=DIRECTION('ref_axis',(-1.,0.,-5.55111512312578E-17));
#3908=DIRECTION('center_axis',(0.,-1.,0.));
#3909=DIRECTION('ref_axis',(-0.707106781186549,0.,-0.707106781186546));
#3910=DIRECTION('',(0.,-1.,0.));
#3911=DIRECTION('center_axis',(-1.,0.,0.));
#3912=DIRECTION('ref_axis',(0.,0.,-1.));
#3913=DIRECTION('center_axis',(0.,0.,1.));
#3914=DIRECTION('ref_axis',(-1.,0.,0.));
#3915=DIRECTION('',(-1.,0.,1.78134460429227E-16));
#3916=DIRECTION('',(0.,-1.,0.));
#3917=DIRECTION('center_axis',(0.,0.,1.));
#3918=DIRECTION('ref_axis',(-1.,0.,0.));
#3919=DIRECTION('',(-1.,0.,1.78134460429227E-16));
#3920=DIRECTION('',(0.,-1.,0.));
#3921=DIRECTION('center_axis',(-1.,0.,0.));
#3922=DIRECTION('ref_axis',(0.,0.,-1.));
#3923=DIRECTION('',(-2.93806953258394E-16,0.,1.));
#3924=DIRECTION('center_axis',(0.,-1.,0.));
#3925=DIRECTION('ref_axis',(0.,0.,-1.));
#3926=DIRECTION('center_axis',(0.,-1.,0.));
#3927=DIRECTION('ref_axis',(1.,0.,0.));
#3928=DIRECTION('',(3.84307970062554E-16,0.,-1.));
#3929=DIRECTION('center_axis',(0.,-1.,0.));
#3930=DIRECTION('ref_axis',(1.,0.,0.));
#3931=DIRECTION('center_axis',(0.,-1.,0.));
#3932=DIRECTION('ref_axis',(1.,0.,0.));
#3933=DIRECTION('center_axis',(0.,-1.,0.));
#3934=DIRECTION('ref_axis',(0.,0.,-1.));
#3935=DIRECTION('',(1.,0.,0.));
#3936=DIRECTION('',(-2.1350442781253E-16,0.,1.));
#3937=DIRECTION('center_axis',(0.,-1.,0.));
#3938=DIRECTION('ref_axis',(1.,0.,0.));
#3939=DIRECTION('center_axis',(0.,-1.,0.));
#3940=DIRECTION('ref_axis',(1.,0.,0.));
#3941=DIRECTION('center_axis',(0.,-1.,0.));
#3942=DIRECTION('ref_axis',(1.,0.,0.));
#3943=DIRECTION('center_axis',(-1.,0.,-3.84307970062554E-16));
#3944=DIRECTION('ref_axis',(3.84307970062554E-16,0.,-1.));
#3945=DIRECTION('',(0.,-1.,0.));
#3946=DIRECTION('center_axis',(1.,0.,2.1350442781253E-16));
#3947=DIRECTION('ref_axis',(-2.1350442781253E-16,0.,1.));
#3948=DIRECTION('',(0.,-1.,0.));
#3949=DIRECTION('',(0.,-1.,0.));
#3950=DIRECTION('center_axis',(0.,-1.,0.));
#3951=DIRECTION('ref_axis',(6.12323399573677E-17,0.,-1.));
#3952=DIRECTION('center_axis',(0.,-1.,0.));
#3953=DIRECTION('ref_axis',(1.,0.,0.));
#3954=DIRECTION('',(0.,-1.,0.));
#3955=DIRECTION('center_axis',(0.,-1.,0.));
#3956=DIRECTION('ref_axis',(1.,0.,0.));
#3957=DIRECTION('',(0.,-1.,0.));
#3958=DIRECTION('center_axis',(0.,-1.,0.));
#3959=DIRECTION('ref_axis',(1.,0.,0.));
#3960=DIRECTION('',(0.,-1.,0.));
#3961=DIRECTION('center_axis',(0.,-1.,0.));
#3962=DIRECTION('ref_axis',(1.,0.,0.));
#3963=DIRECTION('',(0.,-1.,0.));
#3964=DIRECTION('center_axis',(0.,0.,1.));
#3965=DIRECTION('ref_axis',(1.,0.,0.));
#3966=DIRECTION('center_axis',(0.,1.,0.));
#3967=DIRECTION('ref_axis',(1.,0.,0.));
#3968=DIRECTION('',(0.,-1.,0.));
#3969=DIRECTION('center_axis',(0.,1.,0.));
#3970=DIRECTION('ref_axis',(1.,0.,0.));
#3971=DIRECTION('',(0.,-1.,0.));
#3972=DIRECTION('center_axis',(0.,1.,0.));
#3973=DIRECTION('ref_axis',(1.,0.,0.));
#3974=DIRECTION('',(0.,-1.,0.));
#3975=DIRECTION('center_axis',(0.,1.,0.));
#3976=DIRECTION('ref_axis',(1.,0.,0.));
#3977=DIRECTION('',(0.,-1.,0.));
#3978=DIRECTION('center_axis',(0.,1.,0.));
#3979=DIRECTION('ref_axis',(1.,0.,0.));
#3980=DIRECTION('',(0.,-1.,0.));
#3981=DIRECTION('center_axis',(0.,1.,0.));
#3982=DIRECTION('ref_axis',(1.,0.,0.));
#3983=DIRECTION('',(0.,-1.,0.));
#3984=DIRECTION('center_axis',(0.,1.,0.));
#3985=DIRECTION('ref_axis',(1.,0.,0.));
#3986=DIRECTION('',(0.,-1.,0.));
#3987=DIRECTION('center_axis',(0.,1.,0.));
#3988=DIRECTION('ref_axis',(1.,0.,0.));
#3989=DIRECTION('',(0.,-1.,0.));
#3990=DIRECTION('center_axis',(-1.,0.,0.));
#3991=DIRECTION('ref_axis',(0.,0.,1.));
#3992=DIRECTION('center_axis',(1.27127806441011E-16,0.,-1.));
#3993=DIRECTION('ref_axis',(-1.,0.,-1.27127806441011E-16));
#3994=DIRECTION('axis',(0.,0.,1.));
#3995=DIRECTION('refdir',(1.,0.,0.));
#3996=DIRECTION('center_axis',(0.,1.,0.));
#3997=DIRECTION('ref_axis',(1.,0.,0.));
#3998=DIRECTION('center_axis',(0.,-1.,0.));
#3999=DIRECTION('ref_axis',(1.,0.,0.));
#4000=DIRECTION('',(0.,-1.,0.));
#4001=DIRECTION('center_axis',(0.,1.,0.));
#4002=DIRECTION('ref_axis',(1.,0.,0.));
#4003=DIRECTION('center_axis',(0.,1.,0.));
#4004=DIRECTION('ref_axis',(1.,0.,0.));
#4005=DIRECTION('center_axis',(0.,-1.,0.));
#4006=DIRECTION('ref_axis',(1.,0.,0.));
#4007=DIRECTION('',(0.,-1.,0.));
#4008=DIRECTION('center_axis',(0.,1.,0.));
#4009=DIRECTION('ref_axis',(1.,0.,0.));
#4010=DIRECTION('center_axis',(0.,1.,0.));
#4011=DIRECTION('ref_axis',(1.,0.,0.));
#4012=DIRECTION('center_axis',(0.,-1.,0.));
#4013=DIRECTION('ref_axis',(1.,0.,0.));
#4014=DIRECTION('',(0.,-1.,0.));
#4015=DIRECTION('center_axis',(0.,1.,0.));
#4016=DIRECTION('ref_axis',(1.,0.,0.));
#4017=DIRECTION('center_axis',(0.,1.,0.));
#4018=DIRECTION('ref_axis',(1.,0.,0.));
#4019=DIRECTION('center_axis',(0.,-1.,0.));
#4020=DIRECTION('ref_axis',(1.,0.,0.));
#4021=DIRECTION('',(0.,-1.,0.));
#4022=DIRECTION('center_axis',(0.,1.,0.));
#4023=DIRECTION('ref_axis',(1.,0.,0.));
#4024=DIRECTION('center_axis',(0.,1.,0.));
#4025=DIRECTION('ref_axis',(1.,0.,0.));
#4026=DIRECTION('center_axis',(0.,-1.,0.));
#4027=DIRECTION('ref_axis',(1.,0.,0.));
#4028=DIRECTION('',(0.,-1.,0.));
#4029=DIRECTION('center_axis',(0.,1.,0.));
#4030=DIRECTION('ref_axis',(1.,0.,0.));
#4031=DIRECTION('center_axis',(0.,1.,0.));
#4032=DIRECTION('ref_axis',(-1.,0.,0.));
#4033=DIRECTION('center_axis',(0.,1.,0.));
#4034=DIRECTION('ref_axis',(-1.,0.,0.));
#4035=DIRECTION('',(0.,-1.,0.));
#4036=DIRECTION('center_axis',(0.,1.,0.));
#4037=DIRECTION('ref_axis',(-1.,0.,0.));
#4038=DIRECTION('center_axis',(0.,1.,0.));
#4039=DIRECTION('ref_axis',(0.,0.,1.));
#4040=DIRECTION('center_axis',(0.,1.,0.));
#4041=DIRECTION('ref_axis',(0.,0.,1.));
#4042=DIRECTION('',(0.,0.,1.));
#4043=DIRECTION('',(1.,0.,0.));
#4044=DIRECTION('',(6.44847182964162E-16,0.,1.));
#4045=DIRECTION('',(-1.,0.,6.44847182964162E-16));
#4046=DIRECTION('',(-0.999390087075224,9.56188661737339E-16,0.0349206794861654));
#4047=DIRECTION('',(0.0349206794861654,-3.34111356683105E-17,0.999390087075224));
#4048=DIRECTION('',(0.,0.,1.));
#4049=DIRECTION('',(1.,0.,0.));
#4050=DIRECTION('',(0.,0.,1.));
#4051=DIRECTION('',(1.,0.,0.));
#4052=DIRECTION('',(0.,0.,1.));
#4053=DIRECTION('',(1.,0.,0.));
#4054=DIRECTION('',(0.,0.,1.));
#4055=DIRECTION('',(1.,0.,0.));
#4056=DIRECTION('',(0.,0.,1.));
#4057=DIRECTION('',(1.,0.,0.));
#4058=DIRECTION('',(0.,0.,1.));
#4059=DIRECTION('',(1.,0.,0.));
#4060=DIRECTION('',(0.,0.,1.));
#4061=DIRECTION('',(1.,0.,0.));
#4062=DIRECTION('',(0.,0.,1.));
#4063=DIRECTION('',(1.,0.,0.));
#4064=DIRECTION('',(0.,0.,1.));
#4065=DIRECTION('',(1.,0.,0.));
#4066=DIRECTION('',(0.,0.,1.));
#4067=DIRECTION('',(1.,0.,0.));
#4068=DIRECTION('',(-1.,-2.44214045589858E-16,2.47036154534673E-16));
#4069=DIRECTION('',(2.47036154534673E-16,-2.52602027716421E-31,1.));
#4070=DIRECTION('',(-2.15581291214522E-16,-5.68598671442575E-17,1.));
#4071=DIRECTION('',(1.,-7.77156117237611E-16,2.15581291214522E-16));
#4072=DIRECTION('',(-2.38069531791123E-16,1.9837700912879E-16,1.));
#4073=DIRECTION('',(1.,3.95911505719302E-16,2.38069531791123E-16));
#4074=CARTESIAN_POINT('',(0.,0.,0.));
#4075=CARTESIAN_POINT('',(0.,0.,0.));
#4076=CARTESIAN_POINT('Origin',(0.,-25.4429253066558,0.));
#4077=CARTESIAN_POINT('',(-3.25,3.,3.9801020972289E-16));
#4078=CARTESIAN_POINT('Origin',(0.,3.,0.));
#4079=CARTESIAN_POINT('',(-3.25,0.,3.9801020972289E-16));
#4080=CARTESIAN_POINT('',(-3.25,-25.4429253066558,3.9801020972289E-16));
#4081=CARTESIAN_POINT('Origin',(0.,0.,0.));
#4082=CARTESIAN_POINT('Origin',(7.,-25.4429253066558,8.57252759403147E-16));
#4083=CARTESIAN_POINT('',(5.45,3.,1.04707301327099E-15));
#4084=CARTESIAN_POINT('Origin',(7.,3.,8.57252759403147E-16));
#4085=CARTESIAN_POINT('',(5.45,0.,1.04707301327099E-15));
#4086=CARTESIAN_POINT('',(5.45,-25.4429253066558,1.04707301327099E-15));
#4087=CARTESIAN_POINT('Origin',(7.,0.,8.57252759403147E-16));
#4088=CARTESIAN_POINT('Origin',(-7.,-25.4429253066558,0.));
#4089=CARTESIAN_POINT('',(-8.55,3.,1.8982025386784E-16));
#4090=CARTESIAN_POINT('Origin',(-7.,3.,0.));
#4091=CARTESIAN_POINT('',(-8.55,0.,1.8982025386784E-16));
#4092=CARTESIAN_POINT('',(-8.55,-25.4429253066558,1.8982025386784E-16));
#4093=CARTESIAN_POINT('Origin',(-7.,0.,0.));
#4094=CARTESIAN_POINT('Origin',(-4.28626379701574E-16,-25.4429253066558,
7.));
#4095=CARTESIAN_POINT('',(-1.55,3.,7.));
#4096=CARTESIAN_POINT('Origin',(-4.28626379701574E-16,3.,7.));
#4097=CARTESIAN_POINT('',(-1.55,0.,7.));
#4098=CARTESIAN_POINT('',(-1.55,-25.4429253066558,7.));
#4099=CARTESIAN_POINT('Origin',(-4.28626379701574E-16,0.,7.));
#4100=CARTESIAN_POINT('Origin',(1.28587913910472E-15,-25.4429253066558,
-7.));
#4101=CARTESIAN_POINT('',(-1.55,3.,-7.));
#4102=CARTESIAN_POINT('Origin',(1.28587913910472E-15,3.,-7.));
#4103=CARTESIAN_POINT('',(-1.55,0.,-7.));
#4104=CARTESIAN_POINT('',(-1.55,-25.4429253066558,-7.));
#4105=CARTESIAN_POINT('Origin',(1.28587913910472E-15,0.,-7.));
#4106=CARTESIAN_POINT('Origin',(0.,0.,0.));
#4107=CARTESIAN_POINT('',(10.,3.,-1.22464679914735E-15));
#4108=CARTESIAN_POINT('Origin',(0.,3.,0.));
#4109=CARTESIAN_POINT('',(10.,0.,-1.22464679914735E-15));
#4110=CARTESIAN_POINT('',(10.,0.,-1.22464679914735E-15));
#4111=CARTESIAN_POINT('Origin',(0.,0.,0.));
#4112=CARTESIAN_POINT('Origin',(0.,3.,0.));
#4113=CARTESIAN_POINT('Origin',(0.,0.,0.));
#4114=CARTESIAN_POINT('',(0.,0.,0.));
#4115=CARTESIAN_POINT('',(0.,0.,0.));
#4116=CARTESIAN_POINT('Origin',(12.465,1.4,32.23));
#4117=CARTESIAN_POINT('',(15.465,2.8,32.23));
#4118=CARTESIAN_POINT('',(12.465,2.8,35.23));
#4119=CARTESIAN_POINT('Origin',(12.465,2.8,32.23));
#4120=CARTESIAN_POINT('',(12.465,1.5,35.23));
#4121=CARTESIAN_POINT('',(12.465,1.4,35.23));
#4122=CARTESIAN_POINT('',(12.465,0.,35.23));
#4123=CARTESIAN_POINT('',(12.465,1.4,35.23));
#4124=CARTESIAN_POINT('',(15.465,0.,32.23));
#4125=CARTESIAN_POINT('Origin',(12.465,0.,32.23));
#4126=CARTESIAN_POINT('',(15.465,1.4,32.23));
#4127=CARTESIAN_POINT('Origin',(-24.,0.,35.23));
#4128=CARTESIAN_POINT('',(7.10000000000001,1.5,35.23));
#4129=CARTESIAN_POINT('',(-12.,1.5,35.23));
#4130=CARTESIAN_POINT('',(7.10000000000001,0.,35.23));
#4131=CARTESIAN_POINT('',(7.10000000000001,1.4,35.23));
#4132=CARTESIAN_POINT('',(-24.,0.,35.23));
#4133=CARTESIAN_POINT('Origin',(2.22044604925031E-15,2.8,5.615));
#4134=CARTESIAN_POINT('',(15.465,2.8,19.6988267417123));
#4135=CARTESIAN_POINT('',(15.465,2.8,20.4225));
#4136=CARTESIAN_POINT('',(16.4133333333333,2.8,17.5100682148554));
#4137=CARTESIAN_POINT('Origin',(18.465,2.8,19.6988267417123));
#4138=CARTESIAN_POINT('',(-16.4133333333333,2.8,17.5100682148554));
#4139=CARTESIAN_POINT('Origin',(0.,2.8,0.));
#4140=CARTESIAN_POINT('',(-15.465,2.8,19.6988267417123));
#4141=CARTESIAN_POINT('Origin',(-18.465,2.8,19.6988267417123));
#4142=CARTESIAN_POINT('',(-15.465,2.8,32.23));
#4143=CARTESIAN_POINT('',(-15.465,2.8,11.9840158829482));
#4144=CARTESIAN_POINT('',(-12.465,2.8,35.23));
#4145=CARTESIAN_POINT('Origin',(-12.465,2.8,32.23));
#4146=CARTESIAN_POINT('',(-12.465,2.8,4.22999999999999));
#4147=CARTESIAN_POINT('',(-12.465,2.8,20.4225));
#4148=CARTESIAN_POINT('',(-11.415,2.8,3.17999999999999));
#4149=CARTESIAN_POINT('Origin',(-11.415,2.8,4.22999999999999));
#4150=CARTESIAN_POINT('',(-10.0068776349069,2.8,3.17999999999999));
#4151=CARTESIAN_POINT('',(-5.7075,2.8,3.17999999999999));
#4152=CARTESIAN_POINT('',(10.0068776349069,2.8,3.17999999999999));
#4153=CARTESIAN_POINT('Origin',(0.,2.8,0.));
#4154=CARTESIAN_POINT('',(11.415,2.8,3.17999999999999));
#4155=CARTESIAN_POINT('',(-5.7075,2.8,3.17999999999999));
#4156=CARTESIAN_POINT('',(12.465,2.8,4.22999999999999));
#4157=CARTESIAN_POINT('Origin',(11.415,2.8,4.22999999999999));
#4158=CARTESIAN_POINT('',(12.465,2.8,4.92249999999999));
#4159=CARTESIAN_POINT('',(20.7165,2.8,4.04543700396341E-15));
#4160=CARTESIAN_POINT('Origin',(21.5,2.8,3.94948592725021E-15));
#4161=CARTESIAN_POINT('',(-0.7835,2.8,-21.5));
#4162=CARTESIAN_POINT('Origin',(0.,2.8,-21.5));
#4163=CARTESIAN_POINT('',(-22.2835,2.8,-1.22054423237021E-15));
#4164=CARTESIAN_POINT('Origin',(-21.5,2.8,-1.3164953090834E-15));
#4165=CARTESIAN_POINT('Origin',(-12.465,1.4,32.23));
#4166=CARTESIAN_POINT('',(-15.465,0.,32.23));
#4167=CARTESIAN_POINT('',(-12.465,0.,35.23));
#4168=CARTESIAN_POINT('Origin',(-12.465,0.,32.23));
#4169=CARTESIAN_POINT('',(-12.465,1.5,35.23));
#4170=CARTESIAN_POINT('',(-12.465,1.4,35.23));
#4171=CARTESIAN_POINT('',(-12.465,1.4,35.23));
#4172=CARTESIAN_POINT('',(-15.465,1.4,32.23));
#4173=CARTESIAN_POINT('Origin',(-24.,0.,35.23));
#4174=CARTESIAN_POINT('',(-7.1,0.,35.23));
#4175=CARTESIAN_POINT('',(-24.,0.,35.23));
#4176=CARTESIAN_POINT('',(-7.1,1.5,35.23));
#4177=CARTESIAN_POINT('',(-7.1,1.4,35.23));
#4178=CARTESIAN_POINT('',(-12.,1.5,35.23));
#4179=CARTESIAN_POINT('Origin',(-11.415,2.8,3.17999999999999));
#4180=CARTESIAN_POINT('',(-10.0068776349069,1.5,3.17999999999999));
#4181=CARTESIAN_POINT('',(-10.0068776349069,2.8,3.17999999999999));
#4182=CARTESIAN_POINT('',(-11.415,1.5,3.17999999999999));
#4183=CARTESIAN_POINT('',(-11.415,2.8,3.17999999999999));
#4184=CARTESIAN_POINT('',(-5.7075,1.5,3.17999999999999));
#4185=CARTESIAN_POINT('Origin',(-11.415,2.8,3.17999999999999));
#4186=CARTESIAN_POINT('',(10.0068776349069,1.5,3.17999999999999));
#4187=CARTESIAN_POINT('',(10.0068776349069,2.8,3.17999999999999));
#4188=CARTESIAN_POINT('',(11.415,1.5,3.17999999999999));
#4189=CARTESIAN_POINT('',(-5.7075,1.5,3.17999999999999));
#4190=CARTESIAN_POINT('',(11.415,2.8,3.17999999999999));
#4191=CARTESIAN_POINT('Origin',(-11.415,2.8,4.22999999999999));
#4192=CARTESIAN_POINT('',(-12.465,1.5,4.22999999999999));
#4193=CARTESIAN_POINT('',(-12.465,2.8,4.22999999999999));
#4194=CARTESIAN_POINT('Origin',(-11.415,1.5,4.22999999999999));
#4195=CARTESIAN_POINT('Origin',(-21.5,-73.4891401183681,-1.3164953090834E-15));
#4196=CARTESIAN_POINT('',(-22.2835,0.,-1.22054423237021E-15));
#4197=CARTESIAN_POINT('',(-22.2835,-73.4891401183681,-1.22054423237021E-15));
#4198=CARTESIAN_POINT('Origin',(-21.5,0.,-1.3164953090834E-15));
#4199=CARTESIAN_POINT('Origin',(0.,-73.4891401183681,-21.5));
#4200=CARTESIAN_POINT('',(-0.7835,0.,-21.5));
#4201=CARTESIAN_POINT('',(-0.7835,-73.4891401183681,-21.5));
#4202=CARTESIAN_POINT('Origin',(0.,0.,-21.5));
#4203=CARTESIAN_POINT('Origin',(21.5,-73.4891401183681,3.94948592725021E-15));
#4204=CARTESIAN_POINT('',(20.7165,0.,4.04543700396341E-15));
#4205=CARTESIAN_POINT('',(20.7165,-73.4891401183681,4.04543700396341E-15));
#4206=CARTESIAN_POINT('Origin',(21.5,0.,3.94948592725021E-15));
#4207=CARTESIAN_POINT('Origin',(18.465,0.,19.6988267417123));
#4208=CARTESIAN_POINT('',(15.465,0.,19.6988267417123));
#4209=CARTESIAN_POINT('',(15.465,0.,19.6988267417123));
#4210=CARTESIAN_POINT('',(16.4133333333333,0.,17.5100682148554));
#4211=CARTESIAN_POINT('Origin',(18.465,0.,19.6988267417123));
#4212=CARTESIAN_POINT('',(16.4133333333333,0.,17.5100682148554));
#4213=CARTESIAN_POINT('Origin',(15.465,2.8,35.23));
#4214=CARTESIAN_POINT('',(15.465,0.,20.4225));
#4215=CARTESIAN_POINT('Origin',(-18.465,0.,19.6988267417123));
#4216=CARTESIAN_POINT('',(-16.4133333333333,0.,17.5100682148554));
#4217=CARTESIAN_POINT('',(-16.4133333333333,0.,17.5100682148554));
#4218=CARTESIAN_POINT('',(-15.465,0.,19.6988267417123));
#4219=CARTESIAN_POINT('Origin',(-18.465,0.,19.6988267417123));
#4220=CARTESIAN_POINT('',(-15.465,0.,19.6988267417123));
#4221=CARTESIAN_POINT('Origin',(0.,0.,0.));
#4222=CARTESIAN_POINT('Origin',(0.,0.,0.));
#4223=CARTESIAN_POINT('Origin',(-15.465,2.8,18.3530317658963));
#4224=CARTESIAN_POINT('',(-15.465,0.,11.9840158829482));
#4225=CARTESIAN_POINT('Origin',(-10.365,-74.7891401183681,29.23));
#4226=CARTESIAN_POINT('',(-11.415,1.50000000000001,29.23));
#4227=CARTESIAN_POINT('Origin',(-10.365,1.5,29.23));
#4228=CARTESIAN_POINT('',(-11.415,0.,29.23));
#4229=CARTESIAN_POINT('',(-11.415,-74.7891401183681,29.23));
#4230=CARTESIAN_POINT('Origin',(-10.365,0.,29.23));
#4231=CARTESIAN_POINT('Origin',(10.365,-74.7891401183681,29.23));
#4232=CARTESIAN_POINT('',(9.315,1.50000000000001,29.23));
#4233=CARTESIAN_POINT('Origin',(10.365,1.5,29.23));
#4234=CARTESIAN_POINT('',(9.315,0.,29.23));
#4235=CARTESIAN_POINT('',(9.315,-74.7891401183681,29.23));
#4236=CARTESIAN_POINT('Origin',(10.365,0.,29.23));
#4237=CARTESIAN_POINT('Origin',(0.,2.8,0.));
#4238=CARTESIAN_POINT('',(-7.1,1.5,7.73563184232549));
#4239=CARTESIAN_POINT('Origin',(0.,1.5,0.));
#4240=CARTESIAN_POINT('',(-7.1,0.,7.73563184232549));
#4241=CARTESIAN_POINT('',(-7.1,2.8,7.73563184232549));
#4242=CARTESIAN_POINT('',(7.1,0.,7.73563184232549));
#4243=CARTESIAN_POINT('Origin',(0.,0.,0.));
#4244=CARTESIAN_POINT('',(7.1,1.5,7.73563184232549));
#4245=CARTESIAN_POINT('',(7.1,2.8,7.73563184232549));
#4246=CARTESIAN_POINT('Origin',(0.,1.5,0.));
#4247=CARTESIAN_POINT('Origin',(-7.1,2.8,35.23));
#4248=CARTESIAN_POINT('',(-7.1,1.5,27.2175));
#4249=CARTESIAN_POINT('',(-7.1,0.,20.4225));
#4250=CARTESIAN_POINT('Origin',(7.1,2.8,7.22999999999999));
#4251=CARTESIAN_POINT('',(7.1,1.5,13.2175));
#4252=CARTESIAN_POINT('',(7.1,0.,6.42249999999999));
#4253=CARTESIAN_POINT('Origin',(4.44089209850063E-15,1.5,19.205));
#4254=CARTESIAN_POINT('',(12.465,1.5,4.22999999999999));
#4255=CARTESIAN_POINT('',(12.465,1.5,35.23));
#4256=CARTESIAN_POINT('Origin',(11.415,1.5,4.22999999999999));
#4257=CARTESIAN_POINT('Origin',(-12.465,2.8,35.23));
#4258=CARTESIAN_POINT('',(-12.465,1.5,-10.2));
#4259=CARTESIAN_POINT('Origin',(12.465,2.8,4.22999999999999));
#4260=CARTESIAN_POINT('',(12.465,2.8,4.22999999999999));
#4261=CARTESIAN_POINT('Origin',(11.415,2.8,4.22999999999999));
#4262=CARTESIAN_POINT('Origin',(4.44089209850063E-15,1.5,19.205));
#4263=CARTESIAN_POINT('Origin',(2.22044604925031E-15,0.,5.615));
#4264=CARTESIAN_POINT('',(0.,0.,0.));
#4265=CARTESIAN_POINT('',(48.8251687145063,-1.24275069003382E-15,11.23));
#4266=CARTESIAN_POINT('',(0.,0.,0.));
#4267=CARTESIAN_POINT('',(0.,0.,0.));
#4268=CARTESIAN_POINT('Origin',(0.,-25.4429253066558,0.));
#4269=CARTESIAN_POINT('',(-3.25,3.,3.9801020972289E-16));
#4270=CARTESIAN_POINT('Origin',(0.,3.,0.));
#4271=CARTESIAN_POINT('',(-3.25,0.,3.9801020972289E-16));
#4272=CARTESIAN_POINT('',(-3.25,-25.4429253066558,3.9801020972289E-16));
#4273=CARTESIAN_POINT('Origin',(0.,0.,0.));
#4274=CARTESIAN_POINT('Origin',(7.,-25.4429253066558,8.57252759403147E-16));
#4275=CARTESIAN_POINT('',(5.45,3.,1.04707301327099E-15));
#4276=CARTESIAN_POINT('Origin',(7.,3.,8.57252759403147E-16));
#4277=CARTESIAN_POINT('',(5.45,0.,1.04707301327099E-15));
#4278=CARTESIAN_POINT('',(5.45,-25.4429253066558,1.04707301327099E-15));
#4279=CARTESIAN_POINT('Origin',(7.,0.,8.57252759403147E-16));
#4280=CARTESIAN_POINT('Origin',(-7.,-25.4429253066558,0.));
#4281=CARTESIAN_POINT('',(-8.55,3.,1.8982025386784E-16));
#4282=CARTESIAN_POINT('Origin',(-7.,3.,0.));
#4283=CARTESIAN_POINT('',(-8.55,0.,1.8982025386784E-16));
#4284=CARTESIAN_POINT('',(-8.55,-25.4429253066558,1.8982025386784E-16));
#4285=CARTESIAN_POINT('Origin',(-7.,0.,0.));
#4286=CARTESIAN_POINT('Origin',(-4.28626379701574E-16,-25.4429253066558,
7.));
#4287=CARTESIAN_POINT('',(-1.55,3.,7.));
#4288=CARTESIAN_POINT('Origin',(-4.28626379701574E-16,3.,7.));
#4289=CARTESIAN_POINT('',(-1.55,0.,7.));
#4290=CARTESIAN_POINT('',(-1.55,-25.4429253066558,7.));
#4291=CARTESIAN_POINT('Origin',(-4.28626379701574E-16,0.,7.));
#4292=CARTESIAN_POINT('Origin',(1.28587913910472E-15,-25.4429253066558,
-7.));
#4293=CARTESIAN_POINT('',(-1.55,3.,-7.));
#4294=CARTESIAN_POINT('Origin',(1.28587913910472E-15,3.,-7.));
#4295=CARTESIAN_POINT('',(-1.55,0.,-7.));
#4296=CARTESIAN_POINT('',(-1.55,-25.4429253066558,-7.));
#4297=CARTESIAN_POINT('Origin',(1.28587913910472E-15,0.,-7.));
#4298=CARTESIAN_POINT('Origin',(0.,0.,0.));
#4299=CARTESIAN_POINT('',(10.,3.,-1.22464679914735E-15));
#4300=CARTESIAN_POINT('Origin',(0.,3.,0.));
#4301=CARTESIAN_POINT('',(10.,0.,-1.22464679914735E-15));
#4302=CARTESIAN_POINT('',(10.,0.,-1.22464679914735E-15));
#4303=CARTESIAN_POINT('Origin',(0.,0.,0.));
#4304=CARTESIAN_POINT('Origin',(0.,3.,0.));
#4305=CARTESIAN_POINT('Origin',(0.,0.,0.));
#4306=CARTESIAN_POINT('',(0.,0.,0.));
#4307=CARTESIAN_POINT('',(0.,0.,22.1));
#4308=CARTESIAN_POINT('',(22.1,0.,0.));
#4309=CARTESIAN_POINT('',(22.1,0.,22.1));
#4310=CARTESIAN_POINT('',(44.2,0.,0.));
#4311=CARTESIAN_POINT('',(44.2,0.,22.1));
#4312=CARTESIAN_POINT('',(66.3,0.,0.));
#4313=CARTESIAN_POINT('',(66.3,0.,22.1));
#4314=CARTESIAN_POINT('',(88.4,0.,0.));
#4315=CARTESIAN_POINT('',(88.4,0.,22.1));
#4316=CARTESIAN_POINT('',(110.5,0.,0.));
#4317=CARTESIAN_POINT('',(110.5,0.,22.1));
#4318=CARTESIAN_POINT('',(0.,0.,0.));
#4319=CARTESIAN_POINT('',(0.,0.,0.));
#4320=CARTESIAN_POINT('Origin',(22.5,-75.3367914839509,12.615));
#4321=CARTESIAN_POINT('',(20.95,3.00000000000001,12.615));
#4322=CARTESIAN_POINT('Origin',(22.5,3.,12.615));
#4323=CARTESIAN_POINT('',(20.95,0.,12.615));
#4324=CARTESIAN_POINT('',(20.95,-75.3367914839509,12.615));
#4325=CARTESIAN_POINT('Origin',(22.5,0.,12.615));
#4326=CARTESIAN_POINT('Origin',(22.5,-75.3367914839509,-12.615));
#4327=CARTESIAN_POINT('',(20.95,3.00000000000001,-12.615));
#4328=CARTESIAN_POINT('Origin',(22.5,3.,-12.615));
#4329=CARTESIAN_POINT('',(20.95,0.,-12.615));
#4330=CARTESIAN_POINT('',(20.95,-75.3367914839509,-12.615));
#4331=CARTESIAN_POINT('Origin',(22.5,0.,-12.615));
#4332=CARTESIAN_POINT('Origin',(-22.5,-75.3367914839509,-12.615));
#4333=CARTESIAN_POINT('',(-24.05,3.00000000000001,-12.615));
#4334=CARTESIAN_POINT('Origin',(-22.5,3.,-12.615));
#4335=CARTESIAN_POINT('',(-24.05,0.,-12.615));
#4336=CARTESIAN_POINT('',(-24.05,-75.3367914839509,-12.615));
#4337=CARTESIAN_POINT('Origin',(-22.5,0.,-12.615));
#4338=CARTESIAN_POINT('Origin',(0.,-75.3367914839509,-35.115));
#4339=CARTESIAN_POINT('',(-1.55,3.00000000000001,-35.115));
#4340=CARTESIAN_POINT('Origin',(0.,3.,-35.115));
#4341=CARTESIAN_POINT('',(-1.55,0.,-35.115));
#4342=CARTESIAN_POINT('',(-1.55,-75.3367914839509,-35.115));
#4343=CARTESIAN_POINT('Origin',(0.,0.,-35.115));
#4344=CARTESIAN_POINT('Origin',(-22.5,-75.3367914839509,12.615));
#4345=CARTESIAN_POINT('',(-24.05,3.00000000000001,12.615));
#4346=CARTESIAN_POINT('Origin',(-22.5,3.,12.615));
#4347=CARTESIAN_POINT('',(-24.05,0.,12.615));
#4348=CARTESIAN_POINT('',(-24.05,-75.3367914839509,12.615));
#4349=CARTESIAN_POINT('Origin',(-22.5,0.,12.615));
#4350=CARTESIAN_POINT('Origin',(10.365,0.8,16.615));
#4351=CARTESIAN_POINT('',(8.115,0.8,16.615));
#4352=CARTESIAN_POINT('Origin',(10.365,0.8,16.615));
#4353=CARTESIAN_POINT('',(9.315,0.800000000000003,16.615));
#4354=CARTESIAN_POINT('Origin',(10.365,0.800000000000003,16.615));
#4355=CARTESIAN_POINT('Origin',(10.365,1.9,16.615));
#4356=CARTESIAN_POINT('',(8.115,3.,16.615));
#4357=CARTESIAN_POINT('Origin',(10.365,3.,16.615));
#4358=CARTESIAN_POINT('',(8.115,1.9,16.615));
#4359=CARTESIAN_POINT('Origin',(10.365,-75.3367914839509,16.615));
#4360=CARTESIAN_POINT('',(9.315,0.,16.615));
#4361=CARTESIAN_POINT('',(9.315,-75.3367914839509,16.615));
#4362=CARTESIAN_POINT('Origin',(10.365,0.,16.615));
#4363=CARTESIAN_POINT('Origin',(-10.365,0.8,-4.385));
#4364=CARTESIAN_POINT('',(-12.615,0.8,-4.385));
#4365=CARTESIAN_POINT('Origin',(-10.365,0.8,-4.385));
#4366=CARTESIAN_POINT('',(-11.415,0.800000000000003,-4.385));
#4367=CARTESIAN_POINT('Origin',(-10.365,0.800000000000003,-4.385));
#4368=CARTESIAN_POINT('Origin',(-10.365,1.9,-4.385));
#4369=CARTESIAN_POINT('',(-12.615,3.,-4.385));
#4370=CARTESIAN_POINT('Origin',(-10.365,3.,-4.385));
#4371=CARTESIAN_POINT('',(-12.615,1.9,-4.385));
#4372=CARTESIAN_POINT('Origin',(-10.365,-75.3367914839509,-4.385));
#4373=CARTESIAN_POINT('',(-11.415,0.,-4.385));
#4374=CARTESIAN_POINT('',(-11.415,-75.3367914839509,-4.385));
#4375=CARTESIAN_POINT('Origin',(-10.365,0.,-4.385));
#4376=CARTESIAN_POINT('Origin',(10.365,0.8,-4.38500000000001));
#4377=CARTESIAN_POINT('',(8.115,0.8,-4.38500000000001));
#4378=CARTESIAN_POINT('Origin',(10.365,0.8,-4.38500000000001));
#4379=CARTESIAN_POINT('',(9.315,0.800000000000003,-4.38500000000001));
#4380=CARTESIAN_POINT('Origin',(10.365,0.800000000000003,-4.38500000000001));
#4381=CARTESIAN_POINT('Origin',(10.365,1.9,-4.38500000000001));
#4382=CARTESIAN_POINT('',(8.115,3.,-4.38500000000001));
#4383=CARTESIAN_POINT('Origin',(10.365,3.,-4.38500000000001));
#4384=CARTESIAN_POINT('',(8.115,1.9,-4.38500000000001));
#4385=CARTESIAN_POINT('Origin',(10.365,-75.3367914839509,-4.38500000000001));
#4386=CARTESIAN_POINT('',(9.315,0.,-4.38500000000001));
#4387=CARTESIAN_POINT('',(9.315,-75.3367914839509,-4.38500000000001));
#4388=CARTESIAN_POINT('Origin',(10.365,0.,-4.38500000000001));
#4389=CARTESIAN_POINT('Origin',(-10.365,0.8,16.615));
#4390=CARTESIAN_POINT('',(-12.615,0.8,16.615));
#4391=CARTESIAN_POINT('Origin',(-10.365,0.8,16.615));
#4392=CARTESIAN_POINT('',(-11.415,0.800000000000003,16.615));
#4393=CARTESIAN_POINT('Origin',(-10.365,0.800000000000003,16.615));
#4394=CARTESIAN_POINT('Origin',(-10.365,1.9,16.615));
#4395=CARTESIAN_POINT('',(-12.615,3.,16.615));
#4396=CARTESIAN_POINT('Origin',(-10.365,3.,16.615));
#4397=CARTESIAN_POINT('',(-12.615,1.9,16.615));
#4398=CARTESIAN_POINT('Origin',(-10.365,-75.3367914839509,16.615));
#4399=CARTESIAN_POINT('',(-11.415,0.,16.615));
#4400=CARTESIAN_POINT('',(-11.415,-75.3367914839509,16.615));
#4401=CARTESIAN_POINT('Origin',(-10.365,0.,16.615));
#4402=CARTESIAN_POINT('Origin',(0.,3.,-12.615));
#4403=CARTESIAN_POINT('',(-10.5,3.,-12.615));
#4404=CARTESIAN_POINT('Origin',(0.,3.,-12.615));
#4405=CARTESIAN_POINT('',(-10.5,0.,-12.615));
#4406=CARTESIAN_POINT('',(-10.5,3.,-12.615));
#4407=CARTESIAN_POINT('Origin',(0.,0.,-12.615));
#4408=CARTESIAN_POINT('Origin',(-25.,0.,-12.615));
#4409=CARTESIAN_POINT('',(-25.,0.,-12.615));
#4410=CARTESIAN_POINT('',(-25.,0.,22.615));
#4411=CARTESIAN_POINT('',(-25.,0.,-12.615));
#4412=CARTESIAN_POINT('',(-25.,3.,22.615));
#4413=CARTESIAN_POINT('',(-25.,0.,22.615));
#4414=CARTESIAN_POINT('',(-25.,3.,-12.615));
#4415=CARTESIAN_POINT('',(-25.,3.,-12.615));
#4416=CARTESIAN_POINT('',(-25.,0.,-12.615));
#4417=CARTESIAN_POINT('Origin',(0.,0.,-12.615));
#4418=CARTESIAN_POINT('',(25.,0.,-12.615));
#4419=CARTESIAN_POINT('Origin',(0.,0.,-12.615));
#4420=CARTESIAN_POINT('',(25.,3.,-12.615));
#4421=CARTESIAN_POINT('Origin',(0.,3.,-12.615));
#4422=CARTESIAN_POINT('',(25.,0.,-12.615));
#4423=CARTESIAN_POINT('Origin',(25.,0.,22.615));
#4424=CARTESIAN_POINT('',(25.,0.,22.615));
#4425=CARTESIAN_POINT('',(25.,0.,22.615));
#4426=CARTESIAN_POINT('',(25.,3.,22.615));
#4427=CARTESIAN_POINT('',(25.,3.,22.615));
#4428=CARTESIAN_POINT('',(25.,0.,22.615));
#4429=CARTESIAN_POINT('Origin',(-25.,0.,22.615));
#4430=CARTESIAN_POINT('',(-25.,0.,22.615));
#4431=CARTESIAN_POINT('',(-25.,3.,22.615));
#4432=CARTESIAN_POINT('Origin',(4.44089209850063E-15,3.,-7.5));
#4433=CARTESIAN_POINT('Origin',(4.44089209850063E-15,0.,-7.5));
#4434=CARTESIAN_POINT('',(0.,0.,0.));
#4435=CARTESIAN_POINT('Origin',(22.5,-149.187797802583,12.615));
#4436=CARTESIAN_POINT('',(21.2705,3.00000000000001,12.615));
#4437=CARTESIAN_POINT('Origin',(22.5,3.00000000000001,12.615));
#4438=CARTESIAN_POINT('',(21.2705,0.,12.615));
#4439=CARTESIAN_POINT('',(21.2705,-149.187797802583,12.615));
#4440=CARTESIAN_POINT('Origin',(22.5,0.,12.615));
#4441=CARTESIAN_POINT('Origin',(22.5,-149.187797802583,-12.615));
#4442=CARTESIAN_POINT('',(21.2705,3.00000000000001,-12.615));
#4443=CARTESIAN_POINT('Origin',(22.5,3.00000000000001,-12.615));
#4444=CARTESIAN_POINT('',(21.2705,0.,-12.615));
#4445=CARTESIAN_POINT('',(21.2705,-149.187797802583,-12.615));
#4446=CARTESIAN_POINT('Origin',(22.5,0.,-12.615));
#4447=CARTESIAN_POINT('Origin',(-22.5,-149.187797802583,-12.615));
#4448=CARTESIAN_POINT('',(-23.7295,3.00000000000001,-12.615));
#4449=CARTESIAN_POINT('Origin',(-22.5,3.00000000000001,-12.615));
#4450=CARTESIAN_POINT('',(-23.7295,0.,-12.615));
#4451=CARTESIAN_POINT('',(-23.7295,-149.187797802583,-12.615));
#4452=CARTESIAN_POINT('Origin',(-22.5,0.,-12.615));
#4453=CARTESIAN_POINT('Origin',(0.,-149.187797802583,-35.115));
#4454=CARTESIAN_POINT('',(-1.2295,3.00000000000001,-35.115));
#4455=CARTESIAN_POINT('Origin',(0.,3.00000000000001,-35.115));
#4456=CARTESIAN_POINT('',(-1.2295,0.,-35.115));
#4457=CARTESIAN_POINT('',(-1.2295,-149.187797802583,-35.115));
#4458=CARTESIAN_POINT('Origin',(0.,0.,-35.115));
#4459=CARTESIAN_POINT('Origin',(-22.5,-149.187797802583,12.615));
#4460=CARTESIAN_POINT('',(-23.7295,3.00000000000001,12.615));
#4461=CARTESIAN_POINT('Origin',(-22.5,3.00000000000001,12.615));
#4462=CARTESIAN_POINT('',(-23.7295,0.,12.615));
#4463=CARTESIAN_POINT('',(-23.7295,-149.187797802583,12.615));
#4464=CARTESIAN_POINT('Origin',(-22.5,0.,12.615));
#4465=CARTESIAN_POINT('Origin',(12.465,0.,-6.565));
#4466=CARTESIAN_POINT('',(12.465,1.5,-5.515));
#4467=CARTESIAN_POINT('',(12.465,1.5,-7.615));
#4468=CARTESIAN_POINT('Origin',(12.465,1.5,-6.565));
#4469=CARTESIAN_POINT('',(12.465,0.,-7.61500000000001));
#4470=CARTESIAN_POINT('',(12.465,3.,-7.615));
#4471=CARTESIAN_POINT('',(12.465,0.,-5.515));
#4472=CARTESIAN_POINT('Origin',(12.465,0.,-6.565));
#4473=CARTESIAN_POINT('',(12.465,0.,-5.515));
#4474=CARTESIAN_POINT('Origin',(-12.465,0.,-6.565));
#4475=CARTESIAN_POINT('',(-12.465,0.,-7.615));
#4476=CARTESIAN_POINT('',(-12.465,1.5,-7.61500000000001));
#4477=CARTESIAN_POINT('',(-12.465,3.,-7.615));
#4478=CARTESIAN_POINT('',(-12.465,1.5,-5.515));
#4479=CARTESIAN_POINT('Origin',(-12.465,1.5,-6.565));
#4480=CARTESIAN_POINT('',(-12.465,0.,-5.515));
#4481=CARTESIAN_POINT('',(-12.465,0.,-5.515));
#4482=CARTESIAN_POINT('Origin',(-12.465,0.,-6.565));
#4483=CARTESIAN_POINT('Origin',(12.465,3.,-22.665));
#4484=CARTESIAN_POINT('',(12.465,0.,22.615));
#4485=CARTESIAN_POINT('',(12.465,0.,11.3075));
#4486=CARTESIAN_POINT('',(12.465,1.5,22.615));
#4487=CARTESIAN_POINT('',(12.465,0.,22.615));
#4488=CARTESIAN_POINT('',(12.465,1.5,-7.615));
#4489=CARTESIAN_POINT('Origin',(-67.865,0.,20.615));
#4490=CARTESIAN_POINT('',(-67.865,3.,22.615));
#4491=CARTESIAN_POINT('',(-69.865,3.,20.615));
#4492=CARTESIAN_POINT('Origin',(-67.865,3.,20.615));
#4493=CARTESIAN_POINT('',(-69.865,0.,20.615));
#4494=CARTESIAN_POINT('',(-69.865,0.,20.615));
#4495=CARTESIAN_POINT('',(-67.865,0.,22.615));
#4496=CARTESIAN_POINT('Origin',(-67.865,0.,20.615));
#4497=CARTESIAN_POINT('',(-67.865,0.,22.615));
#4498=CARTESIAN_POINT('Origin',(-69.865,0.,22.615));
#4499=CARTESIAN_POINT('',(-12.465,0.,22.615));
#4500=CARTESIAN_POINT('',(-69.865,0.,22.615));
#4501=CARTESIAN_POINT('',(-12.465,1.5,22.615));
#4502=CARTESIAN_POINT('',(-12.465,0.,22.615));
#4503=CARTESIAN_POINT('',(-7.10000000000001,1.5,22.615));
#4504=CARTESIAN_POINT('',(-39.82375,1.5,22.615));
#4505=CARTESIAN_POINT('',(-7.1,3.,22.615));
#4506=CARTESIAN_POINT('',(-7.10000000000001,1.5,22.615));
#4507=CARTESIAN_POINT('',(-69.865,3.,22.615));
#4508=CARTESIAN_POINT('Origin',(4.44089209850063E-15,0.,0.));
#4509=CARTESIAN_POINT('',(10.5368828407646,0.,-7.61500000000001));
#4510=CARTESIAN_POINT('',(10.5368828407646,0.,-7.61500000000001));
#4511=CARTESIAN_POINT('',(-10.5368828407646,0.,-7.615));
#4512=CARTESIAN_POINT('Origin',(0.,0.,-12.665));
#4513=CARTESIAN_POINT('',(-12.465,0.,-7.615));
#4514=CARTESIAN_POINT('',(-12.465,0.,-3.80750000000001));
#4515=CARTESIAN_POINT('',(-69.865,0.,-20.615));
#4516=CARTESIAN_POINT('',(-69.865,0.,-22.615));
#4517=CARTESIAN_POINT('',(-67.865,0.,-22.615));
#4518=CARTESIAN_POINT('Origin',(-67.865,0.,-20.615));
#4519=CARTESIAN_POINT('',(-24.1867732448957,0.,-22.615));
#4520=CARTESIAN_POINT('',(69.865,0.,-22.615));
#4521=CARTESIAN_POINT('',(-22.3951604119404,0.,-23.7261111111111));
#4522=CARTESIAN_POINT('Origin',(-24.1867732448957,0.,-24.615));
#4523=CARTESIAN_POINT('',(22.3951604119404,0.,-23.7261111111111));
#4524=CARTESIAN_POINT('Origin',(0.,0.,-12.615));
#4525=CARTESIAN_POINT('',(24.1867732448957,0.,-22.615));
#4526=CARTESIAN_POINT('Origin',(24.1867732448957,0.,-24.615));
#4527=CARTESIAN_POINT('',(67.865,0.,-22.615));
#4528=CARTESIAN_POINT('',(69.865,0.,-22.615));
#4529=CARTESIAN_POINT('',(69.865,0.,-20.615));
#4530=CARTESIAN_POINT('Origin',(67.865,0.,-20.615));
#4531=CARTESIAN_POINT('',(69.865,0.,20.615));
#4532=CARTESIAN_POINT('',(69.865,0.,22.615));
#4533=CARTESIAN_POINT('',(67.865,0.,22.615));
#4534=CARTESIAN_POINT('Origin',(67.865,0.,20.615));
#4535=CARTESIAN_POINT('',(-69.865,0.,22.615));
#4536=CARTESIAN_POINT('',(62.065,0.,-15.));
#4537=CARTESIAN_POINT('Origin',(63.615,0.,-15.));
#4538=CARTESIAN_POINT('',(32.065,0.,15.));
#4539=CARTESIAN_POINT('Origin',(33.615,0.,15.));
#4540=CARTESIAN_POINT('',(-35.165,0.,-15.));
#4541=CARTESIAN_POINT('Origin',(-33.615,0.,-15.));
#4542=CARTESIAN_POINT('',(-65.165,0.,15.));
#4543=CARTESIAN_POINT('Origin',(-63.615,0.,15.));
#4544=CARTESIAN_POINT('',(-65.165,0.,-15.));
#4545=CARTESIAN_POINT('Origin',(-63.615,0.,-15.));
#4546=CARTESIAN_POINT('',(-35.165,0.,15.));
#4547=CARTESIAN_POINT('Origin',(-33.615,0.,15.));
#4548=CARTESIAN_POINT('',(32.065,0.,-15.));
#4549=CARTESIAN_POINT('Origin',(33.615,0.,-15.));
#4550=CARTESIAN_POINT('',(62.065,0.,15.));
#4551=CARTESIAN_POINT('Origin',(63.615,0.,15.));
#4552=CARTESIAN_POINT('',(38.615,0.,-8.00000000000001));
#4553=CARTESIAN_POINT('',(38.615,0.,7.99999999999999));
#4554=CARTESIAN_POINT('',(38.615,0.,5.));
#4555=CARTESIAN_POINT('',(40.615,0.,9.99999999999999));
#4556=CARTESIAN_POINT('Origin',(40.615,0.,7.99999999999999));
#4557=CARTESIAN_POINT('',(56.615,0.,9.99999999999999));
#4558=CARTESIAN_POINT('',(29.3075,0.,10.));
#4559=CARTESIAN_POINT('',(58.615,0.,7.99999999999999));
#4560=CARTESIAN_POINT('Origin',(56.615,0.,7.99999999999999));
#4561=CARTESIAN_POINT('',(58.615,0.,-8.00000000000001));
#4562=CARTESIAN_POINT('',(58.615,0.,-5.00000000000001));
#4563=CARTESIAN_POINT('',(56.615,0.,-10.));
#4564=CARTESIAN_POINT('Origin',(56.615,0.,-8.00000000000001));
#4565=CARTESIAN_POINT('',(40.615,0.,-10.));
#4566=CARTESIAN_POINT('',(19.3075,0.,-10.));
#4567=CARTESIAN_POINT('Origin',(40.615,0.,-8.00000000000001));
#4568=CARTESIAN_POINT('',(-58.615,0.,-8.));
#4569=CARTESIAN_POINT('',(-58.615,0.,8.));
#4570=CARTESIAN_POINT('',(-58.615,0.,5.));
#4571=CARTESIAN_POINT('',(-56.615,0.,10.));
#4572=CARTESIAN_POINT('Origin',(-56.615,0.,8.));
#4573=CARTESIAN_POINT('',(-40.615,0.,10.));
#4574=CARTESIAN_POINT('',(-19.3075,0.,10.));
#4575=CARTESIAN_POINT('',(-38.615,0.,8.));
#4576=CARTESIAN_POINT('Origin',(-40.615,0.,8.));
#4577=CARTESIAN_POINT('',(-38.615,0.,-8.));
#4578=CARTESIAN_POINT('',(-38.615,0.,-5.00000000000001));
#4579=CARTESIAN_POINT('',(-40.615,0.,-10.));
#4580=CARTESIAN_POINT('Origin',(-40.615,0.,-8.));
#4581=CARTESIAN_POINT('',(-56.615,0.,-10.));
#4582=CARTESIAN_POINT('',(-29.3075,0.,-10.));
#4583=CARTESIAN_POINT('Origin',(-56.615,0.,-8.));
#4584=CARTESIAN_POINT('Origin',(-67.865,0.,-20.615));
#4585=CARTESIAN_POINT('',(-69.865,3.,-20.615));
#4586=CARTESIAN_POINT('',(-67.865,3.,-22.615));
#4587=CARTESIAN_POINT('Origin',(-67.865,3.,-20.615));
#4588=CARTESIAN_POINT('',(-67.865,0.,-22.615));
#4589=CARTESIAN_POINT('',(-69.865,0.,-20.615));
#4590=CARTESIAN_POINT('Origin',(69.865,0.,-22.615));
#4591=CARTESIAN_POINT('',(-24.1867732448957,3.,-22.615));
#4592=CARTESIAN_POINT('',(69.865,3.,-22.615));
#4593=CARTESIAN_POINT('',(-24.1867732448957,3.,-22.615));
#4594=CARTESIAN_POINT('Origin',(0.,3.,0.));
#4595=CARTESIAN_POINT('',(-7.1,3.,-3.385));
#4596=CARTESIAN_POINT('',(-7.1,3.,11.3075));
#4597=CARTESIAN_POINT('',(7.1,3.,-3.38500000000001));
#4598=CARTESIAN_POINT('Origin',(0.,3.,-12.665));
#4599=CARTESIAN_POINT('',(7.1,3.,22.615));
#4600=CARTESIAN_POINT('',(7.1,3.,-1.6925));
#4601=CARTESIAN_POINT('',(67.865,3.,22.615));
#4602=CARTESIAN_POINT('',(-69.865,3.,22.615));
#4603=CARTESIAN_POINT('',(69.865,3.,20.615));
#4604=CARTESIAN_POINT('Origin',(67.865,3.,20.615));
#4605=CARTESIAN_POINT('',(69.865,3.,-20.615));
#4606=CARTESIAN_POINT('',(69.865,3.,22.615));
#4607=CARTESIAN_POINT('',(67.865,3.,-22.615));
#4608=CARTESIAN_POINT('Origin',(67.865,3.,-20.615));
#4609=CARTESIAN_POINT('',(24.1867732448957,3.,-22.615));
#4610=CARTESIAN_POINT('',(69.865,3.,-22.615));
#4611=CARTESIAN_POINT('',(22.3951604119404,3.,-23.7261111111111));
#4612=CARTESIAN_POINT('Origin',(24.1867732448957,3.,-24.615));
#4613=CARTESIAN_POINT('',(-22.3951604119404,3.,-23.7261111111111));
#4614=CARTESIAN_POINT('Origin',(0.,3.,-12.615));
#4615=CARTESIAN_POINT('Origin',(-24.1867732448957,3.,-24.615));
#4616=CARTESIAN_POINT('',(-69.865,3.,-22.615));
#4617=CARTESIAN_POINT('',(62.065,3.00000000000001,15.));
#4618=CARTESIAN_POINT('Origin',(63.615,3.00000000000001,15.));
#4619=CARTESIAN_POINT('',(32.065,3.00000000000001,-15.));
#4620=CARTESIAN_POINT('Origin',(33.615,3.00000000000001,-15.));
#4621=CARTESIAN_POINT('',(-35.165,3.00000000000001,15.));
#4622=CARTESIAN_POINT('Origin',(-33.615,3.00000000000001,15.));
#4623=CARTESIAN_POINT('',(-65.165,3.00000000000001,-15.));
#4624=CARTESIAN_POINT('Origin',(-63.615,3.00000000000001,-15.));
#4625=CARTESIAN_POINT('',(-65.165,3.00000000000001,15.));
#4626=CARTESIAN_POINT('Origin',(-63.615,3.00000000000001,15.));
#4627=CARTESIAN_POINT('',(-35.165,3.00000000000001,-15.));
#4628=CARTESIAN_POINT('Origin',(-33.615,3.00000000000001,-15.));
#4629=CARTESIAN_POINT('',(32.065,3.00000000000001,15.));
#4630=CARTESIAN_POINT('Origin',(33.615,3.00000000000001,15.));
#4631=CARTESIAN_POINT('',(62.065,3.00000000000001,-15.));
#4632=CARTESIAN_POINT('Origin',(63.615,3.00000000000001,-15.));
#4633=CARTESIAN_POINT('',(38.615,3.,7.99999999999999));
#4634=CARTESIAN_POINT('',(38.615,3.,-8.00000000000001));
#4635=CARTESIAN_POINT('',(38.615,3.,5.));
#4636=CARTESIAN_POINT('',(40.615,3.,-10.));
#4637=CARTESIAN_POINT('Origin',(40.615,3.,-8.00000000000001));
#4638=CARTESIAN_POINT('',(56.615,3.,-10.));
#4639=CARTESIAN_POINT('',(19.3075,3.,-10.));
#4640=CARTESIAN_POINT('',(58.615,3.,-8.00000000000001));
#4641=CARTESIAN_POINT('Origin',(56.615,3.,-8.00000000000001));
#4642=CARTESIAN_POINT('',(58.615,3.,7.99999999999999));
#4643=CARTESIAN_POINT('',(58.615,3.,-5.00000000000001));
#4644=CARTESIAN_POINT('',(56.615,3.,9.99999999999999));
#4645=CARTESIAN_POINT('Origin',(56.615,3.,7.99999999999999));
#4646=CARTESIAN_POINT('',(40.615,3.,9.99999999999999));
#4647=CARTESIAN_POINT('',(29.3075,3.,10.));
#4648=CARTESIAN_POINT('Origin',(40.615,3.,7.99999999999999));
#4649=CARTESIAN_POINT('',(-11.415,3.,16.615));
#4650=CARTESIAN_POINT('Origin',(-10.365,3.,16.615));
#4651=CARTESIAN_POINT('',(9.31500000000001,3.,-4.385));
#4652=CARTESIAN_POINT('Origin',(10.365,3.,-4.385));
#4653=CARTESIAN_POINT('',(-58.615,3.,8.));
#4654=CARTESIAN_POINT('',(-58.615,3.,-8.));
#4655=CARTESIAN_POINT('',(-58.615,3.,5.));
#4656=CARTESIAN_POINT('',(-56.615,3.,-10.));
#4657=CARTESIAN_POINT('Origin',(-56.615,3.,-8.));
#4658=CARTESIAN_POINT('',(-40.615,3.,-10.));
#4659=CARTESIAN_POINT('',(-29.3075,3.,-10.));
#4660=CARTESIAN_POINT('',(-38.615,3.,-8.));
#4661=CARTESIAN_POINT('Origin',(-40.615,3.,-8.));
#4662=CARTESIAN_POINT('',(-38.615,3.,8.));
#4663=CARTESIAN_POINT('',(-38.615,3.,-5.00000000000001));
#4664=CARTESIAN_POINT('',(-40.615,3.,10.));
#4665=CARTESIAN_POINT('Origin',(-40.615,3.,8.));
#4666=CARTESIAN_POINT('',(-56.615,3.,10.));
#4667=CARTESIAN_POINT('',(-19.3075,3.,10.));
#4668=CARTESIAN_POINT('Origin',(-56.615,3.,8.));
#4669=CARTESIAN_POINT('',(-11.415,3.,-4.385));
#4670=CARTESIAN_POINT('Origin',(-10.365,3.,-4.385));
#4671=CARTESIAN_POINT('',(9.31500000000001,3.,16.615));
#4672=CARTESIAN_POINT('Origin',(10.365,3.,16.615));
#4673=CARTESIAN_POINT('Origin',(67.865,0.,-20.615));
#4674=CARTESIAN_POINT('',(69.865,0.,-20.615));
#4675=CARTESIAN_POINT('',(67.865,0.,-22.615));
#4676=CARTESIAN_POINT('Origin',(69.865,0.,22.615));
#4677=CARTESIAN_POINT('',(69.865,0.,20.615));
#4678=CARTESIAN_POINT('Origin',(67.865,0.,20.615));
#4679=CARTESIAN_POINT('',(67.865,0.,22.615));
#4680=CARTESIAN_POINT('Origin',(-24.1867732448957,3.,-24.615));
#4681=CARTESIAN_POINT('',(-22.3951604119404,3.,-23.7261111111111));
#4682=CARTESIAN_POINT('Origin',(0.,3.,-12.615));
#4683=CARTESIAN_POINT('',(22.3951604119404,3.,-23.7261111111111));
#4684=CARTESIAN_POINT('Origin',(24.1867732448957,3.,-24.615));
#4685=CARTESIAN_POINT('',(24.1867732448957,3.,-22.615));
#4686=CARTESIAN_POINT('Origin',(56.615,3.,-8.00000000000001));
#4687=CARTESIAN_POINT('',(56.615,3.,-10.));
#4688=CARTESIAN_POINT('',(58.615,3.,-8.00000000000001));
#4689=CARTESIAN_POINT('Origin',(38.615,3.,-10.));
#4690=CARTESIAN_POINT('',(40.615,3.,-10.));
#4691=CARTESIAN_POINT('Origin',(56.615,3.,7.99999999999999));
#4692=CARTESIAN_POINT('',(58.615,3.,7.99999999999999));
#4693=CARTESIAN_POINT('',(56.615,3.,9.99999999999999));
#4694=CARTESIAN_POINT('Origin',(58.615,3.,-10.));
#4695=CARTESIAN_POINT('Origin',(40.615,3.,7.99999999999999));
#4696=CARTESIAN_POINT('',(40.615,3.,9.99999999999999));
#4697=CARTESIAN_POINT('',(38.615,3.,7.99999999999999));
#4698=CARTESIAN_POINT('Origin',(58.615,3.,9.99999999999999));
#4699=CARTESIAN_POINT('Origin',(40.615,3.,-8.00000000000001));
#4700=CARTESIAN_POINT('',(38.615,3.,-8.00000000000001));
#4701=CARTESIAN_POINT('Origin',(38.615,3.,10.));
#4702=CARTESIAN_POINT('Origin',(-40.615,3.,-8.));
#4703=CARTESIAN_POINT('',(-40.615,3.,-10.));
#4704=CARTESIAN_POINT('',(-38.615,3.,-8.));
#4705=CARTESIAN_POINT('Origin',(-58.615,3.,-10.));
#4706=CARTESIAN_POINT('',(-56.615,3.,-10.));
#4707=CARTESIAN_POINT('Origin',(-40.615,3.,8.));
#4708=CARTESIAN_POINT('',(-38.615,3.,8.));
#4709=CARTESIAN_POINT('',(-40.615,3.,10.));
#4710=CARTESIAN_POINT('Origin',(-38.615,3.,-10.));
#4711=CARTESIAN_POINT('Origin',(-56.615,3.,8.));
#4712=CARTESIAN_POINT('',(-56.615,3.,10.));
#4713=CARTESIAN_POINT('',(-58.615,3.,8.));
#4714=CARTESIAN_POINT('Origin',(-38.615,3.,10.));
#4715=CARTESIAN_POINT('Origin',(-56.615,3.,-8.));
#4716=CARTESIAN_POINT('',(-58.615,3.,-8.));
#4717=CARTESIAN_POINT('Origin',(-58.615,3.,10.));
#4718=CARTESIAN_POINT('Origin',(-10.5368828407646,3.,-7.615));
#4719=CARTESIAN_POINT('',(-10.5368828407646,1.5,-7.61500000000001));
#4720=CARTESIAN_POINT('',(-10.1596914203823,1.5,-7.615));
#4721=CARTESIAN_POINT('',(-10.5368828407646,3.,-7.615));
#4722=CARTESIAN_POINT('Origin',(12.465,3.,-7.61500000000001));
#4723=CARTESIAN_POINT('',(10.5368828407646,1.5,-7.615));
#4724=CARTESIAN_POINT('',(11.12375,1.5,-7.61500000000001));
#4725=CARTESIAN_POINT('',(10.5368828407646,3.,-7.61500000000001));
#4726=CARTESIAN_POINT('Origin',(-12.465,3.,-7.615));
#4727=CARTESIAN_POINT('',(-12.465,1.5,22.615));
#4728=CARTESIAN_POINT('Origin',(-9.7825,1.5,7.5));
#4729=CARTESIAN_POINT('',(-7.1,1.5,-3.385));
#4730=CARTESIAN_POINT('Origin',(0.,1.5,-12.665));
#4731=CARTESIAN_POINT('',(-7.1,1.5,15.0575));
#4732=CARTESIAN_POINT('',(-11.415,1.5,-4.385));
#4733=CARTESIAN_POINT('Origin',(-10.365,1.5,-4.385));
#4734=CARTESIAN_POINT('',(-11.415,1.5,16.615));
#4735=CARTESIAN_POINT('Origin',(-10.365,1.5,16.615));
#4736=CARTESIAN_POINT('Origin',(9.78250000000001,1.5,7.5));
#4737=CARTESIAN_POINT('',(7.1,1.5,22.615));
#4738=CARTESIAN_POINT('',(-30.04125,1.5,22.615));
#4739=CARTESIAN_POINT('',(7.1,1.5,-3.38500000000001));
#4740=CARTESIAN_POINT('',(7.1,1.5,2.0575));
#4741=CARTESIAN_POINT('Origin',(0.,1.5,-12.665));
#4742=CARTESIAN_POINT('',(9.31500000000001,1.5,-4.385));
#4743=CARTESIAN_POINT('Origin',(10.365,1.5,-4.385));
#4744=CARTESIAN_POINT('',(9.31500000000001,1.5,16.615));
#4745=CARTESIAN_POINT('Origin',(10.365,1.5,16.615));
#4746=CARTESIAN_POINT('Origin',(-7.1,3.,22.615));
#4747=CARTESIAN_POINT('',(-7.1,3.,-3.385));
#4748=CARTESIAN_POINT('Origin',(7.1,3.,-3.38500000000001));
#4749=CARTESIAN_POINT('',(7.09999999999999,1.5,22.615));
#4750=CARTESIAN_POINT('',(7.1,3.,-3.38500000000001));
#4751=CARTESIAN_POINT('Origin',(0.,3.,-12.665));
#4752=CARTESIAN_POINT('Origin',(10.365,3.,16.615));
#4753=CARTESIAN_POINT('',(9.31500000000001,3.,16.615));
#4754=CARTESIAN_POINT('Origin',(-10.365,3.,-4.385));
#4755=CARTESIAN_POINT('',(-11.415,3.,-4.385));
#4756=CARTESIAN_POINT('Origin',(10.365,3.,-4.385));
#4757=CARTESIAN_POINT('',(9.31500000000001,3.,-4.385));
#4758=CARTESIAN_POINT('Origin',(-10.365,3.,16.615));
#4759=CARTESIAN_POINT('',(-11.415,3.,16.615));
#4760=CARTESIAN_POINT('Origin',(-69.865,0.,22.615));
#4761=CARTESIAN_POINT('Origin',(63.615,-143.898692301872,15.));
#4762=CARTESIAN_POINT('',(62.065,-143.898692301872,15.));
#4763=CARTESIAN_POINT('Origin',(33.615,-143.898692301872,-15.));
#4764=CARTESIAN_POINT('',(32.065,-143.898692301872,-15.));
#4765=CARTESIAN_POINT('Origin',(-33.615,-143.898692301872,15.));
#4766=CARTESIAN_POINT('',(-35.165,-143.898692301872,15.));
#4767=CARTESIAN_POINT('Origin',(-63.615,-143.898692301872,-15.));
#4768=CARTESIAN_POINT('',(-65.165,-143.898692301872,-15.));
#4769=CARTESIAN_POINT('Origin',(-63.615,-143.898692301872,15.));
#4770=CARTESIAN_POINT('',(-65.165,-143.898692301872,15.));
#4771=CARTESIAN_POINT('Origin',(-33.615,-143.898692301872,-15.));
#4772=CARTESIAN_POINT('',(-35.165,-143.898692301872,-15.));
#4773=CARTESIAN_POINT('Origin',(33.615,-143.898692301872,15.));
#4774=CARTESIAN_POINT('',(32.065,-143.898692301872,15.));
#4775=CARTESIAN_POINT('Origin',(63.615,-143.898692301872,-15.));
#4776=CARTESIAN_POINT('',(62.065,-143.898692301872,-15.));
#4777=CARTESIAN_POINT('Origin',(-69.865,0.,-22.615));
#4778=CARTESIAN_POINT('Origin',(69.865,0.,-22.615));
#4779=CARTESIAN_POINT('',(0.,0.,0.));
#4780=CARTESIAN_POINT('Origin',(0.,-25.4429253066558,0.));
#4781=CARTESIAN_POINT('',(-3.25,3.,3.9801020972289E-16));
#4782=CARTESIAN_POINT('Origin',(0.,3.,0.));
#4783=CARTESIAN_POINT('',(-3.25,0.,3.9801020972289E-16));
#4784=CARTESIAN_POINT('',(-3.25,-25.4429253066558,3.9801020972289E-16));
#4785=CARTESIAN_POINT('Origin',(0.,0.,0.));
#4786=CARTESIAN_POINT('Origin',(7.,-25.4429253066558,8.57252759403147E-16));
#4787=CARTESIAN_POINT('',(5.45,3.,1.04707301327099E-15));
#4788=CARTESIAN_POINT('Origin',(7.,3.,8.57252759403147E-16));
#4789=CARTESIAN_POINT('',(5.45,0.,1.04707301327099E-15));
#4790=CARTESIAN_POINT('',(5.45,-25.4429253066558,1.04707301327099E-15));
#4791=CARTESIAN_POINT('Origin',(7.,0.,8.57252759403147E-16));
#4792=CARTESIAN_POINT('Origin',(-7.,-25.4429253066558,0.));
#4793=CARTESIAN_POINT('',(-8.55,3.,1.8982025386784E-16));
#4794=CARTESIAN_POINT('Origin',(-7.,3.,0.));
#4795=CARTESIAN_POINT('',(-8.55,0.,1.8982025386784E-16));
#4796=CARTESIAN_POINT('',(-8.55,-25.4429253066558,1.8982025386784E-16));
#4797=CARTESIAN_POINT('Origin',(-7.,0.,0.));
#4798=CARTESIAN_POINT('Origin',(-4.28626379701574E-16,-25.4429253066558,
7.));
#4799=CARTESIAN_POINT('',(-1.55,3.,7.));
#4800=CARTESIAN_POINT('Origin',(-4.28626379701574E-16,3.,7.));
#4801=CARTESIAN_POINT('',(-1.55,0.,7.));
#4802=CARTESIAN_POINT('',(-1.55,-25.4429253066558,7.));
#4803=CARTESIAN_POINT('Origin',(-4.28626379701574E-16,0.,7.));
#4804=CARTESIAN_POINT('Origin',(1.28587913910472E-15,-25.4429253066558,
-7.));
#4805=CARTESIAN_POINT('',(-1.55,3.,-7.));
#4806=CARTESIAN_POINT('Origin',(1.28587913910472E-15,3.,-7.));
#4807=CARTESIAN_POINT('',(-1.55,0.,-7.));
#4808=CARTESIAN_POINT('',(-1.55,-25.4429253066558,-7.));
#4809=CARTESIAN_POINT('Origin',(1.28587913910472E-15,0.,-7.));
#4810=CARTESIAN_POINT('Origin',(0.,0.,0.));
#4811=CARTESIAN_POINT('',(10.,3.,-1.22464679914735E-15));
#4812=CARTESIAN_POINT('Origin',(0.,3.,0.));
#4813=CARTESIAN_POINT('',(10.,0.,-1.22464679914735E-15));
#4814=CARTESIAN_POINT('',(10.,0.,-1.22464679914735E-15));
#4815=CARTESIAN_POINT('Origin',(0.,0.,0.));
#4816=CARTESIAN_POINT('Origin',(0.,3.,0.));
#4817=CARTESIAN_POINT('Origin',(0.,0.,0.));
#4818=CARTESIAN_POINT('',(0.,0.,0.));
#4819=CARTESIAN_POINT('',(96.965,3.,-8.88178419700128E-15));
#4820=CARTESIAN_POINT('',(29.7993288515025,-1.11022302462516E-15,-34.7149999999999));
#4821=CARTESIAN_POINT('',(0.,0.,0.));
#4822=CARTESIAN_POINT('',(0.,0.,22.1));
#4823=CARTESIAN_POINT('',(22.1,0.,0.));
#4824=CARTESIAN_POINT('',(22.1,0.,22.1));
#4825=CARTESIAN_POINT('',(44.2,0.,0.));
#4826=CARTESIAN_POINT('',(44.2,0.,22.1));
#4827=CARTESIAN_POINT('',(66.3,0.,0.));
#4828=CARTESIAN_POINT('',(66.3,0.,22.1));
#4829=CARTESIAN_POINT('',(88.4,0.,0.));
#4830=CARTESIAN_POINT('',(88.4,0.,22.1));
#4831=CARTESIAN_POINT('',(157.83,6.5342959756385E-14,14.));
#4832=CARTESIAN_POINT('',(2.72500576238328E-15,1.38777878078145E-15,44.2));
#4833=CARTESIAN_POINT('',(14.9999999999999,8.67307527879778E-15,-34.7149999999999));
#4834=UNCERTAINTY_MEASURE_WITH_UNIT(LENGTH_MEASURE(0.01),#4856,
'DISTANCE_ACCURACY_VALUE',
'Maximum model space distance between geometric entities at asserted c
onnectivities');
#4835=UNCERTAINTY_MEASURE_WITH_UNIT(LENGTH_MEASURE(0.01),#4856,
'DISTANCE_ACCURACY_VALUE',
'Maximum model space distance between geometric entities at asserted c
onnectivities');
#4836=UNCERTAINTY_MEASURE_WITH_UNIT(LENGTH_MEASURE(0.01),#4856,
'DISTANCE_ACCURACY_VALUE',
'Maximum model space distance between geometric entities at asserted c
onnectivities');
#4837=UNCERTAINTY_MEASURE_WITH_UNIT(LENGTH_MEASURE(0.01),#4856,
'DISTANCE_ACCURACY_VALUE',
'Maximum model space distance between geometric entities at asserted c
onnectivities');
#4838=UNCERTAINTY_MEASURE_WITH_UNIT(LENGTH_MEASURE(0.01),#4856,
'DISTANCE_ACCURACY_VALUE',
'Maximum model space distance between geometric entities at asserted c
onnectivities');
#4839=UNCERTAINTY_MEASURE_WITH_UNIT(LENGTH_MEASURE(0.01),#4856,
'DISTANCE_ACCURACY_VALUE',
'Maximum model space distance between geometric entities at asserted c
onnectivities');
#4840=UNCERTAINTY_MEASURE_WITH_UNIT(LENGTH_MEASURE(0.01),#4856,
'DISTANCE_ACCURACY_VALUE',
'Maximum model space distance between geometric entities at asserted c
onnectivities');
#4841=UNCERTAINTY_MEASURE_WITH_UNIT(LENGTH_MEASURE(0.01),#4856,
'DISTANCE_ACCURACY_VALUE',
'Maximum model space distance between geometric entities at asserted c
onnectivities');
#4842=UNCERTAINTY_MEASURE_WITH_UNIT(LENGTH_MEASURE(0.01),#4856,
'DISTANCE_ACCURACY_VALUE',
'Maximum model space distance between geometric entities at asserted c
onnectivities');
#4843=UNCERTAINTY_MEASURE_WITH_UNIT(LENGTH_MEASURE(0.01),#4856,
'DISTANCE_ACCURACY_VALUE',
'Maximum model space distance between geometric entities at asserted c
onnectivities');
#4844=UNCERTAINTY_MEASURE_WITH_UNIT(LENGTH_MEASURE(0.01),#4856,
'DISTANCE_ACCURACY_VALUE',
'Maximum model space distance between geometric entities at asserted c
onnectivities');
#4845=(
GEOMETRIC_REPRESENTATION_CONTEXT(3)
GLOBAL_UNCERTAINTY_ASSIGNED_CONTEXT((#4834))
GLOBAL_UNIT_ASSIGNED_CONTEXT((#4856,#4858,#4859))
REPRESENTATION_CONTEXT('','3D')
);
#4846=(
GEOMETRIC_REPRESENTATION_CONTEXT(3)
GLOBAL_UNCERTAINTY_ASSIGNED_CONTEXT((#4835))
GLOBAL_UNIT_ASSIGNED_CONTEXT((#4856,#4858,#4859))
REPRESENTATION_CONTEXT('','3D')
);
#4847=(
GEOMETRIC_REPRESENTATION_CONTEXT(3)
GLOBAL_UNCERTAINTY_ASSIGNED_CONTEXT((#4836))
GLOBAL_UNIT_ASSIGNED_CONTEXT((#4856,#4858,#4859))
REPRESENTATION_CONTEXT('','3D')
);
#4848=(
GEOMETRIC_REPRESENTATION_CONTEXT(3)
GLOBAL_UNCERTAINTY_ASSIGNED_CONTEXT((#4837))
GLOBAL_UNIT_ASSIGNED_CONTEXT((#4856,#4858,#4859))
REPRESENTATION_CONTEXT('','3D')
);
#4849=(
GEOMETRIC_REPRESENTATION_CONTEXT(3)
GLOBAL_UNCERTAINTY_ASSIGNED_CONTEXT((#4838))
GLOBAL_UNIT_ASSIGNED_CONTEXT((#4856,#4858,#4859))
REPRESENTATION_CONTEXT('','3D')
);
#4850=(
GEOMETRIC_REPRESENTATION_CONTEXT(3)
GLOBAL_UNCERTAINTY_ASSIGNED_CONTEXT((#4839))
GLOBAL_UNIT_ASSIGNED_CONTEXT((#4856,#4858,#4859))
REPRESENTATION_CONTEXT('','3D')
);
#4851=(
GEOMETRIC_REPRESENTATION_CONTEXT(3)
GLOBAL_UNCERTAINTY_ASSIGNED_CONTEXT((#4840))
GLOBAL_UNIT_ASSIGNED_CONTEXT((#4856,#4858,#4859))
REPRESENTATION_CONTEXT('','3D')
);
#4852=(
GEOMETRIC_REPRESENTATION_CONTEXT(3)
GLOBAL_UNCERTAINTY_ASSIGNED_CONTEXT((#4841))
GLOBAL_UNIT_ASSIGNED_CONTEXT((#4856,#4858,#4859))
REPRESENTATION_CONTEXT('','3D')
);
#4853=(
GEOMETRIC_REPRESENTATION_CONTEXT(3)
GLOBAL_UNCERTAINTY_ASSIGNED_CONTEXT((#4842))
GLOBAL_UNIT_ASSIGNED_CONTEXT((#4856,#4858,#4859))
REPRESENTATION_CONTEXT('','3D')
);
#4854=(
GEOMETRIC_REPRESENTATION_CONTEXT(3)
GLOBAL_UNCERTAINTY_ASSIGNED_CONTEXT((#4843))
GLOBAL_UNIT_ASSIGNED_CONTEXT((#4856,#4858,#4859))
REPRESENTATION_CONTEXT('','3D')
);
#4855=(
GEOMETRIC_REPRESENTATION_CONTEXT(3)
GLOBAL_UNCERTAINTY_ASSIGNED_CONTEXT((#4844))
GLOBAL_UNIT_ASSIGNED_CONTEXT((#4856,#4858,#4859))
REPRESENTATION_CONTEXT('','3D')
);
#4856=(
LENGTH_UNIT()
NAMED_UNIT(*)
SI_UNIT(.MILLI.,.METRE.)
);
#4857=(
LENGTH_UNIT()
NAMED_UNIT(*)
SI_UNIT(.CENTI.,.METRE.)
);
#4858=(
NAMED_UNIT(*)
PLANE_ANGLE_UNIT()
SI_UNIT($,.RADIAN.)
);
#4859=(
NAMED_UNIT(*)
SI_UNIT($,.STERADIAN.)
SOLID_ANGLE_UNIT()
);
#4860=SHAPE_DEFINITION_REPRESENTATION(#4870,#4910);
#4861=SHAPE_DEFINITION_REPRESENTATION(#4871,#4911);
#4862=SHAPE_DEFINITION_REPRESENTATION(#4872,#4912);
#4863=SHAPE_DEFINITION_REPRESENTATION(#4873,#4913);
#4864=SHAPE_DEFINITION_REPRESENTATION(#4876,#4914);
#4865=SHAPE_DEFINITION_REPRESENTATION(#4877,#4915);
#4866=SHAPE_DEFINITION_REPRESENTATION(#4890,#4916);
#4867=SHAPE_DEFINITION_REPRESENTATION(#4891,#4917);
#4868=SHAPE_DEFINITION_REPRESENTATION(#4892,#4918);
#4869=SHAPE_DEFINITION_REPRESENTATION(#4893,#4919);
#4870=PRODUCT_DEFINITION_SHAPE('',$,#4921);
#4871=PRODUCT_DEFINITION_SHAPE('',$,#4922);
#4872=PRODUCT_DEFINITION_SHAPE('',$,#4923);
#4873=PRODUCT_DEFINITION_SHAPE('',$,#4924);
#4874=PRODUCT_DEFINITION_SHAPE($,$,#101);
#4875=PRODUCT_DEFINITION_SHAPE($,$,#102);
#4876=PRODUCT_DEFINITION_SHAPE('',$,#4925);
#4877=PRODUCT_DEFINITION_SHAPE('',$,#4926);
#4878=PRODUCT_DEFINITION_SHAPE($,$,#103);
#4879=PRODUCT_DEFINITION_SHAPE($,$,#104);
#4880=PRODUCT_DEFINITION_SHAPE($,$,#105);
#4881=PRODUCT_DEFINITION_SHAPE($,$,#106);
#4882=PRODUCT_DEFINITION_SHAPE($,$,#107);
#4883=PRODUCT_DEFINITION_SHAPE($,$,#108);
#4884=PRODUCT_DEFINITION_SHAPE($,$,#109);
#4885=PRODUCT_DEFINITION_SHAPE($,$,#110);
#4886=PRODUCT_DEFINITION_SHAPE($,$,#111);
#4887=PRODUCT_DEFINITION_SHAPE($,$,#112);
#4888=PRODUCT_DEFINITION_SHAPE($,$,#113);
#4889=PRODUCT_DEFINITION_SHAPE($,$,#114);
#4890=PRODUCT_DEFINITION_SHAPE('',$,#4927);
#4891=PRODUCT_DEFINITION_SHAPE('',$,#4928);
#4892=PRODUCT_DEFINITION_SHAPE('',$,#4929);
#4893=PRODUCT_DEFINITION_SHAPE('',$,#4930);
#4894=PRODUCT_DEFINITION_SHAPE($,$,#115);
#4895=PRODUCT_DEFINITION_SHAPE($,$,#116);
#4896=PRODUCT_DEFINITION_SHAPE($,$,#117);
#4897=PRODUCT_DEFINITION_SHAPE($,$,#118);
#4898=PRODUCT_DEFINITION_SHAPE($,$,#119);
#4899=PRODUCT_DEFINITION_SHAPE($,$,#120);
#4900=PRODUCT_DEFINITION_SHAPE($,$,#121);
#4901=PRODUCT_DEFINITION_SHAPE($,$,#122);
#4902=PRODUCT_DEFINITION_SHAPE($,$,#123);
#4903=PRODUCT_DEFINITION_SHAPE($,$,#124);
#4904=PRODUCT_DEFINITION_SHAPE($,$,#125);
#4905=PRODUCT_DEFINITION_SHAPE($,$,#126);
#4906=PRODUCT_DEFINITION_SHAPE($,$,#127);
#4907=PRODUCT_DEFINITION_SHAPE($,$,#128);
#4908=PRODUCT_DEFINITION_SHAPE($,$,#129);
#4909=PRODUCT_DEFINITION_SHAPE($,$,#130);
#4910=SHAPE_REPRESENTATION('',(#2868,#3195,#3196,#3197,#3198,#3199,#3200,
#3201,#3202,#3203,#3204,#3205,#3206,#3207),#4845);
#4911=SHAPE_REPRESENTATION('',(#2869),#4846);
#4912=SHAPE_REPRESENTATION('',(#2890,#2947,#2948),#4847);
#4913=SHAPE_REPRESENTATION('',(#2891),#4848);
#4914=SHAPE_REPRESENTATION('',(#2949,#2971,#2972,#2973,#2974,#2975,#2976,
#2977,#2978,#2979,#2980,#2981,#2982),#4849);
#4915=SHAPE_REPRESENTATION('',(#2950),#4850);
#4916=SHAPE_REPRESENTATION('',(#2983,#3192,#3193,#3194),#4851);
#4917=SHAPE_REPRESENTATION('',(#2984),#4852);
#4918=SHAPE_REPRESENTATION('',(#3039),#4853);
#4919=SHAPE_REPRESENTATION('',(#3171),#4854);
#4920=PRODUCT_DEFINITION_CONTEXT('part definition',#4952,'design');
#4921=PRODUCT_DEFINITION('Arm_t3_CAM','Arm_t3_CAM',#4931,#4920);
#4922=PRODUCT_DEFINITION('servo_horn_spacer','servo_horn_spacer',#4932,
#4920);
#4923=PRODUCT_DEFINITION('Leg_t3_CAM','Leg_t2.8_CAM',#4933,#4920);
#4924=PRODUCT_DEFINITION('hip_joint_yaw_spacer_2',
'hip_joint_yaw_spacer_2',#4934,#4920);
#4925=PRODUCT_DEFINITION('Leg_t3_CAM_1','Leg_t3_CAM',#4935,#4920);
#4926=PRODUCT_DEFINITION('servo_horn_spacer_1','servo_horn_spacer',#4936,
#4920);
#4927=PRODUCT_DEFINITION('Waist_t3_CAM','Waist_t3_CAM',#4937,#4920);
#4928=PRODUCT_DEFINITION('waist_2','waist_2',#4938,#4920);
#4929=PRODUCT_DEFINITION('waist','waist',#4939,#4920);
#4930=PRODUCT_DEFINITION('servo_horn_spacer_2','servo_horn_spacer',#4940,
#4920);
#4931=PRODUCT_DEFINITION_FORMATION('',$,#4954);
#4932=PRODUCT_DEFINITION_FORMATION('',$,#4955);
#4933=PRODUCT_DEFINITION_FORMATION('',$,#4956);
#4934=PRODUCT_DEFINITION_FORMATION('',$,#4957);
#4935=PRODUCT_DEFINITION_FORMATION('',$,#4958);
#4936=PRODUCT_DEFINITION_FORMATION('',$,#4959);
#4937=PRODUCT_DEFINITION_FORMATION('',$,#4960);
#4938=PRODUCT_DEFINITION_FORMATION('',$,#4961);
#4939=PRODUCT_DEFINITION_FORMATION('',$,#4962);
#4940=PRODUCT_DEFINITION_FORMATION('',$,#4963);
#4941=PRODUCT_RELATED_PRODUCT_CATEGORY('Arm_t3_CAM','Arm_t3_CAM',(#4954));
#4942=PRODUCT_RELATED_PRODUCT_CATEGORY('servo_horn_spacer',
'servo_horn_spacer',(#4955));
#4943=PRODUCT_RELATED_PRODUCT_CATEGORY('Leg_t2.8_CAM','Leg_t2.8_CAM',(#4956));
#4944=PRODUCT_RELATED_PRODUCT_CATEGORY('hip_joint_yaw_spacer_2',
'hip_joint_yaw_spacer_2',(#4957));
#4945=PRODUCT_RELATED_PRODUCT_CATEGORY('Leg_t3_CAM','Leg_t3_CAM',(#4958));
#4946=PRODUCT_RELATED_PRODUCT_CATEGORY('servo_horn_spacer',
'servo_horn_spacer',(#4959));
#4947=PRODUCT_RELATED_PRODUCT_CATEGORY('Waist_t3_CAM','Waist_t3_CAM',(#4960));
#4948=PRODUCT_RELATED_PRODUCT_CATEGORY('waist_2','waist_2',(#4961));
#4949=PRODUCT_RELATED_PRODUCT_CATEGORY('waist','waist',(#4962));
#4950=PRODUCT_RELATED_PRODUCT_CATEGORY('servo_horn_spacer',
'servo_horn_spacer',(#4963));
#4951=APPLICATION_PROTOCOL_DEFINITION('international standard',
'automotive_design',2009,#4952);
#4952=APPLICATION_CONTEXT(
'Core Data for Automotive Mechanical Design Process');
#4953=PRODUCT_CONTEXT('part definition',#4952,'mechanical');
#4954=PRODUCT('Arm_t3_CAM','Arm_t3_CAM',$,(#4953));
#4955=PRODUCT('servo_horn_spacer','servo_horn_spacer',$,(#4953));
#4956=PRODUCT('Leg_t3_CAM','Leg_t2.8_CAM',$,(#4953));
#4957=PRODUCT('hip_joint_yaw_spacer_2','hip_joint_yaw_spacer_2',$,(#4953));
#4958=PRODUCT('Leg_t3_CAM_1','Leg_t3_CAM',$,(#4953));
#4959=PRODUCT('servo_horn_spacer_1','servo_horn_spacer',$,(#4953));
#4960=PRODUCT('Waist_t3_CAM','Waist_t3_CAM',$,(#4953));
#4961=PRODUCT('waist_2','waist_2',$,(#4953));
#4962=PRODUCT('waist','waist',$,(#4953));
#4963=PRODUCT('servo_horn_spacer_2','servo_horn_spacer',$,(#4953));
ENDSEC;
END-ISO-10303-21;
